# -*- coding: utf-8 -*-


from stage.external.Qt import QtCore, QtGui, QtWidgets

qt_resource_data = b"\
\x00\x00\x04d\
\x89\
PNG\x0d\x0a\x1a\x0a\x00\x00\x00\x0dIHDR\x00\
\x00\x009\x00\x00\x008\x08\x03\x00\x00\x00p\x9a\xa0\x12\
\x00\x00\x00\x04gAMA\x00\x00\xb1\x8f\x0b\xfca\x05\
\x00\x00\x00 cHRM\x00\x00z&\x00\x00\x80\x84\
\x00\x00\xfa\x00\x00\x00\x80\xe8\x00\x00u0\x00\x00\xea`\
\x00\x00:\x98\x00\x00\x17p\x9c\xbaQ<\x00\x00\x01h\
PLTE\x00\x00\x00\x00\xff\xff\x00\xb4\xff\x00\xb6\xff\
\x00\xb4\xfa\x00\xb4\xfb\x00\xb5\xfc\x00\xb7\xff\x00\xb5\xfb\x00\
\xb4\xfa\x00\xb8\xff\x00\xb4\xfb\x00\xb5\xfb\x00\xb5\xff\x00\xbf\
\xff\x00\xb6\xfc\x00\xb6\xff\x00\xb9\xff\x00\xb5\xfb\x00\xb4\xfb\
\x00\xb4\xfb\x00\xb5\xfb\x00\xb6\xfb\x00\xb5\xff\x00\xb5\xfa\x00\
\xb4\xfb\x00\xb5\xfb\x00\xbf\xff\x00\xb4\xfb\x00\xb5\xfb\x00\xb5\
\xfb\x00\xb8\xfb\x00\xb5\xfb\x00\xb9\xff\x00\xb6\xff\x00\xb4\xfb\
\x00\xb6\xfb\x00\xb8\xff\x00\xbd\xff\x00\xb4\xfb\x00\xb4\xfa\x00\
\xb8\xff\x00\xb4\xfa\x00\xb5\xfb\x00\xb5\xfb\x00\xb4\xfb\x00\xb7\
\xfb\x00\xb5\xfb\x00\xb6\xfc\x00\xb4\xfc\x00\xb6\xfc\x00\xb7\xfc\
\x00\xb5\xfb\x00\xb5\xfb\x00\xb4\xfa\x00\xb6\xfc\x00\xb9\xff\x00\
\xb4\xfa\x00\xb5\xfa\x00\xb5\xfb\x00\xb5\xfb\x00\xbf\xff\x00\xb4\
\xfb\x00\xb6\xfb\x00\xff\xff\x00\xb7\xfc\x00\xb5\xfb\x00\xc4\xff\
\x00\xb5\xfa\x00\xb4\xfb\x00\xb5\xfc\x00\xb5\xfb\x00\xbb\xff\x00\
\xb5\xfa\x00\xb4\xfb\x00\xb5\xfa\x00\xb4\xfb\x00\xb4\xfb\x00\xb4\
\xfb\x00\xb5\xfb\x00\xb5\xfa\x00\xbc\xff\x00\xb5\xfa\x00\xb5\xfa\
\x00\xb6\xff\x00\xb4\xfa\x00\xb4\xfa\x00\xbc\xff\x00\xbf\xff\x00\
\xb5\xfb\x00\xb7\xfc\x00\xff\xff\x00\xcc\xff\x00\xb5\xfc\x00\xb4\
\xfb\x00\xb7\xff\x00\xb4\xfb\x00\xb5\xfa\x00\xb6\xff\x00\xb5\xfc\
\x00\xd5\xff\x00\xb5\xfb\x00\xb5\xfb\x00\xb5\xff\x00\xcc\xff\x00\
\xb5\xfb\x00\xb4\xfb\x00\xb5\xfa\x00\xb5\xfb\x00\xb5\xfc\x00\xb4\
\xfa\x00\xb4\xfb\x00\xb6\xfb\x00\xb5\xfb\x00\xb5\xfa\x00\xb6\xfc\
\x00\xb5\xfb\x00\xb4\xff\x00\xb4\xfa\xff\xff\xff\xb8\x88K\xcf\
\x00\x00\x00vtRNS\x00\x02\x11*\xdd\xf9V'\
\xe7\x9a$\xe5\xf1-\x08P#!\xe3\xf3:\x86?\x1f\
\xe0\xf5>\x04\xb5\xfe\xe9=\x90\x1d\x1c\xf6B+\x1b\xe8\
\xcc2\xdb\xf7E\xfd<\xfaIcMJ\xbd\xb23e\
\x0bmh\x7f\xc4\x0c\xaav\x01_\xc8\x0d\xa2\x82Z\xcb\
\x0fn\xfc\xce\xb8\xf2\x8c\xfb\xd1\x13\xdc\xd5\x15\xde\xd0\x17\
\x10\x83X\x03\x0a\x94\xbf.\xbc\x9c\x07S\x06\xb4x\x18\
\x05\xb0~\xa3\xac\x97\xa7\x88s\x8d\xa5\x92y)\x97$\
\xa42\x00\x00\x00\x01bKGDwFd\xf9\xd7\x00\
\x00\x00\x09pHYs\x00\x00\x0b\x13\x00\x00\x0b\x13\x01\
\x00\x9a\x9c\x18\x00\x00\x00\x07tIME\x07\xe2\x05\x0b\
\x0a3\x0cx\xf3\xb4\x95\x00\x00\x01bIDATH\
\xc7\xed\x95GS\x02A\x10\x85\x07d\xc1\x08\x060\xb0\
`\xce\x091b\xce\x8a\x22\xe6\x04\x889`\xce\xef\xf7\
\xdb,\xac\x07\xf4\xb0\xd37\x85w\xe9\xaa\xd7\xf5Uo\
M\xcf\x9b\x15\x22\xa7\xbf!\x93\x99\x09\xe6Y\x14+\x0b\
\xb4\xe5\x03\x05\x1c\xb0\xb0\x08(.\x91\x00\xec\x8eR\xad\
\x96\x95\x03\x15N\x99Q.(\x95T\xaa\xaa\x81\x1aw\
\xcaR=^\xfcTm]\x06YO^\x83h\xb4\x00\
M\xcdi\xab\x05\xbf*\xf3\x0cZ\xdb\x80\xf6\x8eN\xa0\
\xab[\xb7TO\x8f\x91\x99\xa2\xd7\xa75\x94>\xf9C\
\xf5''\xf8\xfa9\xfb\x18\x18\xb4\x0c\x0ds\xc0\xec\x93\
s$\xc0\x03G\x01\x17\x0b\x1c\xa3\xb5\x8es@?]\
\xf3\x89I\x09\xc065=\x93\xac\xb3t\x93\xe6\xe6e\
F-\x00\x8bT\x96\x08\x5c\x0e\xa6,\x83)[\x01\xbc\
\x0ea]\x05B\xfa\xfbe0e\xa65 \xbc\xbe\x01\
ln\xe9\x96\xd1\x94\x99\xb7\xb5\xc6\xce\xae\xfc\xa1\xda\xf6\
\x08\xdc?\xe0\xec\xe3\xd0\x1f\x89\xc68`\xd6\xe9(~\
|\xc2\x02\xed\xa7\xc0\x19\x07<\xa7\xcb\x84\x0b\x19\x22`\
\xd2\xca\xe5\x15\x81\xd72`T\x09\xddPI\xdc\x12x\
'\xf5\x91\xf7\x94\xe7\x84P\x1f\x08\x8c\xa4-\x83)s\
S\xbe\x1ecO\xd4z\xd6-\x83)\x13/d\xd2_\
\x17\xaf\xdf\x8e\xd1\x94\x897\xad\xf1\xceX\x87\x1a\xf7!\
\xfc\xc1\x00I\xc1O\x997/\xa7\xff\xa5/\xa4\x19\x9f\
\xb9\xf8\x89\x86\xf3\x00\x00\x00%tEXtdat\
e:create\x002018-05\
-11T14:51:12-04:\
00\x15S\x87\xc6\x00\x00\x00%tEXtda\
te:modify\x002018-0\
5-11T14:51:12-04\
:00d\x0e?z\x00\x00\x00\x00IEND\xae\
B`\x82\
\x00\x00$\x15\
\x89\
PNG\x0d\x0a\x1a\x0a\x00\x00\x00\x0dIHDR\x00\
\x00\x01\x00\x00\x00\x01\x00\x08\x04\x00\x00\x00\xf6{`\xed\
\x00\x00\x00\x04gAMA\x00\x00\xb1\x8f\x0b\xfca\x05\
\x00\x00\x00 cHRM\x00\x00z&\x00\x00\x80\x84\
\x00\x00\xfa\x00\x00\x00\x80\xe8\x00\x00u0\x00\x00\xea`\
\x00\x00:\x98\x00\x00\x17p\x9c\xbaQ<\x00\x00\x00\x02\
bKGD\x00\xff\x87\x8f\xcc\xbf\x00\x00\x00\x09pH\
Ys\x00\x00\x0b\x13\x00\x00\x0b\x13\x01\x00\x9a\x9c\x18\x00\
\x00#\x1bIDATx\xda\xed\x9dw@\x14G\xdf\
\xc7\xbf\xc3\xc1\xc1\x01\xa2\xd2\x14QQ\x04\xbb\xa0\xa8Q\
cM\xd4\xd8b\x03\x93\x18{\xf4\x8d1\xb1\xa4X\xd2\
\x9e\xc7\xf8D\xa3\xc4\x12\xa3\xf1\xb1$\xb1Fc\xd7\xd8\
b\xac\x89]\xb1!\xf6\x02\x026D\x10\xa5\x0a\x1c7\
\xef\x1f>\xcfc\xbc\xd9\xbd\xdb\xbd\xdb\xbd\xdd\xc3\xfd\xf0\
\x17\xbf\x9d\x99\x9d\xdd\xf9\xde\xec\x94\xdf\xcc\x00\x1a\x1a\x1a\
\x1a\x1a\x1a\x1a\x1a\x1a\x1a\x1a\x1a\x1a\x1a\x1a\x1a\x1a\x1a\x1a\
\x1a\x1a\x1a\x1a\xa5\x19\xa2t\x06\x1c\x055 \x10\xbe\xf0\
\x83/|Q\x1e\xee\xd0\xff\xe7\x8f\xa0\x08\x85(B\x11\
\x0a\xf1\x08\x0f\x91\x89\x87x\x88t\x92\xaft\x8e\x1dC\
)\x16\x00\x0dF=\xd4F\x08B\x10\x82\xaa\x08\x14\x19\
=\x03)HE\x0aRp\x05\x17\xc9-\xa5\x9fF.\
J\x99\x00\xa8+\x22\xd0\x1c\x91\xa8\x87z('a\xc2\
\xd9\xb8\x88\x8b8\x87\x13\x88'\xc5J?\xa5\x94\x94\x12\
\x01P_\xb4Cs4G\x13\x18d\xbe\xd5\x13\x9c\xc1\
q\x1c\xc7_\xe4\x81\xd2O-\x05N.\x00\xaaGK\
tDGD\xc1\xc5\xd1\xb7F<\xf6`\x0f\x0e\x93'\
J\xbf\x05{pZ\x01\xd0\xf2\xe8\x81\x18\xb4\x87\xa7\xc2\
\x19y\x82\xfd\xd8\x84-$C\xe97b\x1bN(\x00\
Z\x01\xbd\x10\x83W\xe0\xaatN\xfeF\x09\x0eb#\
6\x93\xbbJg\xa4TC\xf54\x86n\xa7F\xaaV\
J\xe8.\xda\x97z(\xfd\x9e\xc4\xe045\x00\x8d\xc2\
\x10\xf4\x83\x9f\xd2\xf9\x10\xc0#\xac\xc1R\x12\xa7t6\
\x84\xe1\x04\x02\xa0\xae\xe8\x83\x0f\xd1\xdc\xded\x0a\xb3\xf3\
\xb3\x9f\xe4\x16\xe4\xe4\xe6\xe5\xe5\x16\x14\x1a\x8d\xc5\xc6b\
c\x91\x11\xd4\xcdU\xef\xe6\xe6\xea\xea\xea\xa1\xf7\xf6\xf6\
\xf4\xf6\xf2\xf6\xf0\xf6\xf01\x94\xb5\xfb\xcd\x9c\xc6\x1c\xac\
%EJ\xbf=k\xa8\x5c\x00\xd4\x0f\xc31\x12\xc16\
\xc55\xe5\xdc\xcf\xb8u\xfb\xce\x9d\xf4\xc4\x8cs\x19\x07\
3\xd3E\xf4\xdf\xfd\x5c\xdb\xf9E\xfa\x87\xfaW\x0e\x0c\
\x0e\x0e\xa8\xecS\x91\xe8l\xca~\x1a\x16b\x01IW\
\xe4\xd5\x09D\xc5\x02\xa0\x95\xf1\x19\x86\x8a\xed\xd7Sc\
fJ\xca\x8d\xf37\x8e\xdf\xda|WL\x91[\xa2\xbc\
.:\xf8\xe5\xca\x0d\xc2\xaa\x85\xf9Uw\x11\xdb\xf4,\
\xc4rL#\xc9\x8exc\xb6\xa0R\x01\xd0\xaa\xf8\x0c\
\xc3\xa0\x17\x1e\xa3\xa4\xf0\xce\xe5\x0b\x17\x0e^_zS\
\xaab\xe7\xc2\xcfuH\xb5\xb65#\xea\x05\xd7u\x15\
\xd3\xd4+\xc6\x0aL%I\xf2\xe5\xcbvT(\x00Z\
\x15_\xe2\x1d\xb8\x09\x0d\x9fq\xf3\xca\xb9}\xe7\x7f\xb8\
\x96it\x5c\x1e}tc\xc2;6\xa8\x13\x11PC\
\xf0\x1b4b%&\xabO\x04*\x13\x00\xf5\xc1g\xf8\
\x18\xc2~]\xa6{\xd7N\xc6\xcd\x8f\xdb\x95\xa9\x5c~\
_-?\xaai\xb3\x97\x82\xea\x10a\xe3\x90E\x98\x87\
)$K\xb9\xfc\xb2\xa8H\x00T\x87\xe1\x98$l\xd6\
\xee\xc1\xf5\x83\x07g\x9d<\xf6X\xe9<?%\xaa\xcc\
\xf8\xa6\xedZW\xac-(\xf0C|\x8d\xf9\xea\x99P\
R\x8d\x00hG\xccA\x1d\xeb\xe1\x0a\xb2\xce\x1e\x9aw\
`\xb5\x0aG\xdcb*\x8ci\xdb\xb8\x8d\x97\x90\x91\x8a\
\x1b\xf8\x98lW:\xbfOQ\x85\x00h f\xa3\x9f\
\xf5p\xb7\x13\xd6\xfd\xf1\x8f\xf8\x02\xaat~\xf9\xd1\x93\
\x7f5x\xbbsHC\x01\xefu\x13\xc6\x90;J\xe7\
W\x05\x02\xa0\x04\xff\x87oQ\xder\xa8\x92\xc2\x0b\x87\
g\xed\xfcE\x05/L\x08oU\x1c\xdf9\xb2\xad\xd5\
~B\x0e\xbe\xc4\xbf\x89I\xd9\xbc*,\x00Z\x0b\x8b\
\xd1\xd2r\x98\xa2\xdc\x83\xbf\x8f\xdd\x9d\x90\xa7lN\xc5\
R\xcb0\xbb\xc3\xab\xdd\xdc\xcbZ\x09v\x12\xc3\xc8y\
%\xf3\xa9\xa8\x00\xe8H\xcc\xb0<\xd0S\x94\xfd\xd7\xef\
\x1f\xecJt\xd2\x19\xf7`\xfd\xa2\x8e\x1d^w/g\
1P!\xbe\xc4wD\xb1\xcf\x9ab\x02\xa0AX\x82\
\xce\x96B\x14\xe5\xec\xdb6bwj\xa1R9\x94\x86\
 \xb7\x85\x1d:\xf5\xb4R\x13\xfc\x85\xc1$U\x99\xfc\
)$\x00\x1a\x83E\x96f\xf6L\xc6\xb8?\x86m\xbe\
TJ<skx,\xed\xf9rW\x9d\xa5q\xcd\xc7\
\x18EV*\x917\x05\x04@\xf5\xf8\x0e#-\x85\xb8\
~l\xec\xeam\xa5\xc2\xe3\xee\x19\xaf\xf9~\xdf\xb7N\
+\x8b\xef{\x09F:\xde\xbd\xcc\xe1\x02\xa0\x95\xb1\x01\
\xcd\xf8\xafg\xa5\xc6\xfe<\xfd\xba\xa3s\xe5\x18F\x87\
N\x1c\xe6\x1fj!\xc0Y\xf4q\xf4`\xb1\x83\x05@\
;\xe0W\x04\xf0]-)\xdc\xbb1fG\x9e\xc2\x1d\
#91\x905\x9d\xba\xbe\xe9\xca\xdf\xf0}\x84\x81\x8e\
\x1d\x22r\xa8\x00\xe8g\xf8\x86\xdf{7%~\xf4\x92\
\xd2V\xf1s\xd1\xde\xf7\xc7!\xa1My/SL\xc1\
W\x8e\xeb\x158L\x00\xd4\x0d\x8b\xf0\x0e\xdfUc\xfe\
\xaf\xcb\x06\x1frT^\x94ga\xf3w\x86\xe9\xbdy\
/\xaf\xc5\x10G\xb5\x06\x1c$\x00Z\x0e\x1b\xf1*\xdf\
\xd5{\x97\x86-\xd8\xe9\xa4n\xd5\xb6\xd2\xb6\xfc/#\
\xaaD\xf0^>\x8a\x9e\x8eq4w\x88\x00hu\xec\
\xe0\x9b\xe81\x19w\xad\xed\xb5\xa3H\xc5\xe3\xfbr\xa1\
\xc3\x86N\xdd\xfb\xf1v\x0e\x93\xd0\x95\x5c\x95?\x17\x0e\
\x10\x00\x8d\xc2\x1f|\x0d\xbf\xdc\xfb\xe3f/J\x91?\
\x0fje`\xf0\x0f\x1f\x97\xe5\xf3x\xcc\xc2\xeb\xe4\xa8\
\xdc9\x90]\x00\xb4%v\x80g\x1c,\xf9t\xb7\xf9\
\xa5e\xb0\xc7V\xaa\xb9\xef\x1e\x11\xce\xe7\xf1\x9c\x87\x9e\
d\x9f\xbc\xf7\x97Y\x00\xb4\x03\xb6p/\xde\xa2\xa6\xbd\
\xeb\xbal)\x91\xf7\xf6N\xc2\xd6\xae\xaf\xf7\xe3\xf1;\
.\xc4\x1bd\x9b\x9c\xf7\x96uI%\xed\x81\xed\xdc\xc5\
_\x9c;e\xeakZ\xf1\xff\x87\x1e\xbf\x7f1\xb9\x90\
\xdb\xbb\xc9\x1d\x9b\xe8[r\xde[\xc6\x1a\x80\xbe\x81_\
\xb9\xd7\xef\xe5\xdc\x1f\xfe\xed\x9a{r>\x96\xf3\xd1=\
`\xc5\xa7\xe5\xb8[\x03&\x0c%\xcb\xe5\xba\xafl\x02\
\xa0\xafc\x13\xb7go\xda\xb5n3\xcf\xe4\xc8u_\
\xe7\xa5\xae\xe7\xee\x8f\x83\xebs^2\xe1m\xb2N\x9e\
\xbb\xca$\x00\xda\x1e\xdb\xb9}{\xaf\x1ek\xb3@N\
\xcf}g\xc6Gw\xe4\xff\xea\xb7\xe3\xbcT\x8chy\
\x86\x88e\x11\x00}\x19\xbb\xe1\xc5u\xe5\xd4\xce\xe6+\
\xb4/\xbf%\x0e\xbd\xd5\xaa\x17\xe7\x85'\xe8F\xf6K\
\x7f?\x19\x04@\x1b\xe1O\xee\x8e\xdf\xa1\xdf\xda\xac\x95\
\xfe~\xa5\x8d]=_\xeb\xcby!\x0f\x1d\xc91\xa9\
\xef&\xb9\x00hU\x9c@E\xce\x07[\xddy\xab\xd4\
w+\x9dl\xee\xd4k0g\xc9d\xa2\x05\x91x\xaa\
\x5c\xe2n \xf5\xc1\x0e\xce\xe2\xa7\x9b\x97j\xc5/\x94\
\xde\xbbV-\x02\xd7\xa4\xb8\x1fvP\x89wH\x90T\
\x00\xd4\x15\xeb\xc1\xd9\x8e\xfdmE\xf4ni3^\xba\
\x19p`\xf5O\xe0\x9a\x1f\x09\xc7f\xea.\xe5\x9d\xa4\
\xad\x01\xfe\x8d\xd7\xb8\xcc{\xd6\xf4\xfeC\xd2\xfb\xbc\x00\
\xf4\xfb\xeb\xb7\x15\x9c\x17Zc\xb1\x94\xf7\x91P\x00\xf4\
#\x0c\xe7\xb2\x1f\xd9\xf2\xda\x16)\xb3\xfc\xa2\xd0\xfb\x8f\
\xbd\xdcM\xe6\xfe\xf4\x1f\xd2\xddE\xb2F m\x85?\
\xb9\xc6\xfdN\xefj\xb2L\xeaW#/\xd5\xdc\xc7G\
6\xaf\xeb\x1b\xe0*\xc1.d\x94>)\xc8\xcdI{\
\x10\x97\xb4\xecF\xb2\x0d\x0e\xee\x87\xdfn\xd9\x83\xc3l\
B\x17\x22\xd1'U\x22\x01\xd0\x0a8\x8b \xd6~#\
\xae\xf6l\xe7\xea\xf7\x0f\xa84\xb6Kx#\xcfr6\
n\x0a\xc3\x015\x95\x14\x16\xe5\xe7?\xbe~i\xce\xbe\
\xad\xf7\xc5\xael\xbc\xf8A\xdd\xd6\x1c\xe6LDI\xb3\
\x92@\x12\x01P\x1d\xf6\xa1-k\x7fp#\xf2\xeb{\
N5\xeaW\xdf\xeb\xc7^\x8d\xdb\xea\xcb\xc8\x91\xb6\xa9\
(/\xeb\xe4\xc1\x89\xfb\x8e\x88Z\xd4^^w\xf1\x8b\
\xa0\xba\x1c\x17\xe2\xd0Z\x8a-\xa8\xa4i\x03\xc4r\x15\
\x7f\xde\x83\x9e3\x9d\xab\xf8\x81\xa1\xb5\xc2\xeb\xb8\xc9\xb4\
\xf7\xa8\x8b\xbeL\x85\xb6=W\x0d\x7f/\xc4 \xe2g\
\x97U\xd2\xf9\xbbl\xae\x89\xb3\x970G\x92\x5c\xd9\x9f\
\x04\xed\x8cq\xac\xb58\x7f\xe4t\xb5l\xe0 \x9c\x10\
\x7f)+\x7f\x16\x9d>\xa4\xe1\xd4\xf7\xbe\xac\xef'\xa2\
}\x91\x907$\xb6(\x9b\xe3\xc2\x08\x1ac\x7f\x8e\xec\
\x16\x00\xf5\xc3\x12.\xf3\xdcy\xcbo\xdb\x9f=GC\
MTn\xefD\x17\xdf\xea\xc3\xdfz\xb7\x86\x97\x887\
\xbf9}\xda\x1c\xca50\xb4\x88\x06\x09O\x85';\
v?\xd0B\xae\xc6\xdf\xc1\xcd\xe3\xce\xda\x9d\xb2\x02\x5c\
\xba\x97\x93Ie\xdfl*\xa0\xfa\x88\x9e\x03\xaa\x88\xf9\
\x10L\xba\xb4{\x0d\x87\x99\xfb\xc7'\x0a;\x05@\x07\
\xa1\x0fk\xbd\x9d\xd0q\x83\xbd\x19S\x86\x9fo\x5c\x88\
/\xca\x95\xfd6.\x95j\xf5o\x1e\xe5#&J\xb7\
mI\xa78\xcc\x9d\xe9\x07vf\xc5\x9e\xc84\x04?\
\xb0\xd6\xbc\xcc\x9e\xf3\x9c\xd5\xcd;\xb5p\xce\xe1\xe3\xfb\
\x1f\xdd2\xc9\x5c\x0b\xb8y\xd6\x89l\x11(\xa6\x0e(\
A\xd7\xf99i\x1c\x17f\xd0\x9a\xf6\xe4\xc4\xaen \
\xdd\x81\xae\x8c\xcd4a\xd2L\xa7^\xdci =*\
4\xaa\xe0\xe7\xe5fg\xedXl\xaa\xe2\x1f\xd1\xc8\xaf\
\x12quq\xd5\xb9\x99\xbfi\x93q\xe7\x9a\xcf\xfe\xba\
 j\xdf\x93\xf7B\xe6O\xe1\xd8\xa9\xf4 \xda\xd9\xbe\
\x94\xcc\x0e\x01\xd07\xc11Ty`S\xbb\xf5\xf6\xbd\
\xb8\xd2\xc2\x84\xf0\xc1\x1d\xab\xd66\x94!:B(\x88\
\x8b\xf9^\x82\xe7\xf6\xfdk\xeb\xd6tq\xc3d\xbfw\
\xef\xc2\xb5\x99\xd60bs[\xc0f\x95\xd3\xb2\xf8\x9e\
\xb5f$v\xdbh\xd7[+5\xc4F~<\xa0v\
\x0b\xef\x00\x9d\x87\x8b\x1bqe\x8b\x1f\x08\xaa\xd2\xb8B\
9\x91\xc3\xcd\xbd\xb6\xdf\xbb\xcca\x9eN\xfdm\xcd\xa7\
\xed\xd5\xdcT\xb6\xf5_R8\xfa\xdf\xa5yq\xb7p\
\xa6E\x0c\x8e\x0e\x0c}V]\x13\x17c\xbe\xa9\xe8\xf9\
\x09^o\xff\xcae\xc5\x0a\xa0\x88\x0e\x9bod\x97\xd2\
\xf8a\x96\xad9\xb5Q\x00\xb4\x19F\xb0\xd6-\xbfj\
\xce\xde\x00\x10\x1b9\xe4\xb9\xe2\x07\x00\xb8\x98\x7fn\xdd\
=\xcbx\xba\x8a\xfe\x04\xef\xccX\xcd\xe5\x22>\x88\xbe\
b[^m\xad\x01f\xb31\xd3\xae\xbd\xa99}\xc0\
@f4|':\xb0\x86yc\x8d\x9a\xcc\x1d<t\
\xee\x06\xbd\xbb\x0d\xef\x7f\xd0\xc1\xdb\x09\x1c\xe6\xef\xa9M\
eiS$\xfa&Z06\xe3\x17?9\xd7\xbc\x9f\
\x1c\x18\xc8\xd4\xa8\xc1\xd1\x01\xa1l[\xfd\xf1\xbd\xfc\xc7\
\xf4\xf9\x17Dt:\x17\x9b\x1a\xe1c\x16\x9b\xd8i\xa0\
\x08\x0c\xb1%-\x1b\x04@\xf5\x88e\xadG\xb6/u\
\xc2\xa1_i1\x90\xf7B\xfb\xbe\xee\x1fJ\x98\xe27\
\x15\x9f9\x99\x9e\x22\xd5\xe8\xc2\xe6\xf4}\x9b8\xccS\
\xa8\x97\xe8\xa4l\xaa\x01\xc6\xa0\xba\xb9)\xf7\xfe\x9b\x9b\
lH\xa9T\xa1'#\xc3>\xea\x13\x10\xcaN&\x99\
\x8a\x13O\xfdr2\xe7\xb1t\xf3\x0c}\xb6?b\x7f\
nA\x18/>%\xd1^/\xd4\x17_\xb2\xd6E\xcb\
\xe5\x9b\xf8\x8d\xf0j\xe2[\xd1\xd3S\xef\xe1j[\x85\
\xc9<\x01\xcd+\xba\xf9xw\xfa\x1d\x89\x0ft\xfa(\
ldtp]\x8e\x0d\x1fL\xc9g\x7f\xd8\xbe9m\
<\x91\xce\xff*\xbb\xe4\xbb%_Od\xcc\xe3\xe8\x22\
\x22\xb2\x19.\xde\xed\xe9\x13\xf6P\xe6\xdb\x17\xe4\x99\xfa\
\xd1\xa1_p\x87\xd0\xfaa\xd5\xc2\xbd\x03\xdc<\x05\x1e\
\xca \x00S\xf1\xc3[o\x1d\xff\xee\xc8\xbe\x87\xd2\xb5\
Z\xc6\x86}\xd0\x9b\xb3\xf8iz\xe2\xd2\x9d\xcbS\xa4\
\xee\x1eO\xbe<\xe4Th\x133\xa3\x17>\xc5G\xe2\
\xd2\x11)\x00Z\x1e\xa3\x19\xa3i\xf2/\xd2>\xdcS\
>\xaa1\xa8mX\x84\xb7\x1f\x91\xfc\x84P\x177\xff\
\xd0\xd7B\x0c\x86\xc2=\x07$:\xbdcN\xe3\xb7{\
\xfb\x87\xb09\xa5%7O\xcf\xdb\xb6\xecf\xb6\x0c\xed\
\xe3/V\xadn\xc8\xdcq8\x8d%ibR\x11\xfb\
\xab\xfa\x08\xcc\x1c\xd6\x85\x83?\xca\xb0\xcf\xed\xdc&\x13\
\xfaG\xb6-SA\xfa\xe2\x7f\x0a\xd1\xd5o\xd4\xbdZ\
\xa0\xe0\x93\x89,1\xb3\xd1\xdb=\xb9\x8a\x1f4\xf9\xec\
\xbcm\x8bof\xc9\xd2=Z\x9bvz/c4\x88\
m\x07\x88\x12\x00-\x8b\x0f\xcdm%\x85\xa3dX\xb8\
\xbc\xb2\xed\x80>\x15k\xba\x8885L<\xe5*\x87\
\x06\x94\x97@^\xb1\x91\xfd{\xf9W\xe7\x12j\xca\xd9\
\x1f\xb6,\x96\xe5\xd7\xff\x94w7\x16\xb3\xa3\x82#\xa8\
\xa0Cw\xfe\x8b\xb8\x1a\xe0Cv\xd1g\x9cd\xd5\xe8\
3f7\xee\xd4\xa9\x5ce9]\xb3\x00\xc0\xc5\xd5\xd5\
Ugw\xb3lZ\xc4\xe0\xde\x81\xa1\x9c\xc5\x1f?k\
\xe3\x8fI\xf2\x15?\x10\x9f{\xe8w\xc6\xe8\xc9\xe5\xa0\
g\xe1-\x08\x0fJ=0\xca\xdcVR\xf8\xb1\xe4;\
\xd8\x8c\xac\x1e\xd3\xd17X\xee\xe2\x07\xf2\x1ff<\xce\
\xb7\xb3xb#\x87p\x8c\xfa\x01@j\xfc\x8cu?\
\xdf\x94{fd\xf4N\x8e:\xe0=*\xc2\xabYL\
\x0d\xd0\x8f\xdd\xec\xed\xf4\xde\x13\xd9\x22R\x10\x80\x97K\
\xff\x97+\xd4\x90\xb7\xf2\x07\x00\xd0\xa4\xf3\xbb\x93\xee\xda\
\xd1\x154\x90Y\x8d\xde\x89\xae\xc0Q\xfc\xd4\x94\x1a\xff\
\xed\xda%\xc9\xf2\x9fnt)\xff(\xbb\xe8\xce\x87\x7f\
GV\x161\x02\x18cn0\x15}\x22\xf9\xef\xff\xeb\
\xc8\xb0:n\xb2\x1f\xc0^R\x94\x91\xb4\xed\xc8\x9e\x07\
\xb6{.\x19Hl\xd4\xc0\x98\x00\x8e\xca\x9f\x1aS\xe3\
\xbf]\xbb4\xc51\x87[\x8d\xfa\x9dcvp4\x15\
\xfci\x13\xdc\x08\xa2\xed\x10in;\xb3_\xdc\x22\x07\
\xeb\xf8\xe8\x9a\xd5.\x1bH\x98\x89\x94\xa2\x9c'\xb9%\
FHR\xa1\x9ah^v\xe2\xf5\xa5\xc77\xa7\xd9^\
A\x1b\xc8\x075\xde\xec\xee_\x8dc\xd4\xcf\x98\x12?\
s\xa3\xa3\x8a\x1f\xb8\x90w|7\xb3\xa7H\x18\xbaA\
\xe0\x862\xc2[\xc1L\xfb\x1f\xa6);\xa5~\x9cn\
\x15*T0\x1fL1\x19S\x13v\x1dZx\xe1|\
\xaeZ&\x9b\xf4dt\xd8\xc8\xe8\x80\xea\x1c\xed\x14S\
r\xfc\xac\x8d\xcbS\x1dy\xb4\xdd\x17\xbb\x0e\xbc\xce\xd4\
C\x1f\x0a\x15\x80\xc0O\x00\x0d\x06\xb3H\xf1\xe6\x99-\
\x92\x1f\x8c\xde<\xa8\x5c\xe0\xf3\xdfTj\xba\x7f=v\
\xdd\xc8\xe3\xf1\xaa)~`L\xd8\xa8\x18\xeeA\xdf\x07\
\x89?m_\x9e\xeaX\xa7\x98C\x8f\xae\x9e`\x8c\x1d\
h\x98\xb0\xd8B\xdb\x00\x03\xd9\x90+$\xff\xfd\x03~\
\xde\x1efC\xbeO\xb2O\xc4\x1d\xcbPO\xe1\x03\x1f\
\x87\x8d\xeaU\xa9\x0e\xf7\xa0\xef\x9a\xad\xbf&;\xde'\
j\xe1\xef\x1c\xc6!\xc2\xe2\x0a\x15\x00\x93\x5cV\xea\xa4\
K\xd2?JY/\x9d\xfe\xf9)\x93\xbc\x87\x7f]\xbb\
\xa8\xa23\x03g7\xfe|H\xd5\x08\xb6\xf8\xa9)\xe9\
T\xec\x8a\xaf\xce*q\xca\xd9\x9c\xa4\xf4k\x8cq\x90\
0\x07\x11A\x81h\x0b\xd42\xb7\xed\xda%\xc7\xa3\xe8\
\xdd\x5c\x18\xf7\xe9\xec\x22\xf5\xfc\xfe\xa7G\xf6\xe7\x1e\xf4\
EJ\xfc\xbc\xadr\x0d\xfaZg+[\x1aU\xd0^\
HLa5\x00\xd3\xaf,)\x9c(\xf9\x86e\x00\x97\
\x97\xba\x9a|L\xa7E\x0c\x8c\xf6\xe3\x19\xf4\x9d\xb3I\
\xceA_k|y\xb2\x98\xad%\x05\x8d\x06\x08\x10\x00\
\xd5\xe3Ms\xdb\xb5\xb8\xeb\x05J=\xacRL\x8b\xe0\
p\xf5\x04\x00\xa4\xc6\xcfX\xff\x93\x82\xc5\x0f\xa4\x17_\
dO\x16\xe8M\xbd\xad\xc7\x14R\x03tdg\x00\xd6\
\x1dP\xeea\x95@\x87\xd8\xc8!1\x9c\x83\xbe45\
~\xfa\xba%\x0a4\xfd\x9eg9[\x22\x1e\xe8f=\
\x9e\x10\x01D\x9b\x1b\xf2\x1eL\xbe\xa8\xec\xe3:\x16/\
\x97\x19Q\xef\xc4T\x08\xe5\x1a\xf4M97}\x9d#\
\x06}\xad\xf1}\xe2#\xf6l\xf5h\xeb\xf1\xac\x0a\x80\
\xea\xd0\xd3\xdcv\xfa\xb0z\x9ae\xf2c \xd3\x1a\x0f\
\x8c\x0e\xa8\xce5\xe8\x9b\x12?C\x15\xc5\x0f\x00q\xec\
\xa9k]\xa9\xd5Au\xeb5@[\xf6\x8c\xdf\xd5q\
J?\xac\xe30\x90\x91aot\xf3\xab\xc6\xe1\xe9k\
\xbc\x19?c\xbdZ\x8a\x1f\xf8\x89\x1d\x0e\xf2\xe6\xde\xb7\
\xf1\xefX\x17\x00S\x8d\xe4\xa6/LV\xfaa\x1d\x85\
\x0e\xa3\xc3\xc6\xc4\xf0\x0c\xfa\x9eu\xf4\xa0\xafe6\xa4\
e\xddb\x8cV?\x02\xd6\x05\xd0\xc5\xdcp\xe1\x05\xfa\
\xfd\x7f\x1c\xfeA4\xdf\xa8\xdfO;V\xdeR\xba\xe9\
\xf7<\xe7\xd8:\xa0\xb3\xb5yA+\x02\xa0\xa1`\x0e\
;\xde\xfc\xc2\x08`n\xd3O\x87T\xad\xcf1\xeag\
\xbcq2v\xc5\xa2\x1bJv\xfc\xb8Xy\x921U\
@\x03\xcbq\xac\xd5\x00\x1d\xcd\x0d\x85\x8fg9\xf5\xf6\
\x0f\xc2\xf9.\xaao\x0f\xbf\xaa\x1c\xc3>\xa6\x9b\xf1\xf3\
es\xf5\xb4\x87\xc5\xa9\xb9\xec\xf4\x5cG\xcbqD\x0b\
\xe0\xe6\x05\xd5=\xb7,\xc4F\x0e\xe8\xe5_\x8dk\xd4\
/9\xfe\x87\xdf\x94\x1c\xf5\xb3D\xe2y\xc6d\x8f\x00\
\xa8\x0b{\xde\xef\xa9\x04\xbc\x00Lm0\xd8\xc2\xa0\xaf\
\xb2\xa3~\x968\xca\x0a\xa0\x8d\xe5\xed\xe5-\xd7\x00\x91\
(onZz\x1e\xa5\x9ei\x11\xef\xc4\xf0\x0d\xfaN\
_\xb7(I]M\xbf\xbf\xb3\xf0\x023yb\xc0K\
\x96bX\x16\x00\xb3\x08\xfc\xd1\x9d\xfd\x92;\x81\xab\x0b\
\x03\x99\x1e9\x94{\xd0\xd7\x94\x1a?}\x9d\xe3\x9c\xbd\
l!!\xef\xc1M\xc6\xd8\xc2R\x0c\xcb\x02`\xce\xb4\
M\xba\xa0\xf4#\xca\x8b\x8f.6jH\x0c\xd7\xfa~\
Z\xa2\x96A_\xcb\x5cc\x07\xe9\x9bY\x0aoY\x00\
L\xd4\x84\x1bJ?\xa0\x9c\x18\xc8\x94\xa8~\xd1\x9c\xeb\
\xfb\x8d\xceQ\xfc\xc0\x19\xb6\x8f\xd6\xdcRx\x0b\x02\xa0\
\xbe`\xb6 \xdc^\x8a\xbb\x80z22\xec\x8d\xd7\xfd\
B\xb8\xd6\xf7'\x9f\xfdv\xbd\xdd\xa3~\xb2\x9f\xd4\x0e\
\x00k\xd9\x12\xaaD\xab\xf0\x87\xb7T\x030\x8d\x87\xa2\
\xec\x8d\xf7\x1d\xf1\x10J\xa0\xc3Gacb\x02\xaaq\
\x0f\xfa~\xb7\xf9\x17\xbb]=M%\xe6\xbb\x04Qj\
\x92\xbcF9\xf28\xef\x01c\xb4\xf0\x11\xb0$\x80\x08\
s\xc3\xbdR\xfc\x01\xb04\xe8\xbb\xf8w\xfb\x8b\x1f\xc8\
\xce.yn\x13\x0dSQAa\xa1\x0c\xfd\x89\xdbl\
)E\xf0\x87\xb6$\x80z\xe6\x86\xc4$\xe9\xb3\xab\x0e\
\xe66\x990\x98s\xd0\xd7t\xe3d\xec\x8a\x05\x92\x0c\
\xfan\x8b\xcf~\xf0\xf7N\xda\xddk\xc7o\xde\x93x\
\x97\x12\x00\xb8\x91\xc8\x98\xea\xf1\x87\x16%\x80+\xb7P\
*\x99\xd9\xa8/\xb7\xab\xa7)\xf9\xccB\xc9\x06}\x17\
'\xc5\x1d+x\xf4\xdf\xff\x8c\x05q'\xb7\xdd\x96c\
@\xe9<[J\xf5\xf9C\xf3\x0a\x80\xba\xa0\x8e\xb9\xed\
P\xa9\x14@ld\x7f\x9eA\xdf\x94\xf8\xb9\xbfI7\
\xea\x97U2\xe1\xcfU+o'\x18\xf3K\x8a\xd2\xae\
lZ9\xf3\xc4\xd5|\xfbSe\xd9\xc3\x96R\x0d\xfe\
\xd1@\xfe\xa5a\xd5avv\x8e\xa9x\x8b\xa8\xcdG\
\x9c\x03\xfe\xf5\xfd\xa9\xf1\xb37\xfe,\xa9\xaf\xdf\xa5\xfc\
\xb1q\xcb.\x05\x19\x5c\xc9\xbd'\x09\xd9rM&\xed\
\xcf*\xce7;\xf7H\x87\xda8\xc7\x1d\x9a_\x00L\
\x17\xf0\xf1]\xf5\xf7\x82\xc5\x12\x1b9\xb87\xdf\xfa~\
9\xfa\xfd\xd9%G\x1eC\xf6\x93\x942oW4/\
\xbd\x9a|\x02\xe0o\x03\x84\x98\x1b\xd2\xef\xca\x9dq\xc7\
b 3\x15_\xdf/\x0f\xe9\xac{h\x08_X\xfe\
\x1a\x80\x89\x92\xf1\x00\xa5\x08\x03\x89\x8d\xe2\xd9\xd9\xcb\x98\
\x9a0}\xbd\xba\xc7\xfc-\x93\xce\x96\x94\x14\x02H+\
E\x020\x90\x115\xde|]\x0d\xeb\xfb\xe5\xe0\x8e$\
\x02\xa8jnH\xceT\xfa\xc1\xa4BOF\x86\x8d\x8a\
\xe6\xde\xd459~\xd6&5\xb9z\xdaB\x22[R\
U\xf9\xc2\x8a\xa8\x01.\x96\x9a\x1a\xc0\xd2\xa6\xae\xdf\xfd\
\xe6\xe8\xf5\xfd\xd2sVD\x0d\xc0\xdf\x08d6\x84:\
\x5cJj\x00\xcb\x9b\xbaJ1\xe8\xab4\x7f>4\x9f\
u@9\xca\xb3%&O\x0d@=a6t@\x8d\
\xa5c9\xe8\xec\xc6\xfd\xb9\x9b~\xa6\x9b\xa7\xe4\xda\xd4\
\xd5\xd1\xe4\x99\x8a\xf3\xdc\xcc\x17\x86\x96\x07\xe7~.|\
5\x00\xb3\x1a\xc8\x01\xc7):\x80\x19\x0dy\xd6\xf7\xd3\
\x14\x197uu<O\xd8\xc5\xe2~\xdc!\xf9\x04\xe0\
kn((\x05\x02\x98Tw@O^W\xcf\xcdj\
\xf5\xf4\xb5\x85'9\x8c\xc9\x97;$_#\x90\x09\xfe\
\xc4\xe9\x05\xd0\xb2l\xff\xd7\x02\xf8\xd6\xf7oX&\xf9\
\x86\xeeJ\xc2\xf1s\x15)\x00fG\x00\xe7\xaf\x01\xc6\
4\xa9X]\xc76\x85h\xea\xb9\x99*Z\xe2)\x0d\
\xf9\xec'\xa0,wH>\x010\xb3GE\xb2\x9d\x08\
\xe2(\xaa\x05\xb9{\x99\xbbeQSj\x82T\x0b\xbc\
\xbd\x5c\x02\xdc<u%4\xa3\xf8\x91Q\xe9oI\x11\
\xebg\xc03\x1f\xc8'\x00\xa6\x93T\x22\xfb\xa1\xear\
SB\x19\x97,cJ\xc2\xcc\x0d\xd2\x14\x7fT\x99\x0f\
\x1b\xb6o\x13P\xb5\xb0\xe0\xf2\xa9\xe5\x87W\xdfR\xb6\
9\xc9QZ<\xbb/\x0b\x16\x80\xd1\xe9\x05p-\xa5\
~\x8e\xdb\xdf\xea\x00\x9319~\x96D\x83\xbe\x0d\xbd\
\x17\xf4l\xd8V\xef\x0d\xe8}^\xeaV\xbdV\xe0\x9a\
\x1f\xaef*\xf8\xc6\x8c\x82\x05\xc0\xd7\x0b(\x855\xc0\
wgS\xae\x1a\x9f\xfc\xef_\x09\xd7\xf7\x1b\xc8\xc8\x06\
u\x9b\xe8\xff\xd7\xf3\x0e\x08\xeb\xd5\xa2\x8d\xaf\xec\xfb\xdd\
[@\x06\x018\x7f\x0d\x90\x90\xb7`\xd7\x95\xb8\x82,\
j\x02\x0a\x1f\xdf8\xf5\xbdd\x83\xbe\xe5\x5c_nd\
x\xae\x91U#\x22\xd2_\xef\x107pn\x8a\xed\xfe\
\x040/\x86(\xf88R1?y\xcb\x92>\x95\xc3\
\xfd\x08Iz\xb8\xf1V\xb2d{z\xba\xbb\x94\xf3\xd3\
=\xd7\xc8\xf2\xf2\xf3\xf1ps)P\xac\x1d\xe0\x22x\
\xc3E>\x010\xadHW\x99\x0eor,w\x8a\xe6\
$A\x06\xdff\x17\xdd\xf3\xfd\x0b\xe2\xa2\xec\x0f\x86\xa3\
\xb4x\xfc\x8f\xf9>\x01\xa5T\x00/\x0a2\x08@\xa7\
\x09\xc0\x89\xd0j\x80\x17\x1c\xfb\x05\xf0\xc4\xdc\xa0\x97\xfd\
\x1c\x1f\x0d\xe9pgK\xeb\x09wH>\x010\xdb@\
x\xdap4\xb9\x86R\x18\xd8m\xa2y6\xf6\xe0\x13\
\x00\xe3\xfd\xe3!\xe2,:\x0d\xa5\xf1d\x05\xf0\x90;\
$\x9f\x00\x98\xe0\xee\x02\xb6\x1e\xd7P\x0b\x1c\xa5\xc5\xe3\
\xd0'X\x00zO%G\xb64\xc4\xe1no\x0d@\
\x8aa>\xff\xef\xd2H\xfb\x088\x09\xc1zW\xf3F\
\xa0\x09\x8f\xb8\xc3\xf2{\x05\xdf374\xf7W\xfa\xc1\
4\x84\xf1\x0a[R\xf7\x09\xcf\xa4\x17\xbf\x00R\xcd\x0d\
55\x018\x09\xf5\xd8\x92J\xe5\x0b\xcb/\x80\x14s\
CUM\x00NB([R)|aE\x08\xa0\xa2\
&\x00'!\x88Y\xd4c\x8b\x00\x98J\xc3\xbf\x82\xd2\
\x0f\xa6!\x8c\xc0@\xc6d\xc3' \xd9\xdc\xe0\x1f\xac\
\xf4\x83i\x08#\x90-\xa9d\xbe\xb0\xfc\x02`\x0e\x86\
\xf5\x0e\x0c\xd6CC\xf5x\xb9\x94e\x05\xc0{\xcc/\
\xaf\x00H:2\xccM\xd1\x95\x95~8\x0d\xeb\xf4\xa8\
\xc8,~\xc9\xb7\xa5\x06\x00\x98m\x87\x9bj\x02p\x02\
Z\xb1\xa5t\x99\xf0\xfa>\x8a\x12@\xcd\xaa\xd0P=\
u\xd9R\xb2p\xcc\xa7(\x01\x84\x84)\xfdp\x1a\xd6\
\xa9\xc1\x96\x92\x8d\x028kn\x08\xac\xee\xa3\xa4\xb3\xbb\
\x86\x00t\xa8X\x831\x9e\xe5\x0foI\x00g\xcc\xdd\
\x88\x5c\xf4\x83C\xa0\xa1j\xde\xac\xc4l\x0dAa\xe1\
\xa0?\x0b\x02 \x85\x887\xb7\xbd\xa2}\x04TNW\
\xb6\x84.\x13\x0b[SZ>1\xe4\xb8\xb9\xa1nM\
h\xa8\x9a\x08\xb6\x84\x8e[\x0a/R\x00\xd5\xeai\x8d\
\x00u\x13\xca\xee\x0cn\x87\x00\x8e\x99\x1b\xdc\xcb\x0d\xd3\
\xba\x82*\xa6w\xa07;cs\xccR\x0c\x8b\x02 \
\xc9\xec2\xaa\x9eV\xce\xa2\xd5P\x92\xb7\xd9\xb3A\xee\
[\xea\x04Z?:v\x8f\xb9\xa1A\x044TK#\
\xf6\xe7\xb9\x97X\x5c\x00/Z\x00\x95j\x07\xb9AC\
\x95x\xb9\x84\xb0\x87\xc3\xec\xb1\x1c\xc7\x9a\x00\xf6\x9b/\
+\xd6\xe9?o\xa8\xf4\x83jp\xf3y=7v\xf9\
\xce^\xcbq\xac\x08\x80d\xe1\x94\xb9\xad\xc3K\xd0P\
%\xdd\xd8\x92\xb9D\xeeX\x8ec\xad\x06\x00v\x98\x1b\
\xc2\xa2\xcak}A\x15\xa2'u\x9a0\xc6\xed\xd6b\
Y\x17\xc0Fs\x83\x9b\xe7\xe7\xf5\xad\xc6\xd2p8\xe3\
j\xba\x97c\x8c\x9b\xac\xc5\xb2*\x00r\x11W\xcdm\
]\x9a[\x8b\xa5\xe1xz\xb3\xa5r\xdb\xd2,\xc0S\
\xac\xd7\x00\x1c*\xaa\xddLs\x0eS\x1b>\xba\x88\x97\
\x19\xe3fbu\x0f4!\x02`>\x02\xae\x86\xa9\xcd\
\x04\xc4\xd3p S\xa3\xf4>\x8cq\xa3\xf5x\x02\x04\
@N\xb3\xe3\x81\x1d\xda*\xfd\xc0\x1a\xcf\xd3\x8d-\x91\
4\x1c\xb6\x1eOH\x0d\x00,77T\xaa\xfb\xba\xb6\
LDE\xb4(\x1b\xd2\x901\xfeB\x04lS'L\
\x00+\x98#H\xc8\xf8W\x94~h\x8dg|\xd5\x86\
\xe3\xd8\xfbeBb\x0a\x12\x00I\xc6\x9f\xe6\xb6f\x1d\
\xfc\xb4m\xa3T\x82\x81\xb4\xea\xc4\x18\xe3\xc8%!q\
\x85\xd5\x00\x1cjr\xf7\x99\xd3R\xe9\x07\xd7x\xca\xec\
\x97\xbc\xd8\x03a\x96\x09\x8b+T\x00\x1b\x91mn\xea\
\xd2E\xe9\x07\xd7xJO\xb6$\x9e`\xb5\xb0\xb8\x02\
\x05@\xf2\xb1\xc4\xdc\xe6\x1b\xf2\xcf:\xc2bk\xc8\xc9\
\xc8\xea\x15k1\xc6U\xe4\x91\xb0\xd8Bk\x00`\x1e\
\xbb\xdd\xf0\xb0\xeeJ?\xbc\x06\xf0!W)\xcc\x11\x1a\
[\xb0\x00H\x22;\xb1\x10\xd2ht\xa8\xd2\x8f\xff\xa2\
3\xa0R8;(\xb7\x9f\x9c\x17\x1a_x\x0d\xc0\xa9\
\xaaO\xa2\x95~\x01/:\xff\x88\xe6(C\xc1\xbf\x7f\
Q\x02 \xfb\xc1\xe8\xaaZ\xe3\x11\xd5\x94~\x05/2\
}\x83j\xb5`\x8c\x89\xd6'\x81\x9f!\xa6\x06\x00b\
Y\xd3x\xad\x0eP\x90\x89\xbd9Jp:\x11q\x0e\
\x8a8\x01\xac\xc15sSh\xd3q\xe1J\xbf\x86\x17\
\x95\xe1U\xeb\xb0c1\xb7\x84\x8e\x00<E\x94\x00\x88\
\x09SX\xeb\xf8\x01J\xbf\x88\x17\x95\x7f\x0e\xe0(\xbf\
i\xa4HL\x1a\xe2j\x00\xe0W\xdc07\x05\xd6\x5c\
\xa89\x88(\xc0\x8c\x86\x95Y'\xf0;\xecx\x8de\
D\x0a\x80\x94\xe0\x1b\xd6\xda\xffm\xcdK\xd0\xd1\x18\xc8\
\xff\xf5\xe70\xc7\x12\x91Ga\x89\xad\x01\x80\x95\xb8l\
n\xf2\x0e\x5c\xd5U\xe9\x17\xf2\xa2\xf1K\x87r\xecV\
07\xf1\x93\xd8tD\x0b\x80\x181\x9e\xb5\xbe\x16\xdd\
E\xf3\x0fp -\xcb\xf6x\x8b\xc3\xfc\xb9\xd8\xdf\xbf\
-5\x00\xc8\x0e\xec3\xb7\xe9<\x16\xbc\xa3\xf4Ky\
\x91X<\x98c\x09\xc8q\xb2V|J6\x08\x00\xc0\
8v^ $j\xbe\xe6'\xe8 b#9\x86\x7f\
\x80\xb1\xb6\xa4e\x93\x00H<V\xb0\xd6!\x83\xc2\x0d\
\x8a\xbe\x97\x17\x84 \xb7\x91C9\xcc\x1b\xc8Q[R\
\xb3\xad\x06\x00>\x07\xb3\xed\x88\xc1w\xd3@%_\x8c\
r\xe8\x1cz\x96\xca\xd6\xb7\xbd\xd9\xbd\x80\xf30\xce\xb6\
\xd4l\x14\x00I\xc3g\xac\xb5\xfe+s\x9b\x88O\xeb\
\xef\x18KLf\xde\x87:\x9d^\xf5]\xcc\x1a\x9e:\
\xb3<\xd2\x12JK$8\x97\x9ceJ\x83&\x9d9\
\xcc\x93H\x8a\xe8\xa4\x00\xd8^\x03\x00\x8b\xb8v\x9e\x18\
\xfen\x8b\xb2\xe2\x93zFN\x81\xc9\xcc\x93\xd5\xc3+\
\xb2\xa2\xda\x97\xa1\xbcZEo\xf6\xf1+\xca\xcd/\x96\
\xe3N\xf5\xbd>\x1e\x01\xb6\xbe9\x87\xefmM\xd1f\
\x01\x10\x8a\xf7\xc0\x1cR\xee\xee\xb3z\xb8=\x0f\xf88\
\xaf\xb8\xe0\xf9\x06\xa6\xa7o\xeb\xc8F>\xb6\xa6\xe7\x08\
\xc2\x0d\x9d\x9bz\x95\x7f\xdeV\x90\x93[d\x92\xa1\x06\
\xd80\xcc\xd3\x971\x9a0\x9c\x18mH\x0c\x80=5\
\x00\xc8y\xccb\xad!Q\x1b:\xda\x9e\xe6\xb5\xcc\xdc\
G\xcf\xd7\x01:}x\xe3\xf7\x9b\xf5\x0eT\xe7\x16\x95\
^.\xdd\x03\xe6\xbdV\xb3\x91\xab\xe7\xf3\xf6\x8c\xbbw\
r\xa5?;~yk\xce\xd6\xff\x02bu\x05 ?\
v5_\xa8\x07N\xa3\xae\xb9\xd5d\x1c;\xe9\xfbD\
\xdbR\xac\xef\xf5\xcb[\xf5Z\xba\x99\xbd\xce\xa2\xdc\xdb\
W\x12o\xa4?6\xda\xacsyp\xd5\xf9\xfb\xd4\xaa\
]\xb9\xb6y\xf1\x03\xbb~\xfd\xec\xcf\xf8\x5c[\xd2\xe4\
gh\x95\x1f'\xeb\xdc\x19s\x12\x22\x89\x1dw\xb2\xb3\
\xfdJ\x1b\xe1\x04\x98-c\xf22Z}n\xeb\xe3/\
k\xd5\xb3g\xd9J\xc4\x8e\x9aIy\xb2\xef\xce]:\
\xe3r\xb6\xa4U@\xb8\xe1\xf47e\x82\x18s\x09\xda\
\x92#\xf6\xa4k\xe7\x8b&g\xf1\x15k\xf5\xf2\xdf:\
\xda\xd6c&g\x9e\xbd\x9dX\x22jBS}\xc4\x9f\
\xd8};O\xe2/\xc0\x1f\xefs\x14?\xf0\xad}\xc5\
o\xb7\x00\x00|\x0b\x8e,T\x89\xd8\xd3\xc7\xb6\xe4.\
\xe4\xed\x89\xcbN\xa3\x22|Z\xd4F\xfa\xf5\xbd\xe7/\
\xe4H[\xfe\x7ft\x0fm\xcaa>\x83I\xf6\xa6l\
\xb7\x00\x88\x09\x03\x91\xc3\xda\xdbD/~Y|j\x00\
\xf0M\xc2\xb1\xc3\xf9\x0f!K/Z~\xf2\x1e\xec\xda\
\xbb1%K\xd2\xf2\x9f\xdb\xa4S_\x0es\x01\x06\x10\
\xbb;\x9b\x12|k\xc9MpN\x04\x0d\x19\xf1E-\
\xb1i\x01@\xa6q\xe8\xeesG\x0b\xb3m\x89\xab4\
%\x85\x07w\xffp\xf6R\xbe\x94i\x8e\x0e\xfd`\x14\
g9\x8d \x97E'\xc6 I\xe7\xea_\x97'\x95\
\x01\xf3{'\xba\xd6\x8d\xaf\x9c\xbcdCc0\xcf\xb4\
\xf3j\x84\xa9R\x90\xde`o#\xd5\xa1\xd0\x82G\x87\
\xff\x98r\xe0\x98\xa4\xd2\xed\xe4\xf7\xf3?\xf5\x5c'\xb7\
/\x22\xdf\x88N\x8c\x03\x89^0u\xc5>\xb4a\xed\
9\xf7\xdaL\xb4\xb5?0\xb7iL\xe7\x80jnN\
\x22\x02cAF\xca\x96]3\xe2\x13\x9fH\x99j\xb8\
\xe1\xc4\xbf\xcaW\xe1\xb8p\x0a\xad\xc4\xcf\xfds!\xd9\
\xcb\xa5\x15q\x16\x15Y\xfb\x83\xc4\x96\xdf\x5c/\xb0-\
\xcd\xba\x9e\x93[5kZ\xb6\x82G\x19\x9d^\xad\x1d\
Cj*),\xcc\xcb\xce8q|\xea\xd1\x939\xf6\
\xa7\xf7w\x82\xf5'?\x0f\xaa\xcdq!\x13\x8dm\x1d\
\xfb7G\xc2_\x17m\x85}\xe0\x18\xb5\xbfw\xa5\xe9\
\xb4;6w\xec\xbc\x5c\x86V\xebT'(\xb0\x8c\x8f\
\xbb\x87\x8b\xcaD@\xe9\x93\x82\x9c\xec\xfb\x19\x07\xae\xae\
L\xb6\xfd\x09\xf9(\xaf;7\xa1\x0a\xd7\xce\xccFt\
%{D'\xc7\x83\xa4\xd5+\xed\x8f\x95\x5c\xf6[\xe7\
\x22gH\xdb..\xfdx\xb9$|\xc4\xd9\xf5\x03F\
\x90E\xd2\xddG\xd2\xdf\x14Y\xc5\xdd/\xad\x12yj\
\x8c\x97\xca~\xbd\xeaFON\xbe\xcfS\xfc3\xa5,\
~\x89k\x00\x00\xa0+\xc0\xe9\x16\x92t\xea\xa59\x99\
*\x1b\xcbW+^.\xa7?\xa8\xc5\xbd\xff\xca&\xf4\
\xb1\xbe\xf7\x9f\x18\xa4\x17\x80\x1e\xbb\xc1\xb9\x89\xdc\xad\x84\
\x16\xb3\xa4\xffR\x96>\xfc\x5cO~X\x9d\xdb\xb1&\
\x0e\xed\x88\x8d\x0dj>d\xe8b\xd1\xb2\xd8\x8f(\xae\
+iW\xdaL\xb7\xb5G\xf0\xa2\x10\xac?>\xb62\
\xf7\xa1\x1c\x17\xd1\x96dJ}?Y\xfa\xd8\xd4\x1f\x07\
\xd8ib\x00\xc8H\xec\xf4\xed\x19\x89;K\xa5\x89\xba\
\x9e\xfb&T\xe4\x1e?MDkrO\xfa;\xca\xd2\
4#\x19\xe8\x00N\x8f\x00\xff\x1a\x7fM\xee\x1b$6\
\xbd\x17\x85\xee\x01G\xbe\xe6)\xfe[h/G\xf1\xcb\
$\x00\x80\xdcC{\xdc\xe2\xbaR\xa6\xc2\x8a\xaf\xbf\xd2\
6\x97\xe2`l\xd8\xfa)\xe5\x829/\xddG\x07\xa9\
\x06~\xcc\x91q\x98\x95\x86c\x1f\xb8\x861a2\xae\
\xfcq\xf0!\xf9\xee\xec\x8c,l\xf6\xee\x07.\xdc\xce\
\xafi\xe8@.\x8aLN0\xb2\x8e\xb3\xd3\x10\xec\x05\
\xcfa\xb3G\xb7vXS\xe0\xa4S\xbeR\xa3';\
\xa3_\x8d\xe1)\x8bTt \xd7\xe5\xbb\xb7\xcc\x13-\
4\x08{P\x8f\xfb\xda\xddK}\xe6\x1e{,.\xbd\
\xd2H\x84\xd7\xb6QU\x1b\xf2\x5c\xbc\x81\xf6$U\xce\
\xbb\xcb<>G\xee\xa1-Ns_\xabTw\xdf\xd4\
O_\xf8\xb3\x88G\x87\x1e\x9d\xc6[\xfc\x17\xd0Z\xde\
\xe2\x97\xbd\x06\x00\x00\xea\x83\xcdx\x95\xe7\x9aq\xc7\xea\
^\xbf\xbf\xb8\xd3\x04\x1b:\xf4\x1e\xe4\xc2w\x0e\xe3Q\
\xf4\x90\xbe\xdfo\x8eC\xe6\xda\xa9\x1b\x16\x81w\xf9\xf8\
\xed\x0bC\x16\xec{\xe8\x88|\xa8\x8b\x16eW\x0f\x0f\
\x89\xe2\xbd\xbc\x16C\x88\xa4\xbe\x05\xdc8\xcc\xd9\x82~\
\x89\xc9|w+\xce[\xbe\xe4]\x9b\xd6\xb6:/s\
\x9b\xbc\xf7\xae\x9e\x7f\xc5\xd3T\xfcC\xda1\x7f>\x1c\
\xe8mC\xfbb)<\xf8\xae^=\xd2w\x99\xd4K\
)\xd4J]\xcf\xb5\x03\xeb\xb7\xe3\xbd\x5c\x8c\xf7\xc8R\
G\xe5\xc5\xa1\xeeV\xb49\xd6\xa32\xdf\xd5\xa2\xec\xb5\
\xab\x06\x1dtd~\x94\xe1\xc7\xe6\x03\x06\x1b\xca\xf1^\
\xbe\x8f\xb7\xc8\x01\xc7\xe5\xc6\xc1\xfev4\x00\xab\xd1\x9e\
\xff\xfa\xdd\x8b\x9f\xfc\xbc6\xcd\xb1yr$\xdd\x03\xe6\
\x0d\xe5m\xf3\x03\xc0a\xbcE\xee:2G\x0ew\xb8\
\xa4:|\x8d\xcf\xf9\xefk*>\xb4m\xd0\xd6TI\
\x1c\x1e\xd5E\x90\xdb\x8an\xaf\xf4\xd6YZ\xea\xfe=\
\xc6\xdb\xbe\xce\xd76\x14\xf1\xb8\xa5\xdd\xb1\x1c\xe5\xf9\xaf\
\x17d\xfd\xb6n\xc8\x81\xa2R4N\xa8\xc3\xcf\xad\xde\
\xe8\xcbq\xb0\xcb3r0\x8c\xacw|\xce\x14r\xb9\
\xa6\x95\xb1\xcc\xd2\xa7\x00\xc8J\x99\xbf\xea\x1f\x82w\xbd\
W7\xff\xac3f\x80\xbf\xe5\x93\x15\x0ec\x10\xb9\xa9\
D\xde\x14\xf3\xb9\xa7\x04\x1fb\x1a\x7f\xaf\x00\x00\xee^\
\x5c\xb8q\xb2\x04\xab_\x94dB\xf8\xa8\x98*\x91\x16\
\x83\x14c\xa2\xb8\x1d\xbe\xa5D\xd1E\x17\xb4\x1eV\xa2\
\xa1\xe50\xf7.\xff\xb8q\x92lsa\xf2\xf2Y\xad\
\x911\x1c\xfb\xf9>\xcf%\x0c g\x95\xcb\xa3\xc2\xab\
n\xa8\x1e\x9f\xe2\x0b\xcb\xf5\x00\x90vu\xfd\xf6q\xa7\
\x9d\xa9M\xa0\xc3\xb7\x8d\xde\xeeV\xa9\x9e\x95`\xc5\x98\
\x8e)\x8e\x18\xef\xe3G\x05\xcb\xaeh8\x16Xn\x0f\
\x00@n\xfa_\xbb\xc6\xfdy\xd5\x09<\x0a\xab\xb9\xcf\
n\xd7\xbeS\x19\xeb~O\x87\xf1\x9e\xb0\xc3\x1d\xe5D\
\x05\x02\x00\x00:\x10\xb3\x10`-\x94\xf1I\xc2\xc1\xc5\
\x7f\xceOV:\xb7\xfc\x0c\xad2\xe2\x95Fm\xd9-\
c\x18\xb20\x01\x8b\x1d3\xd8k\x19\x95\x08\x00\xa0\xbe\
\xf8\x0a\xef\xc3\xcdz\xc8\xac\x94C\x07\xa6\x1c\x96z\x1d\
\x9e\xbdDxMj\xd9\xba\x9d\x7fu\x01AK\xf03\
&\x92t\xa5s\xfc\x14\xd5\x08\x00\x00h8\xa6\xa3\x97\
\xa0\x90\xc6\xe4\xf8\x83'\xa6\x9f\x91v%\xbem\x84\x1b\
&4j\xd7,4\xcaE\xd8Y\xca;1N\xf9\x8a\
\xff\x19\xaa\x12\x00\x00\xd06\x98\x05\x81\xfb\x8dR\xe3\xed\
\x8bG\xe2\xe6\x9eV\xca\xaf(\xaa\xcc'\x8d[5\xad\
\x12!\xb0\xe8\x81\x04\x8c%{\x95\xc9+\x1f\xaa\x13\x00\
@\x09za\xa2\xb5\xee\xe1\xdf#<L\xb9z~\xff\
\xf9\xb9W\xd2e\xd9\x9d\x93\xc5\xcfut\xcd\xf6\x0dj\
7\xf0\xaf.\xc2\xa3\xea\x22&c\xbdR\xbd}~T\
(\x80\xa7\xd0\x1e\x98\x88\xc6bb\x98\x8a\xee^K\xba\
v\xf2\xc6\xaf7\xe4Zz\x12\xe1\xd5/\xacYXX\
\xcd\xa0Z\x1c\xfb\xf5Y\x22\x01\x93\xb1Q\x0dM>\x16\
\xd5\x0a\x00\x00h7|\x8a\xd6\xe2\xe3\xe5\xa4\xddIL\
I\xbdt\xfb\xc0\xed\xed\xe9\xf6\xba\x9b\xe9\xd0\xc5\xbf]\
\x95\xba\x95\xabU\x09\x0e\xf3\xa9h\xc3\xfb:\x8e\xe9\xf8\
M\x9d\x85\x0f\xa8\x5c\x00\x00@\x1b\xe1C\xf4\x85\xb8_\
\xdc\xff()\xcc\xba\xf3(=3\xf3^F\xea\x83\xcb\
\x99\xd7\x1e_\xce\xbdg\xe53\x11\xe8V\xc7\xbb\xb6O\
m\xff\x10\xbf\x8a\x01\xfe\xfe\xe5\x02\xca\x07\xbbz\x08\xbb\
\x17C1\xd6c\x8e=\xdb\xb8:\x02\xd5\x0b\x00\x00h\
 \xde\xc7pT\x92\x22-S\xd1\x93\xdc\xc2\xdc\xe2\xc2\
\x12\xe3\xd3?@\xe7\xfa\xf4\xcfM\xef\xee\xed^F'\
\xcd\xce\xe4\xe9\xf8\x09\xf3\x1d;\xb3_\xca\xa1:\xda\x95\
\xae\xa7\x85T\xed\x14\xd1\xcd\xb4'\x15\xda/P\x1c\xa7\
\xa8\x01\x9eA}\xd1\x0f\x83\x85v\x13\x1dN<\x96c\
\x15y\xa0t6\xc4\xe0d\x02x\x0a\x0dA4b\xd0\
B\xeee-\xc23\x848l\xc4&b\xe3\x1e\xe9J\
\xe2\x94\x02x\x0a\x0dB/tE;x\xdb\x9f\x96\xcd\
\xe4\xe3\x00vb3\xb9\xad\xf4\xdb\xb0\x15'\x16\xc0S\
\xa8\x1b\x9a\xa3#:\xa2\xa94\xbb\x9e\x0a\xc4\x843\xd8\
\x83=8\x22\xee\xa8f\xf5\xe1\xf4\x02\xf8/\xb4\x0c\x9a\
\xa29\x9a\xa3\x19\x02\xedO\x8d\x97L\x9c\xc0q\x1cG\
\x1c)%\xcbZK\x8d\x00\x9eAC\x11\x89z\xa8\x87\
z\xa8\x05):u\xc5\xb8\x86\x8b\xb8\x88\x8b8Gn\
\xd8\x9f\x9c\xba(\x85\x02x\x06uE(B\x10\x82\xaa\
\x08A\x08*\xc0\x17\xbe\xb0\xd6A3\x22\x0b\x0fq\x1f\
)HE\x0aR\x90\x82$\xfb7eW/\xa5Z\x00\
\x5cP\x1f\xf8\xa2\x1c<\xa0\xff\xcf\x1fP\xf4\x9f\xbfB\
<B&q\xcam\xea544444444\
44444444444,\xf1\xff+\x1d\
1x\x8e\xa5\x8ey\x00\x00\x00%tEXtda\
te:create\x002018-0\
5-11T14:51:12-04\
:00\x15S\x87\xc6\x00\x00\x00%tEXtd\
ate:modify\x002018-\
05-11T14:51:12-0\
4:00d\x0e?z\x00\x00\x00\x00IEND\
\xaeB`\x82\
\x00\x00\x08\xfb\
\x89\
PNG\x0d\x0a\x1a\x0a\x00\x00\x00\x0dIHDR\x00\
\x00\x01\x00\x00\x00\x01\x00\x08\x04\x00\x00\x00\xf6{`\xed\
\x00\x00\x00\x04gAMA\x00\x00\xb1\x8f\x0b\xfca\x05\
\x00\x00\x00\x02bKGD\x00\xff\x87\x8f\xcc\xbf\x00\x00\
\x00\x09pHYs\x00\x00\x0b\x13\x00\x00\x0b\x13\x01\x00\
\x9a\x9c\x18\x00\x00\x00\x07tIME\x07\xe2\x05\x0b\x0a\
3\x0cx\xf3\xb4\x95\x00\x00\x08\x1aIDATx\xda\
\xed\xdd]\x8c]U\x19\xc6\xf1g\xf5\x83\x0e\x8e\x03\xa6\
bB#%J\x8c\xda\xc4\x0b\x131\xde4\x03m!\
\x94\x22\xc5\x08\xa5a\x94(\xb6D1\x86\x8f\x18\x89\x5c\
abT4Jh\x95\x0b\xa3S\x8aB(\x91\x04\xc4\
\x04\xad\x16c#\xc1h\x0bj\xfc*`\xa20\x16j\
\xa8\xb4\xe9\xc0tf:\xf4\xf5\xa2\x09\xcd\x99\xbd\xcf0\
g\xcf9}\xd7\x9a\xf7\xff\xbb;\xbb\xcd\xcc\xb3\xd7y\
\xe6\xec\xb5?\xce\xde\x12\x00\x00\x00\x00\x00\x00\x00\x00\x00\
\x00\x00\x00\x00\x00\x00\x00\x00\x00\x00\x00\x00\x00\x00\x00\x00\
\x00\x00\x80\xbc$\xef\x00u\xecmZ\xaa~-\xf6\xce\
Q\xe3H\xfa\xa7w\x84\xee\xca\xae\x00\xf6Ym\xd09\
\x1aP\x9f\x16yg\xa9qT\xbf\xd3P:\xea\x1dc\
^\xb23\xed6+\xc1#v\xba\xf7X\xcdC\xf6I\
{\xce\xfb\x9d\x9d\xb5\x87,\xc7\xcdS\xc9\xecN\x9b\xf2\
~W;\xf2\x1b;\xcd{\xcc\xe6\x11\xbb\xd3\xfb\xfdl\
\xe0>\xeb\xf3\x1e\xb7y\xc2\xee\xf2~/\x1b\xdai9\
NS;\xe4\xbe\x17`\x17\xe9\x17Z\xe8\x9d\xa2\xa1\xc7\
te\x1a\xf7\x0e17\xce\x05\xb0\x05zF\xef\xa9,\
\x1e\xd3^\x8d(\x97\x9d\xad\xe3z\xa7.k\xf3o\x0f\
\xe8\xd3i\xd2;`\xc1\xec\xcb5\x1f\xad[\xec\x1c{\
\x8bw\xb2\x96\x94+g\xd8\x10\xecf\x8f\xa01[h\
\xe3\xd3\x86s\xdc>\xe3\x9d\xaa&\xe7\x053\xce\x05v\
p\x5c\xa0!\xbb\xaa\xb2\xf3\xb7\xd1;Sm\xce\x99\x0b\
`\xf6\xe8|\x98\x0e:\xb0\xad\xd3\x06\xf2\x07\xde\x89\xda\
\xe4|\xb3\x02\x98\xed\xb2%\xde)\x9bY\xe0\xf7\xab\xad\
O\xefkYpT\xdb}\x07c\xd6\xc6*K\xd6h\
\xb8\xcc\x0a8\x16@K\xb4\xac\xe5\xf5\x01\xfd\xc3w0\
f\xedkz\xb2\xb2\xec\x13\xfay\x89\x1b\x02\xcf\x02,\
\xd2[[^\x8f\xa6W|\x07c\xd6\x0e\xe9\x12\xfd\xa5\
\xb2t\x95~R\xdet\xd0\xb3\x00I\xad\xc7\xd3_\xf7\
\x1d\x8a\x8e\xa2\xbf\xaau\xfaSe\xf1\xc7\xf4\xa3\xd2v\
\x0a=\x0b\xe0~\x18jN\xd1\xff\xa3A=UY|\
\x95v\x95u\x9a\xc8\xb7\x00EK\xa3\xba\x5c\x7f\xad,\
\x1e\xd4=%\x9d&\xa2\x00s\x90^\xd2E\xda[Y\
<\xa4G\xca\x99\x0eR\x809I\xff\xd5\x1a\xfd\xb9\xb2\
\xf8\x12=Z\xca\xa7\x00\x05\x98\xa3tD\x97\xd7\xec\x11\
\x5c\xaame\xcc\x05(\xc0\x9c\xa5\x11\x0d\xd6l\x08\xae\
\xd1\xafJ\xd8#\xa0\x00]\x90\x0ek]\xedt\xf0\xbe\
\xfc\x8f\x0bP\x80\xaeH/k\xad\x9e\xae,\xbeZ;\
r\x9f\x0eR\x80.I\xfbu\xa1\xfeXY\xbc^;\
\xf3>G@\x01\xba\xa6\xcdq\x81\xd5y\x9f&\xa2\x00\
]\x94\xf6k\x95\xf6T\x16g}\x9a\x88\x02tU:\
\xd8\xe64\xd1C\xb9N\x07)@\x97\xa5C\xba\xac\xe6\
\xd0\xd0\x15\xba7\xcf\x9dB\x0a\xd0ui\xa4\xf64\xd1\
\x86<O\x13Q\x80\x1eHG\xf4\xd1RN\x13Q\x80\
\x9eH\x07tq\xcd\xa7\xc0\x90\x1e\xcem:H\x01z\
$\x1d\xd0\xea\x9a\xb9\xc0Z\xfd,\xafO\x01\x0a\xd03\
mN\x13\xad\xd5pNs\x01\x0a\xd0CiD\x17\xd4\
^/\x90\xd1i\x22\x0a\xd0S\xe9\x90.\xad\x9d\x0e\xde\
\x9f\xcbq\x01\x0a\xd0c\xe9\xa0\xd6\xd6\x9c#\xd8\xa0\x07\
\xf2\x98\x0eR\x80&\x8ew\xf2\x9f\xd3~\xad\xac\xd9\x10\
\x5c\xa1_\xe6p\x8e \x8b\x16\x16g\x83\x9d\xd7\xd1=\
\x0dL\xcf\xe9\x83\x95\xb1^\xa5a\xdb\x94&\xbcW\xc6\
\x8d\x9de\xfb[\xbe_\xf7\xf4\xdc\x7ff\x8f\x92\xbe\xf9\
w\x03\x9b\xda\xed\xfdEx6\x01\xbe\x06u\x87o\x00\
\x0a\xe0m\xb5\x9d\xe9\xf9\xeb)\xc0lL\xf5\xf0g\x9f\
\xe1{K\x5c\x0a0\x1b\x7f\xe8\xe1\xcfv\xfez\x1c\x05\
\x98\x85tL7yg\xe8\x15\x0a0;\xdf\xd3\xcd\x9d\
\xed\xfd\x97\x82\xe3\x00\xb3\x92\x8ek\x8b\xb6\xd8\xfb\xbb\xf0\
\x073\xa6\xc7\xb4\xc2{}N\xa2\x00\x1dH\xfb\xba\xf1\
S,\x97\xfb\x1fJb\x13\xe0!\xab\xbb\x22P\x80\xe0\
(@p\x14 8\x0a\x10\x1c\x05\x08\x8e\x02\x04G\x01\
\x82\xa3\x00\xc1Q\x80\xe0(@p\x14 8\x0a\x10\x1c\
\x05\x08\x8e\x02\x04G\x01\x82\xa3\x00\xc1Q\x80\xe0(@\
p\x14 8\x0a\x10\x1c\x05\x08\x8e\x02\x04G\x01\x82\xa3\
\x00\xc1Q\x80\xe0(@p\x14 8\x0a\x10\x5c\x91\x05\
\xb05\xb6\xb7g\xf7\xedjf\x8f\xad\xf2\x1e\x95f\x0a\
,\x80\xad\xd7.}\xc8;\xc54\xe7\xebq[\xe7\x1d\
\xa2\x89\x02\x0b\xa0m\xde\x01j%m\xf7\x8e\xd0Dq\
\x05\xb0w\xab\xdf;C\x1b\x03\xb6\xdc;B\xe7\x8a+\
\x80F\xbd\x03\x14\x9a\xad\x8d\xe2\x0a\x90\x0e\xea\xb7\xde\x19\
\xdax<\x1d\xf6\x8e\xd0\xb9\xe2\x0a \xe9j=\xe9\x1d\
\xa1\xc6\x13\x1a\xf2\x8e\xd0D\x817\x89J\x87\xedB}\
\x5c\xeb\xd5'\xf3\xcer\x22\x90\xc6\xf5S=\x9c\x8ey\
\x07i\xa2\xc0\x02H\xe9\x98\x1e\xd4\x83\xde)\xe6\x87\x12\
7\x01\xe8\x22\x0a\x10\x1c\x05\x08\x8e\x02\x04G\x01\x82\xa3\
\x00\xc1Q\x80\xe0(@p\x14 8\x0a\x10\x1c\x05\x08\
\x8e\x02\x04G\x01\x82\xa3\x00\xc1Q\x80\xe0(@p\x14\
 8\x0a\x10\x1c\x05\x08\x8e\x02\x04G\x01\x82+\xf2\xaa\
`\xc9\x16\xe8#Z\x92\xcde\xe1\x13\xfa}*\xf4\xd9\
\xe2E\x16\xc06\xe9\x87\xde\x19*\x99\xaeK\xdb\xbd3\
4Q\xe0&\xc0n\xc8\xef\xed\x97t\x8fm\xf6\x8e\xd0\
Dq\x05\xb0\xa4;\xbc3\xb4\xf1\x1d\xef\x00M\x14W\
\x00\x9d\xa7\xc5\xde\x11\xdaXl\xef\xf2\x8e\xd0\xb9\xf2\x0a\
p \xdby\xcb\x22\xbd\xe4\x1d\xa1s\xc5\x15 \xbd\xa6\
\x1f{ghc8MxG\xe8\x5cq\x05\x90\xb4Y\
;\xbc#\xd4\xb8?\xdd\xe0\x1d\xa1\x89\x5c?Ng\x90\
\xcc\xae\xd5\xedZ\xa9%\xdeI\xde0\xae'\xf4/\xef\
\x10\xcd\x14X\x00)M\xe9Y=\xeb\x9db~(q\
\x13\x80.\xa2\x00\xc1Q\x80\xe0(@p\x14 8\x0a\
\x10\x1c\x05\x08\x8e\x02\x04G\x01\x82\xa3\x00\xc1Q\x80\xe0\
(@p\x14 8\x0a\x10\x1c\x05\x08\x8e\x02\x04G\x01\
\x82\xa3\x00\xc1Q\x80\xe0(@p\x14 \xb8\x22\xaf\x0a\
\x96\xec|\x0d\xea\xb4l\xbe\x1e>\xa9\xdd\xe9)\xef\x18\
\xcd\x14Y\x00\xbb[\x9f\xf7\xceP\xc9\xb45\xdd\xe4\x9d\
\xa1\x89\x027\x01\xf6\xf5\xfc\xde~I7\xdaW\xbc#\
4Q\x5c\x01\xac__\xf0\xce\xd0\xc6-\xd6\xe7\x1d\xa1\
s\xc5\x15@g\xe7\xfb\xf5p\x9d\xed\x1d\xa1s\xe5\x15\
\xe0\xdf\x99L\xfd\xaa\x8e\xeby\xef\x08\x9d+\xae\x00\xe9\
u}\xd5;C\x1b\xb7\xa7\x5c\xab9\x83\x02\xf7\x02\xd2\
7l\xa9>\xa5wx\xe7h\xf1\xb2\x86S\x91\xb7\x88\
)\xb0\x00R\xfa\x92}WK\x95\xbcs\xbc\xc1\xf4J\
z\xc1;D3E\x16@J/\xa8\xd0\x01\xcfMq\
s\x00t\x17\x05\x08\x8e\x02\x04G\x01\x82\xa3\x00\xc1Q\
\x80\xe0(@p\x14 8\x0a\x10\x1c\x05\x08\x8e\x02\x04\
G\x01\x82\xa3\x00\xc1\xf9\x16\xa0\xc0\x0b(\xba\xcey\x0c\
<\x0b`\x9aly\xbd\xd0w(N\x99\xd6S\xf0\x93\
r}\xe0\x9cg\x01\xa6\xf4j\xcb\xeb\x01[\xea9\x14\
\xa7\x86\x9d\xa5\x81\x96\x05\xa3\x9a\xf2\xcc\xe3Y\x80\x09\xbd\
\xd8\xf2z\x99Vx\x0e\xc5)\xb2B\xcbZ^\xbf(\
\xd7\x07\xcd8\x16 \x8dO{\xe8C\x9f6y\x0e\xc5\
)\xb2y\xda\x93N\x9e)\xf1IC]bW\xda\x94\
\xb5\x1a\xf2\xce\xd4\xe35\xbev\xda\xfaN\xd9z\xefL\
\x9e\xc3\xb1\xc0\x8eN\x1b\x90\x09\xbb\xde;U\x0f\xd7\xf7\
s61m}_\xf3\xce\xe4=$\xb7Z\xd5\xdd\xb6\
\xdc\xfa\xbd\x93uy=\xfbm\xb9}\xbff]o\xf4\
N\xe6|i\xb5%\xed\xd3{+\x8b\xc7\xb5G#\x1a\
\xf3\xcd\xd65I\xa7\xeb\x5c}\xb8\xe6)g\x7fK\x1f\
\xf0\x0f\xe7\xccVkg\xa9\x17\xa7\xcf\xd11]\x9cv\
{\x87p?\x14\x9c~\xad\xad\xde\x19\x9c\xdc\xe5\xff\xf6\
gP\x00)}\xb1\xcc\xe7n\xcf\xd17\xd3\xad\xde\x11\
\xa4\x0c6\x01'\xd8\xb7tK\xa0\x0d\xc1\x94\xbe\x9dn\
\xf3\x0e\x91\x19\xbb\xc6\xf6Y\x0c\x7f\xb7\x8d\xde\xa3}R\
&\x9f\x00\x92d\x03\xba>\xc0\xc6\xe0fmK\xa3\xde\
!N\xca\xa8\x00'\xd8u\xda\xa8su\x86\xfa\xe6\xcd\
&\xc14\xa5\x09\x1d\xd1\xf3\xda\x91\xee\xf5\x0e3]v\
\x05\x90$\x1b\xd0\xdb\xd5\x9f\xed\xad`:7\xa91\xfd\
/\xa7\xbf{\x00\x00\x00\x00\x00\x00\x00\x00\x00\x00\x00\x00\
\x00\x00\x00\x00\x00\x00\x00\x00\x00\x00\x00\x00\x00\x00\x00\x00\
@\xa6\xfe\x0f\xf1\x9d\xde\xfcUO\x0e\x0b\x00\x00\x00%\
tEXtdate:create\x00\
2018-05-11T14:51\
:12-04:00\x15S\x87\xc6\x00\x00\x00\
%tEXtdate:modify\
\x002018-05-11T14:5\
1:12-04:00d\x0e?z\x00\x00\
\x00\x00IEND\xaeB`\x82\
\x00\x00\x03\xe2\
\x89\
PNG\x0d\x0a\x1a\x0a\x00\x00\x00\x0dIHDR\x00\
\x00\x00D\x00\x00\x00C\x08\x04\x00\x00\x00\x8f\x1fk\x81\
\x00\x00\x00\x04gAMA\x00\x00\xb1\x8f\x0b\xfca\x05\
\x00\x00\x00\x02bKGD\x00\xff\x87\x8f\xcc\xbf\x00\x00\
\x00\x09pHYs\x00\x00\x0b\x13\x00\x00\x0b\x13\x01\x00\
\x9a\x9c\x18\x00\x00\x00\x07tIME\x07\xe2\x05\x0b\x0a\
3\x0cx\xf3\xb4\x95\x00\x00\x03\x01IDATh\xde\
\xed\x98M\x88[U\x14\xc7\x7f\xff\xfb\xdeK\xc6\xf9\xb2\
\x10mU,\xb8P(\xa5\x94\x96\x8a\x95\xca\x8c\x8d\xb5\
\xe0\x94\xa2+w.t\xe5\xc2\x85\xe0\xca\x8f\x85\x1dt\
\xd5\xaeE\x047n\x04\xab\x88\xb5\xa0\xa2bL\xa8\x88\
\x88\x08jAj\x11:\x8a`\xc6\x8e\x19\x9d\xced\xd2\
\xe4\x1e\x173\xb1\x96\xbc\xe6M\xde\x10\xec\xe2\xfe7\xe1\
\xdd{\xde9\xbfs\xcf\xe1\xf2r (((hs\
\xd2\xe0\xafTn\xf1\xa5\xc8]{\xdf\xac\xfd\xd7\xe1\xb9\
\xa1\x83\xd4v\xdb\x0b\x1c\xd0\x0d}@\xdav\xd6\x9d\x98\
\xfaX~\x10\xbf\xf1\xa0 \xf6\x80\x1e\xa1\xd8?7\x95\
\xec\xc2\x97UV\x06\xf1\xeb\x061\x06\xe0\xe6\xfe\x18\xeb\
\xe9m\xff{@\xcf\x03\x9f\x88\xba\x01\x96\x98\xef\xdd\xb5\
Qm\xbb\xcajx \xff\xea\xad\xcb/\xf5.&\x8f\
\xf1r>w\xb9A\xec\xd2\xa1\x0b\xbd\xab\xb5z^\x7f\
\x83\xf7\xc8\x90t\xdd\x80\xe4.\x8dJ\x95\xbb{W\xed\
\xce\x1c7\xe4\x9a\xbf\xb4\xc5\xd7\x92\x9d\xfb\xed\x9e\xceX\
\xeaq\x1d\xd6\x14\x80\xb5\xb4\x9c\x02\x92h\x0c\xc0~\xb6\
7\xd5J\xd9oE\xe7\xda\x95rc\x83 \xd5i\x9d\
\xb0\xbd\xc4\xca\x9b\xde\xb5\xd5\xe1\x17;v\xff\x1b\xbd\x1b\
)I\xbf\xe8l\x87\xedS2\x04\x0c\x88\xb8\x83}\x1f\
\xa4\x5c\x89) \xb3\xde\xcdq\x9e\xce\x100\xc0[\xdd\
\xff4\x93R\xb4\xd4f\xed|\xce\xb3n\x8a\x09\x89\x98\
\xa3V\x92\xcc\xf4\x0d\xdf\xe1\xed&\x8e\xa8`\xc6\x22\xef\
\xab\x05V\xe4a&%\x9avZ\x8b\x006\xcd]\x92\
y}\xc5Y/\xb7\xdd\xcaJ\x80KvJ\xcb\xe0W\
\xf5}rZ\xd6\x1b3\xe3\xf8?\xb9\xb1\xf8\xa1\xdd+\
\xd1\xb1\xa7?{u\xd6\x9f)w\xde\xd3\xa4\x19?\xc4\
\x0f\xdeW\x873\xb7\xf9Om\x87d\x0b\xf6\xd0\xc1\xaf\
\xc1T{\x9d'$\xf3\xf6\xdc\xc1\xe3P=\xa0w\xd9\
\x066\xe7\x0f\x95\xcf\xf7\x8b\x94y\x8fX\xb7e\x1b\xb3\
\x1e\xbcS\x04\x92\xe2\x15\x014\xb5\xde\xd2Q\xb7\xa3\x14\
I \xa7\x08 \xba\xc8\xda\xc7@\x94\xd5q\xd7\xcd\x85\
\x16@\x02H\x00\x09 \x01$\x80\x04\x90\x00\xf2\x7f+\
\x80\x04\x90\x00\x12@\x86\x0f\xd2\x1d\xdb\x8e\xe4q\xdf\x1e\
]\xfb\xcd\x1e\xfefL\x8c.[\xb1a^\x0eq\xb4\
6j-\xbf\xcbE\x006\x11?^m\x80\x95lL\
\x80b\x1e\xad\xee\x85\x9aX\x9f\x19\xd9\xfe\xea\x93r~\
'\x13\x00\xb6\xa4v\xffH\x19\xffH+#\xd1\xf3<\
\xc3X\x9e\xd3\xb8\x223\xde\xd1S\xd3\xf3\xfdl2J\
Sn\xea\x14\xdfblF\xa6_\xdd\xdbS\x7f\xf47\
\x8a\xb2\xbc\xcc\xd4G\x17\xb8\x95\x92\xe2\x5c\x8d\xedY\xe5\
G\xff\xca\xef'w\xb5\xfa\x1bn`<U\x89\xddn\
\x8eh\x8fM\x22\xf0\x91\xdb\xc2*KW\xd2\xd5\xb8\x12\
\xdf\xf8O;\x165n\x8b\xac\xf5\xc4\xb2\xce\xf1Q\xe7\
\x8br3+\xca\x06\xe7d'\x0b\xb7G\x05\x01\xfc\x99\
$[\xd5l.\x94\xd6\xcbuQ\xae\x14\x17V\xea[\
\xdb\xdd\xe7h|d\x8b\x9b/4\x01~#\xee\xcc\xb4\
\xb4\xb9\xd2\x06\x05\x05\x05\x05\xe5\xd2?\x07-\xef\x7f\x02\
\xfd2\xf1\x00\x00\x00%tEXtdate:\
create\x002018-05-1\
1T14:51:12-04:00\
\x15S\x87\xc6\x00\x00\x00%tEXtdate\
:modify\x002018-05-\
11T14:51:12-04:0\
0d\x0e?z\x00\x00\x00\x00IEND\xaeB`\
\x82\
\x00\x00\x019\
\x89\
PNG\x0d\x0a\x1a\x0a\x00\x00\x00\x0dIHDR\x00\
\x00\x00 \x00\x00\x00\x16\x08\x00\x00\x00\x00\x842\xc1\x98\
\x00\x00\x00\x04gAMA\x00\x00\xb1\x8f\x0b\xfca\x05\
\x00\x00\x00 cHRM\x00\x00z&\x00\x00\x80\x84\
\x00\x00\xfa\x00\x00\x00\x80\xe8\x00\x00u0\x00\x00\xea`\
\x00\x00:\x98\x00\x00\x17p\x9c\xbaQ<\x00\x00\x00\x02\
tRNS\x00\x00v\x93\xcd8\x00\x00\x00\x02bK\
GD\x00\xff\x87\x8f\xcc\xbf\x00\x00\x00\x09pHYs\
\x00\x00\x16%\x00\x00\x16%\x01IR$\xf0\x00\x00\x00\
\x07tIME\x07\xe2\x05\x0b\x0a3\x0cx\xf3\xb4\x95\
\x00\x00\x00\x1eIDAT(\xcfc` \x00\x18o\
\xe0\x97\xd7`\x22d\x02A\x05C\x02\x8c\x86\xc3\x10\x0a\
\x07\x00\x0fj\x03\x10FS\xf0@\x00\x00\x00%tE\
Xtdate:create\x0020\
18-05-11T14:51:1\
2-04:00\x15S\x87\xc6\x00\x00\x00%t\
EXtdate:modify\x002\
018-05-11T14:51:\
12-04:00d\x0e?z\x00\x00\x00\x00\
IEND\xaeB`\x82\
\x00\x00\x03^\
\x89\
PNG\x0d\x0a\x1a\x0a\x00\x00\x00\x0dIHDR\x00\
\x00\x00D\x00\x00\x00C\x08\x04\x00\x00\x00\x8f\x1fk\x81\
\x00\x00\x00\x04gAMA\x00\x00\xb1\x8f\x0b\xfca\x05\
\x00\x00\x00\x02bKGD\x00\xff\x87\x8f\xcc\xbf\x00\x00\
\x00\x09pHYs\x00\x00\x0b\x13\x00\x00\x0b\x13\x01\x00\
\x9a\x9c\x18\x00\x00\x00\x07tIME\x07\xe2\x05\x0b\x0a\
3\x0cx\xf3\xb4\x95\x00\x00\x02}IDATh\xde\
\xed\x98\xbfo\xd3@\x14\xc7?\xcfM\x9a\xa4Tm\xa4\
VEbB\x88\x01&\xaa\x96\x01\x16$D: (\
\x03\x13;bbbbB\x85?\x81\x01\x09\x89\x89\x81\
\x0d\xc1\xd0\x85\x05\x10\x0c\x88J\xa8\xedX!\xfe\x81 \
Q~\x14\x12\x14\x12?\x868\xe5\x1c\xdb\x89C\xec\xc4\
\x95\xee{\xf2\xdd\xf9\x9d}\xfe\xdc\xbbw\x97\xe8\xc0\xca\
\xca\xca\xca*YI\xd0\xa4s\x1ce\x16\xc1EQ#\
o_5>\xcb\x97\xd4A\xee\xca\xda9nr\x96B\
\x87*\x90\xd7\xf9\xc0#^K3U\x07\xe9\xb2\xbe\xd5\
\xfe\xda\xd0J\xd2_\xceu\xdd\xafr\x06P~\xa1\x88\
\xe71\xffU\x00NsM\xdf\xcb\xcf\xd4@\xf4\x10\xcb\
\xe4Q6y\xc0o\xc4K\xce~M(\xb1\xca\x0a\x0e\
\x8b\xcc\x91\x1e\x08y\x8a\x80\xcb'\x9eH#\xecq\xcd\
Qb\x05\x98a2I\x0cpB\xad\xd1\x81\xe8\xf2\x1d\
\x80R`RS\x01\x89\x94\xb8\xd4Q\xa0H>Y\x90\
\xf0qI\x8f7\xea4\xc9S\xa4\xa2e@\xbc\x106\
s\xf6\xef\xc4\xeb\xcd\xdf\xaa|\xe3\xa3T\xe3\x80\xf4R\
\x95\xaf,0\xcd\x1dj\x06\xb2\x18y\xff\xb2\xc1;}\
\xc8K\xd1a@\xb6y\xc6\x0d&(S\xfe\x9f)\xf0\
t\x95#\xec\xb11\x04\x88\xfc\xd0\xfb(\x15\xe6\xc9\xd1\
\xd9m\x89\xa8\x85\xdb\x852\xc2\x12\x97\x86\x02\x01\xd9\xd1\
\xdb\x1c\xe7\x18\xb3\x08\x8a\x02j\x94\xbds\x05\xa6\xb8\xc5\
\x12\x05N\xe9\x94\xd4\xa2@4\x16\xca\x1e[l\x0d>\
\x04\xef\x13\x93\x5cf\x91\x09J\xe6\xca\x1bp\xf9&\xa4\
V{<\xe6\xea\x1c\x0fH\x88\xc6\x03\xd2\x0e\x80\x18\x1e\
\x918\xbd\x0d\x0d\xd2\xc3#\xb1B5A\x8fD\x82\x8c\
\x0a\xe3\xdf\x8e2V\x90\x01bd\x0c\x0a\x03I;T\
\x07\x88\x91Q\xad\x9a\x8325\xe9+#\xcb7CS\
\x939\x8fd\x04\xe4 lh:\xa2\x9f\xbd\x0c\xfd\x0d\
\x08\x0c\xd8\xae\x9an\x94q\x06\xab\xf5H\x10\xc4\x90\xdd\
\xd0\xc8T\x8c\x18\xcau=\xe0\x020MQ\xa3v\xd9\
!\xac\xf7:\x9e\x08\xd90\xfd 5\xaa(\xc2\x05\x9e\
\xd2\xa0\x85\xeb\xa5VD\xde]\xf6i[k\xd7\x8b\x9c\
\xc4\x01\x1a\xfc\x89\x00\x91\x96\xbe\xe2\x22\x0b\x14\xa8\xd0\xef\
\xecC\x03\x96\xf8\xb6\x22\x0eM6\xd9\x8d\xf2\x08\xacs\
\x82\xeb\xcc\x1b'`\xe9\xc8e\x9b\xe7\xd22\x9c\xd0\xfd\
\x84\xcep\x85\xf3\x1c&\xe7;\xeeu\x90\xd02X\x8b\
\xd3R\xe7\x0d\x8f\xe5\x85o6\xc2p\xd5\xa1\x9d\xcc.\
\x1c_\x97&P\xb05\xf8\x8e\x1f\xa5\xc6\x8e\xecbe\
eee\x95\xaa\xfe\x02\xc1)\x05\xa9\xben/\xeb\x00\
\x00\x00%tEXtdate:crea\
te\x002018-05-11T14\
:51:12-04:00\x15S\x87\xc6\
\x00\x00\x00%tEXtdate:mod\
ify\x002018-05-11T1\
4:51:12-04:00d\x0e?\
z\x00\x00\x00\x00IEND\xaeB`\x82\
\x00\x00\x06\x83\
\x89\
PNG\x0d\x0a\x1a\x0a\x00\x00\x00\x0dIHDR\x00\
\x00\x00\xc8\x00\x00\x00\xc8\x08\x04\x00\x00\x00\x07Qf\x15\
\x00\x00\x00\x04gAMA\x00\x00\xb1\x8f\x0b\xfca\x05\
\x00\x00\x00 cHRM\x00\x00z&\x00\x00\x80\x84\
\x00\x00\xfa\x00\x00\x00\x80\xe8\x00\x00u0\x00\x00\xea`\
\x00\x00:\x98\x00\x00\x17p\x9c\xbaQ<\x00\x00\x00\x02\
bKGD\x00\xff\x87\x8f\xcc\xbf\x00\x00\x00\x07tI\
ME\x07\xe2\x05\x0b\x0a3\x0cx\xf3\xb4\x95\x00\x00\x05\
\x8bIDATx\xda\xed\xdd=\x88\x5cU\x18\xc6\xf1\
\xf7\xaa\x90]\x0bW\x92\xb5\x88\xa5\x90\xc6N\xb0\x10\x96\
\x01\x13B\x8a\xa0\xd6vZ\x04\xc4&B@\x90\xdd\xca\
bJI\x82\x22Hl$\x81D\xb0qX\xc4BR\
\xf8\x81\x8d`'\x82_\x850\x13d\x1371q\xb3\
\xc2\xe6\xb1\x18cv\x9333w\xee=\xe7\xbc\xcf\x99\
y\xfe\xe5-f\xde\xf7\xfe\xd8\xbd\xd9\xcc\xc75SJ\
)\xa5\x94RJ)\xa5\x94RJ)\xa5\x94RJ)\
\xa5T\xa8\xca{\x80\x98\xa1co\xda\xb3v0\xea\x83\
^\xb3\x81\xf5\xed{\xeb\xd9\xb7\xd5\x1d\xef\x0d\x8b\x0ak\
\xb8\x83\x94\xfd\x81.\x96\xbc\xb7,&t\x12s\x0c\xbb\
\x8aSx\xd8{\xd7\x22B/\x03\xc7\xb0\xcf\xf1x\xba\
=f\xe6\x1a\x82~\xe4k\xc7\xb8~\xb2\xe3\xd5\xcfi\
\x1e\xfa\xa1lK\xccR\x87\xec3\xecO\xf3\xd0\xb3\x03\
\xf2]\xd6g;d\x9f\xe0\x11\xef\x95\xa9C\x07;\xd9\
\xae\x22\xc3\xde\xf2\xde\x99<\xace&\xb9\x8ee\xef\x9d\
\xc9C\x07=\xf43\x92\x9c\xf1\xdex\xce\xc2\x0a\xd6q\
\x05WG\x22_\xd3u$c\xe8\xee\xfa\x15\xb8\x83[\
A\x92\xa3\xdeS\xceM8{\xdf\xa9\x0f_\x9f\xde\xf5\
\x9esNz\x80\x03\x00~\x0f\x1c\xbb\xec=\xe9\x5c\x14\
\xe4\x006\x02\xc7~\xf4\x9eu\x0e\x1a\xc1\x01\x5c\x09\x1c\
\xbb\xe1=\xed\xcc7\x92\x03X\x0f\x1d\xf4\x9ew\xc6\x1b\
\xc3\xb1\x83\x15\x81dn\x0c\x07\xd05\x13H\xd6\xc6r\
\x9c5+\x12\x04\xfbp\x1c\x1f\xe0k\xfc\x8a-\xc4\xae\
\x8f\x1e:~\x1c\xc5\x81`?\xde\xc1_\xd1\x19\xf6\xb6\
\x83U/\x8e\xc2@p\x12\x9b\x891\xee\x92D\xff)\
\xa9\xc7Q\x10\x08\x16p>\x0b\xc6\xb0\x9e\x0fG1 \
X\xc0W\x199\x80\xbe\x0fG9 \x17\xb2rD\x05\
\x99\x86\xa3\x10\x10\xbc\x91\x99#\xe2\xaf\xac\xe98\x8a\x00\
\xc1\x81L\x97\xf2{E\xbb\xa8O\xcbQ\x06\xc8\xe9\xec\
\x1c\x91\xfe\xd9;=G\x01 X\xc0\xcd\x8c\x18\x11\xff\
0l\xc2Q\x02\xc8\x0b#V\xfa\x18GR\xbe\xdd\xb2\
\xf5\xdc\x8d8J\x009\x17\x5c\xe9\x84\xf7\x5c\x13\xa6n\
\xc8Q\x02\xc87\x81\x09/zO5a\xe6\xc6\x1c%\
\x80\xfc\x16\x98\xf0\xb0\xf7Tc'n\xc1Q\x02\xc8\xed\
\xc0\x84\xc4\x1fii\xc7Q\x02\x08\xfb\x80{\xa7m\xc9\
Q\xc0\xbe\xf4\x03\xee\x9e\xb55G\x01\xfb\xd2\x0fxo\
\xd2\x08\x1c\x05\xecK?\xe0\xdd9\xa3p\x14\xb0/\xfd\
\x80\xc3)#q\x14\xb0/\xfd\x80\x16\x93\xa3\x80}\xe9\
\x07\x8c\xcaQ\xc0\xbe\xec\x03\xc6\xe5\xe0\xdf\x97|\xc0\xd8\
\x1c\xec\xfb\x92\x0f\x18\x9f\x83{_\xf2\x01Sp0\xef\
K>`\x1a\x0e\xde}\xc9\x07L\xc5\xc1\xba/\xf9\x80\
\xe988\xf7%\x1f0%\x07\xe3\xbe\xe4\x03\xa6\xe5\xe0\
\xdb\x97|\xc0\xd4\x1cl\xfb\x92\x0f\x98\x9e\x83k_\xf2\
\x01sp0\xedK>`\x1e\x0e\x9e}\xc9\x07\xcc\xc5\
a\x16\xf8\x12\x9a\xa8\x1f\x8dh? \x01H>\x8e\xe0\
\x17mF\xfe\xf0P\xdb\x01\xddArr\x04\xbe\xb5.\
\xc1\xc7\xeb\xda\x0d\xe8\x0c\x92\x97\xc3\xec\xbeo\xadK\xf4\
\x01\xd46\xe3\xb9\x82\xe4\xe70\xfb\xff[\xeb\x92~D\
\xbb\xf9p\x8e >\x1c\xe4\xf9\x81\x88#|Z\x9c@\
\xc41\xea\xc4\xb8\x80\x88c\xf4\xa9q\x00\x11\xc7\xb8\x93\
\x93\x1dD\x1c\xe3OOf\x10qL(/\x888&\
\x96\x13D\x1c5\xca\x07\x22\x8eZ\xe5\x02\x11G\xcd\xf2\
\x80\xa0+\x8e\x9a\xe5\x00\xc1\xca\x98\xbb\x82\x88coY\
@\xd6\xc5Q\xbb, \x03q\xd4\xce\x11$\xc5\xab\x81\
\xbc\xafs\xd4^\xc2\xebWV|\x8e\xd5]\xf7\x09\xe5\
{%\xb0\xf6\x1a>\x17\xf5\xf9{\xad\xbc\xf6\x22\x19@\
\xcc\xb0\xba\xe7u\xecn\x82g`\x7f7I\xedE\xb2\
\x80\xfcws\xae\x01\x06X\xc7J\x92\xc7'z\xbfU\
\xab{\xe1\x86N\x7fU\xe0\xddu\x99\xf6\x98\x9d[\xaf\
\xceH\x02!K d\x09\x84,\x81\x90%\x10\xb2\x04\
B\x96@\xc8\x12\x08Y\x02!K d\x09\x84,\x81\
\x90%\x10\xb2\x04B\x96@\xc8\x12\x08Y\x02!K \
d\x09\x84,\x81\x90%\x10\xb2\x04B\x96@\xc8\x12\x08\
Y\x02!K d\x09\x84,\x81\x90%\x10\xb2\x04B\
\x96@\xc8\x12\x08Y\x02!K d\x09\x84,\x81\x90\
%\x10\xb2\x04B\x96@\xc8\x12\x08Y\x02!K d\
\x09\x84,\x81\x90%\x10\xb2\x04B\x96@\xc8\x12\x08Y\
\x02!K d\x09\x84,\x81\x90%\x10\xb2\x04B\x96\
@\xc8\x12\x08Y\x02!K d\x09\x84,\x81\x90%\
\x10\xb2\x04B\x96@\xc8j\x07\xb2\xfd\xe0!,y\xaf\
4mX\x0e\x1c\xfc\xdbk\x9av \x83\xc0\xb1g\xbc\
Vi\x5ch\xe2\xc1\xd4\x8f\x12\xa9v \xa1;5\x9d\
\xf0Z\xa5q\xaf\x07\x8e\xb9\x81\xb4\x0a\xe7\x827}|\
\xc5{\xae\xa9vx-\xb8\xc3{\xdes5[\xe6\xc5\
\x11\xb7E\xbd\x80\xe7\xf9\xaf%X\xc2a\x5c\x1a\xb1\xc1\
1\xaf\xa9\xda\xdd\xa5m\xd16\xecQ\xaf\xd1\x13v\xc3\
\x9e\xa8\xfe\xf1y\xeaV\xd7\x90j\xcb>\xf4\x19;q\
\xef{q\xb4\xfc\x091\xc3\xb2\xfdb\x8fy\x0d\x9f\xa8\
?\xed\xa9j\xd3\xeb\xc9[\xfeaXm\xd8\xdb^\xa3\
'k\xcd\x8f\xa3\xf5O\x88\x99\x19.\xda\xcb~\x0bD\
\xef\xa3\xeaU\xcf\xa7\x8f\x01\xb2h\x97\xed9\xcf%\x22\
\xf6\xa5\x1d\xab\xb6\xdb?L\xf3\x22\xfc_V\xb5eG\
\xec\x92\xe7\x12\xd1:\xef\xcd\x111\x9c\xc2u\x94\xdc&\
Nz\x9f\xc3\xd8$\xcb8\x83[\xde\xe7\xb5Q7q\
\x1a\x07\xbc\xcf\xdf\xb0\xc87\xa9\xc6\xa2\x1d\xb5\x97\xeci\
{\xd2\x0e\xda>\xef\xe5&\xb4m\x03\xeb\xdb\x0f\xf6\xa9\
}Q\xdd\xf6\x1eF)\xa5\x94RJ)\xa5\x94RJ\
)\xa5\x94RJ)\xa5\x94R\xe3\xfb\x17\x10~\x84\xd6\
\x8f\x0f\x0a/\x00\x00\x00%tEXtdate\
:create\x002018-05-\
11T14:51:12-04:0\
0\x15S\x87\xc6\x00\x00\x00%tEXtdat\
e:modify\x002018-05\
-11T14:51:12-04:\
00d\x0e?z\x00\x00\x00\x00IEND\xaeB\
`\x82\
\x00\x00\x9b\xd3\
\x89\
PNG\x0d\x0a\x1a\x0a\x00\x00\x00\x0dIHDR\x00\
\x00\x01\x00\x00\x00\x01\x00\x08\x06\x00\x00\x00\x5cr\xa8f\
\x00\x00\x00\x01sRGB\x00\xae\xce\x1c\xe9\x00\x00@\
\x00IDATx\x01\xec\xbdY\xb3f\xc7u%v\
\x0aca(\xa00\x10\x041p\x9e\xa9\xd6@\xcb\xa2\
F\xb7\xba\xa5\x08\xcb\x8e\xb0\x22\x1c\xd1\xed\x0eG\xf4K\
\x87#\x1ca?\xe8\xc1\x8f~\xf5_i\x85&\x8e\x1a\
HjhI\x94ZMJlQ\x9cA\x00$&\x12\
Sa\xa8\x09\x85\x1aP\x85\xf2Zk\x0f\xb9\xf3d\x9e\
{\xbf[\x92\xc2\x11\xc6\xcd{\xcf\xc9\xbd\xd7^{\xef\
<\x99'\xf3;\xdf\xf9\xa6#\xcf\x9f=\xfb\xec\xb2,\
\xc7\xb0\x1d\x96\xc3\x1e8\xec\x81\xb7V\x0f\x9c\xbd\x01\xc7\
\xfb\xc0[\xeb\x98\x0f\x8f\xf6\xb0\x07\x0e{\xc0{\xe0\xd8\
u\x10\xce\x1ev\xc7a\x0f\x1c\xf6\xc0[\xb2\x07\xcer\
\x018,\x87=p\xd8\x03o\xd1\x1e8\x5c\x00\xde\xa2\
\x03\x7fx\xd8\x87=\xc0\x1e8\x5c\x00\x0e\xcf\x83\xc3\x1e\
x\x0b\xf7\xc0\xe1\x02\xf0\x16\x1e\xfc\xc3C?\xec\x81\xc3\
\x05\xe0\xf0\x1c8\xec\x81\xb7p\x0f\x1c.\x00o\xe1\xc1\
?<\xf4\xc3\x1e8\x5c\x00\x0e\xcf\x81\xc3\x1ex\x0b\xf7\
\x00\xdf\x08\xb4Sy\xee\xcc\xd9\xe5\xcd\xab\xcbr\xe4\xc8\
\x9c\xbe\x01\x83?\xb7\xccQ\xc4\x86\xe1\x08w\x932E\
\x05N-\xf3(N\xdd9G\xf2\xd9\xa01\xcf\x80\x14\
`\xa7\x1c\x1d\x7fr\xd0\xd3\xac\x8dg\xee%\x88\x9b\x12\
I\xc1\x0c\x07\xe5\xd3kO\x9fU|O\xefUo\x94\
\xd6CIop\x93h\xdc8}\xcaH\xec\xc6W\xac\
I\xb6\xddr\xac\xbc\xfb\x94\x19u\xc5j8\xf8[.\
=\xee\xda\x1e\xfc>\x87k}\x10\xe5\xbdx\xf9r\xcb\
\xbf\x87\xb4\xf3\x02\xf0\xe6\xd5\xabX\x00\xb0\x02\x5c\xc5i\
=I\xe8M\x19S\xc1\xe7@\x8b\x00R,G\xe0\xb3\
\xd1eC\xea=\xf82\xad[\xe4\xe0\xd5e\x9ec\xf0\
I>\x07q\xb0\x8eH\xa1\xec\x94\xa3\xe3\xc7\x89\xd2\x1f\
e\xa1\xd8\xd1\x14\xb3\xd9\x06Fk\xd7\xcatP>\x13\
\xee\xe9\xb3\x8a\x1f\xddmM\xec\x8d\xd2z(\xe8\xad\xbd\
ERn\xf0g\xe7[\x0b\xd3\xa4\xbd\xf8\xb2a7m\
\xd7\xbe9V\xde\x1b\xfc\x15+\xb3\xf1\x900m\xa6g\
\xf4\xaa\xf5\xe6\xb3\x07\xbf\xcf\xe1Z\x09^N\x0d\x1a\xf7\
-\xd7\xf0\x14\x00\xa75[=)\x1b0\xf8s\xcb\x1c\
E`\x188yfe\x8a^\x03\x9f\xb1w\xce\xe1I\
\xad\x1a[0 \x05\xd8)G\xc7\xb7\x96\xad\x8f\xbdP\
\xd4?\xd5n\xb6\x8e!s\x22)\x98\xd7A\xf9\xf4\xda\
\xd3g\x15\xbf\xf1{)\xb5\x09?m\x14Vc\xbfq\
\xfa\x14V\x1fp\x8b\xdfG\xde\xcdg\xc5R\xeb\x14\xa7\
7$\xbe\x99\x03\xfc-\x97\x1ewm\x0f~\x9f\xc3\xb5\
\xe6\xd6\xb5e?\xe5\x1a\x16\x00K\xb8\xd5\xc9\xfd\xc1\xb4\
\xf4\x87\x8b@\xeb\x8b\x90\xba\xbe*\x8a\x89\x05p\x87\x0e\
\xe9\x948\xb9V \xfc\x12I\xc1\x82\x99\xba\x02\xf7\xe0\
\xd3kO\x9f1T\xcb]\xa4\x8c3\xe1\xa7\x8d\xc2\xda\
\xe7\x9f\x88\xdfG\xee\x83\xeevN7\x9f-\xfef\x0e\
\xb86o\xb2Z\xe9q\xd7\xf6\xe0\xd3s\xf0in-\
\xf0>\xd25.\x00\x96~\xab\x03\xfa\x86\xb5\x16\x1c.\
\x02\xad/B\xea\xfa\xaa(&\x16\xc0\x1d:\xa4S\xe2\
\x84X\x81\xf0K$\x05\x0bf\xea\x0a\xdc\x83O\xaf=\
}\xc6P-w\x912\xce\x84\x9f6\x0ak\x9f\x7f\x22\
~\x1f\xb9\x0f\xba\xdb9\xdd|\xb6\xf8\x9b9\xe0\xda\xbc\
\xc9j\xa5\xc7]\xdb\x83O\xcf\xc1\xa7\x07Z\xf0\x0d\xe9\
\x1f\xb1\x00X\xfa\xad\x0e\xd8j\xc7\xe1\x220\x8eD\xd7\
WE1\xb1\x00\xee\xda!\x9d\x12'\xc4\x0a\x84_\x22\
)X0SW\xe0\x1e|z\xed\xe93\x86j\xb9\x8b\
\x94q&\xfc\xb4QX\xfb\xfc\x13\xf1\xfb\xc8}\xd0\xdd\
\xce\xe9\xe6\xb3\xc5\xdf\xcc\x01\xd7\xe6MV+=\xee\xda\
\x1e|z\x0e>=\xd0\x82O\xa4\x9d\x17\x80\xed\x98\x87\
\xf7\x04\xd6\xfd:\xf4U\x01\x0e\xef\x09\x94\xce\x88\x93\xb7\
\x87\xb2;\x1b\xdc$\x1a\xb7&\x5cc5i/\xbel\
\xdc\xa9\xec\xe6\xb3b\x85\xf3f\x9bHh>M\x22X\
\xb4\x8c\xd3\xf3\x8b\xb6\x07\xbf\xb0<\xceVd7\x97j\
\xe7\x05`LR\xa2\xe0P\xf6\x1f\x94\xca\xe7 \xce\x1b\
9G\xe1\xab\x0e\x98[\xa7\xe85\xf0\xed\x18\xa7\xd1\xc6\
\xc1r\x9aU\xa3\xcf\x80\x14\xe0p\x11(\x9daC\xbb\
9\x1bzf;\x876N\x9f2N\xbd\xe7\x16\xdf\xc6\
<\xe2\xee\xe6\xb3b\x85\xf3\xe6\x1c\xd8\xcc\x81@}\xac\
\x0c\xb5\xc2\x9d\xb5\x07\xbf\xcf\xd1\xe2\xec'\x1dh\x01\xd8\
;\xc9\xe1\x22\xb0\xee\xecap\x0bp\xb8\x08\x94\xce@\
\xc7I\xeb\xa1\xecN\x83G\xe3\xd6\xa4n\xcc&\xe9\xdc\
\xed\xd5\x8c/[j=i\xff\x1c+\xef\xde=\xa3\xae\
X\x0d\x07\x7f\xcb\xa5\xc7]\xdb\x83\xdf\xe7h)\xf6\x92\
\x0e\xbc\x00\xec\x9d\xe4p\x11Xwv?\x88\xb0\x16\xe0\
p\x11(\x9d\x11]\xd3C\xd9\x9d\x06\x8f\xc6\xfd'h\
\xef\xb3\xc5g\xa2\xc6l\x92\xf0^]\xb5)\xd5\x14\x0e\
\x9c\x03\xf17R\xacpg\xed\xc1W{\xb3%\xfb\x0b\
\xd7\xb4\x00\xec\x9d\xe4p\x11Xw\xfb0\xb8\x058\x5c\
\x04Jg\xa0\xe3\xa4\xf5Pv\xa7\xc1\xa3qk\xc25\
f\x93t\xee\xf6j\xc6\x97-\xb5\x9e\xf4\xcf\x9e\x03\xe9\
\xfa\x8c\xd9\x90\x15\xee\xac=\xf8\xcds\x7fi\xf7\x05`\
\xd2\xba\x09\xe4\x19\x0f\x17\x81u\xd7\x0f}U\x80\xc3E\
\xa0t\x06:NZ\x0few\x1a<\x1a\xff\xd9'(\
\xdb5\xa6U\xbb\x1a\xdc$\x1a\xb6\xf8\xb2\xc9\xb3\x97x\
\xe0}\x84$\xad\xf0\xc6jR\xe3\x1eD\xday\x01\xd0\
I:\xc96\x81<\xff\xe1\x22\xb0\x1e\x88\xa1\xaf\x0ap\
\xb8\x08\x94\xce@\xc7I\xeb\xa1\xecN\x83G\xe3\xd6\x84\
k\xcc&1\xd8\x16_\xb6U\xb6P\xb7|Z\xe4&\
\xf5q\x22B\xab\x1b\xb3I{\xf9\x0c,\x07z\xbc\xc5\
\xdfE\xday\x01\xb0\x86!\xd5$\xdb\x04\xf2\xdc\x87\x8b\
\xc0z\x10\x86\xbe*\xc0\xe1\x22P:\x03\x1d'\xad\x87\
\xb2;\x0d\x1e\x8d\x07\x9e\xa0c\x88U\x0e\xaa=\xa9\xd7\
\x92^X\x85\x01\xb1h\x8d\xecR\xb3\xb9\xd4W{\xf0\
i\x02y\x1f\xfe\x10`\x05\x1ch\x01\xb0\x94-i\x8d\
\xe5\xed\xa8\x90\xcb\x87\x8b\x00;\xe2\xd2\x9bof\xdf\x0c\
}U\x80\xc3E\xa0t\x06zLZ\x0f\xad\xfaq4\
\xfe\xb3/\x02H9f\xb5f5\xbcIe\x9ef\xdb\
\xab\xd0\x98.\xf5U\xa5Jn|\xaa\xd0\xf6\xe1\x0f\x01\
\x0a\xb0\xf3\xa7\x01\x8b\x0f\xf2\xe1\x93t\xe5\x13Hac\
;\xe6\x9fF\xe2\x220\xff\x14\xe1\x96\x0f\xdf'0\xfb\
\x14\xe1\x16_\xfd\xb0\xf1)\xc2\xa9\x0f\xc0\xab\x07\xe4\xf3\
\xe0t\xec~\x94\xfct\xe4\x1bW\xde\xd4\xe4f\x1d\xf2\
eL\xf6KW\xae`\xbb\xba\x5c@\xfd&?G\x8d\
\xf2\x91{\x8f/\xc7\x8f\xde$yhS\x01j\x0e\x91\
}W(6\xe8\xde\xd9\x86w\xd61\xc7\xca\xbc\xaf\xcf\
?\x92\xcf\x06\xec\x99c\x15\xbf\xf1{)\xb5\x09?m\
\x9e\x89z\x14.\x02\xff\xac\x9f\x22D\xfc\xc9\x14P\xfa\
\xd6\xd4&\xd9\xf9\xb95?\xa2\xaf\xe8\xee>}\x15\x87\
\x95u\x89l>\xde\x98\x1eO\xfa\xa6pM\x0b\x00\xa3\
\xfd\xffy\x11\xd0d\xc6$\x8e\x9a\x93\xf9\x0dL\xe67\
\x1c\xbbp\xe52d.j\xec\xee\x18\xd4q\xe9\xebO\
\xc0#\xcb\xcb\xaf_\xcc\x05\x80~\xc3`\x15\xe0p\x11\
(\x9d\x11}\xd5C\xecB\x15\x83G\xe3[y\x11\x88\
\xbe\xd9\xaf\xbe\xe6\x05\x80\x81\xd5\xe5c\xbf\x8f'v\xb6\
\x82\x93\xe6\xff\x9b+\x81x\xb4\xb6I\xcc\x09\xcdG\xe9\
\xf6\xa8\xcdK\xf4\x8b\x97\xaf,WP[\xb1\x09\xad}\
7\xb7\xc7o*\xe0\xe2\xcb\xde(\x1e\x0a\xe1\xeb\x83V\
\x08~\x97\xc0+\xe7\xcf/\xef|\xf3\xb6\xe5\xa6\xeb\xda\
3\xaf\xa1\xfb\x0ap\xb8\x08\x94\xceP\x0f\xa3+{H\
\xfd\xcc\x9d\xc1\xa3\xf1\xad\xba\x08d\xc7\xec#\xec\xbc\x00\
\xb0k\xc7\xe2\xa7\xe8\xd8\xef{.\x02[\xd7N\x930\
J\xb9\xd7\xd3\x81\xcb\x9c\xc4\x98\xb4\xf6(\x1d5\x1f\xad\
1\xc9\x81\x9f\xc7\xa4\xe6d\xb7[\xbe>\x93\xfb\x0a9\
\x1c`6\x88\xa6\xd9\x11kZCL\x06\xce@\xb3\x18\
Y\xb8\x03\xb1\x10\x14\x0bE\x9d\x9d\xa4\x5c\x81\xe7\x89s\
\xe7\x97\x87\x8e\xdd&8v\xb4e|\x82\x058\x5c\x04\
JgD\xd7\xf4\x10{L\xc5\xe0\xd1\xf8\x96\x5c\x04\xa2\
S\xf6\xa9w^\x00\x18g\xecZC9If+\xf3\
\x9c\xcf8\xf0\xf0\xe7,\xeb\xf6\xad}^z\xfd\xfcr\
\xc5\x1f\xa9m\xa2\xe3\x91\x1a\x97\xe4\x170\xb1\xdf\x5c?\
Zw\xb3\x88\x91\xfd\xd1:qF\x07j3U\xc7c\
3/\x1e\xbda\x84\xcdX\xe0\x95\xd9\x1d\x0c\x1d\xa7\x82\
p\x17\x8b\x81\xe7\x09G\x85\xf1\x5c\xa4\xc5\xf4\x06\xf4\xd2\
\xb9\x8bX\x00nm\x98\xec\x93\xbe\xa5{\xd7\xeeT\xdc\
c\xe5S\xf8&\x16`\x96c4\x835\x82\x89\xa4`\
\xc1L]\x815\xc2h\xf2\xe8\xa3\x81\xc8\x8b\x17..\
\xcf]8\x1f#fI\xb0\xcfk%\x0cF\xed\x01\xca\
\xeb\xa7Xa\x97\xadc[W\x06_\xbc\xb6k9V\
\xd9\xc9\x17\xcd[cr\xdb[\xbc\xa6\x93l\x9a\xd5\xf7\
\xdd|t9v\xd3\x0d\xa5W\xcb\xb1C\xdc\x98\x02\xca\
\xd6\x98.\xf5\x95\xb7\xa8U\x8dO\x8c\xdan\xe5@\x0b\
\x00C\xf6\x89\x22\x89?NM\x8c\x13HN\xbb.\x02\
\x9f\xfd\xf6#\xcbG\xef\xbb\xbf\xf5,\xbcK\x97K\x89\
)k\x97\xdcnU\xe5\x13\x14\x8d\xc8\xd3\x07x\x9b\xb6\
< \xe3{\x05\x1e[\xcc\x02\xc9E\x1bhSl\xaf\
 \xd6\x8e\x9a\xc7\xfd\x1c\x92fq\xc3\xeb\xc8r\xfe\x8d\
7\x96\x97p/\xe0m\xb7\xde\xac\x1c\x22\xf9\x8e,k\
M\x0f\x18>XE\xea\xd0\xa2l\xf9\x14J7\x98\x0d\
o\x92\xb7\xa2\x8d\xf9\xcad\xea\x0a\x84S\x22)D\xa4\
\xa8G\xc3\xff\xf3\xbdG\x97\xaf\x9d:\xa5I\xcd\xb1\xe2\
\xc4\xe7M`\xf6\x07\xb7\xeb\xaa\x0c\x84cB\xab\xd9\x8a\
\xdc\xf9!\x8exf\xaf\xf2\x103\xe3Obv\xb9\xcc\
N\x7fJ5\xa6\xc9\xee\x8f^\xf8\xb1;\x8f-\xff\xe1\
\x83\xef\x03\xb3\xf4I\xeb\x1d\x81\xff|\x8b\x80\xd2\xee\xbb\
\xcb\x05v_f!p\xf8\xc6\xd2&\xdb\xda6\xe7\xf3\
\xf8a\xd90\x06\xfc\xa5'~\xb0<w\xfeu\xbb\xe1\
\xe6 +\xcb\x06\x09\xb3\x94\x13\xd5M\xb2\xc8j\xa6l\
\x0a\xf9\xfa#\xd1\xc9&\x1a.\xcc}\x02\x0f\xa2\xe2\xd3\
V\xa2)\x07C\x19\xb9\x18#\x93\x93\xc3\xae\xb4f{\
\xf5\xfcE\x8f\xd5\x22F\xe8\x01q\xc0\xaa\xc1*\xb7\x0e\
-\xca\x96O\xa1\x94vW\xb1c\xf49V\xa6}s\
L\xf9\x0c\xd9\x0cO\xbd\xfe\xfa\xf2_1\xf9\x1bbV\
\xf6V\x14\xf5\xb3+D\xcd\xe2\xfbF\x13\xde\xd4\x1a\x01\
>04\x1b\xe5fo6c\xf4\xbc\xe6\xc7\xa7\xa3\x9b\
6\xb5\xcb\xac\xcf\xbe~n9\x8f\x9b\xc5\xb54\xbf&\
1X\xd1*]r\xb3\xb9\xd4W{\xf0\x07\xd3\x14\xb8\
\xa6\x05\x80\x91Z\xc3j\x5c\xef\x9c\x89q\x02\xc9Q\x1e\
\x1bF\xc2|\xc4\xfc\xeb\x1f=\x93\x5c\xddy\xa7\x01\x9b\
W\xae \xd2\x1a\x03C\x18\x89Y\x98\xd1\xf0\x12\xc00\
\x01 z`\xab\x5c!\xc8\x7f\xdf,\x9c\xd9lo\xb6\
\x08A\xb2\xfdy\xe2$-\xcbI\x5c\xee\xf2\xde\x04!\
\x05uJT\x86\x87\xd6([|2;\x9f\xa2l\xf9\
\x14J\xe7\xdc\xf0&EK\x12I\xc1,\xa6\xae\xc0\xda\
\xa6\x95\xa9\xa9&}\xea\xb9\xe7\x92M$\xed\x10R\x86\
4\xb3\x85\xbd\xebk\x8f!\x1bv\xe6\x17\xcc\xd0[\x22\
\xb3\xb4}03\xa6\x03\x81\xc3s\x1aS m8I\
\xbe\x7f\xfa\xb4\xaeN\xc8\xad\xa5\xc5h\x12\xfd\x8aV\xe9\
\x92\x9b\xcd\xa5\xbe\xda\x83?\x98\x06`\xf7\x05\xa0\xb5\x22\
\x83L \xd8l\xa0fG4\xe7\xbb\xc7\x86\x91\xf0w\
\x9e|r\xf9!\x1e%\xa2\xd8\xc0\xc0\xe23\x9e\x1c\xdb\
\x0aFQ\x0en\x01w=y[\x1c\x0f\xa0\xcaPy\
\x9b\xab\xc7f0\x07(A\xe4f%p\xfa:^l\
\x91' \xde\xd3x\xf1\xb5\x0br5,,\x1e\x8e1\
\x9ah\x92\x03[|\x92:\x9f\xa2l\xf9\x14J\xe7\xdc\
\xf0&Es\x12I\xa16o\x05\xd66\xadL\xa1\xf2\
Q\xf2\xf7_x\xa1\xf5\xac\x0c\xde\x8f\x0a]dw\xb2\
\xfel-\x8aXD(\xebA\xc2\xcd\xa3-X\xdd!\
\xb7\xfc\xf2C\x86\xe2\xa8\x98\xde\xbb&{pT\x8d\xd7\
\xda\xf9\xdc\xf9s\xcb\xcb\x97.\xe8)Lc6\xa9\x85\
n\x12\xc3\x17\xad\x91]j6\x97\xfaj\xe0\xef\x0a\xec\
\xbe\x000bkE\xc6\x9f@\x22\x0a\x9f\x18'\x90b\
\xa9\xfbfF<\xd9\xe2]\xfc\xbf{\xeeG\xc6C\x8f\
G\xa7\x93N\xbf\xbc*\x90n\x98\x1a\xeb\xdc\x16\xd6=\
PE\x0c\x06U\x0c\xc5\xf1\x00%\x0em\xfcW\x95\xa2\
\x03\x84\x89\xf9\x06\x95\x886\xedM4\xc8m\x96kY\
N\xe1* \xda@Z!I\x9b\x22FT\x86\x19\x7f\
\xf0q~\xc3\x0b\xe0Y:\xa4(Ml\x92\xbbx~\
h+\x93\xa9+\xb0\xd2V&\xaa_x\xf1\xc4\xf2:\
\xae\x86\xac\xa8\xb7\xbb\xb0\xd5%\xfa\xce\xc9\xe2\x85]c\
P<\x89\x9b\x0d^\x10\x82G\xdff\xa3l9\x15\xd3\
y\xc15^h%\x06\x02\x9aM^\x9d|\x1dl\x8f\
\x9d>i\x06\xcf\x95J\x11&Q\x95\xa0\xe1\x85\xecb\
\xb3\xb9\xd4W\xa3\xc3\x0e\xc8\xce\x0b@vSkE\x86\
\x9f@\xb0\xb9\xc7\xc48\x81\x14K\x1e3#\x16\x81\x7f\
\xf8\xfe\x0f\x96'\xf0\xbc\xca\x0a\x98\x1c\x84\xc2\xa5\xaf-\
\x04\x00\xed\xdf\x07\x86\x8aqI\xe7f{\xe3\xd7\x18\xc4\
\xf5\x17D#\x07*O\x05\x00n\x94\x9e\xc8X-\xde\
\x8a\x11T\xcf\xff:\x9e\xda\xbcx\x0eW\x01\xc4Q\xac\
r\xc5\xa0\x82\x8f\xc0\x16\x9f\xcc.JQ\xb6|\x0a\xa5\
snx\x93\xa2%\x89\xa4`\x16SW`m\xd3\xca\
\xf4\xdb\xcf>+G\xc2\xd5\xc4q\x08\xc3h#\x17h\
\xa3\x18\xd7c\x08\xf6\x81p\x8a\x87\xca\xa8\x11\xba\x8bQ\
\xad\xbd\x9f\x07\xb6\xac\x916cV\xe0\xd5\x8b\x17\x96\x93\
\x18\xdb\xf4\x87\x90\xb2<\xda\xae\xe1M\x22\xb9h\x8d\xec\
R\xb3\xb9\xd4W\x03\x7f?`\xe7\x05\x80\x81\xb2\x83Z\
+2\xfe\x04j\x1e\x13\xe3\x04R\xac:\xb0\x02x\xbb\
\x17\xe5Md\xff\xea\x0f\x7f\x88[\xaf\xed>\xbdZ\x84\
\x81^_\xf21\xc6\xf4\xaa@3\x14^H\xde\xf2\x1b\
WX\x82\x8a`\xc7K\xcc\xf1@\x058\xde\xccE\x82\
\xd8r\x04No\xc3)\x5c\xc5;\x09O^\xb8\xc4C\
S\xb8V\x91\xd5\x97\x01q\xc0\xaa\xc1*\xe7\x0e-\xca\
\x96O\xa1d{\x18\xa8\xe1M\x8a\xd6%\x92\x82YL\
]\x815\x96\x9b\xbe\x8e\xe7\xc9?8w\x0e9\x1aW\
\x92\xab\xacLl{\xf6k\x94&z\xdf\x86\x01u\xb3\
Q\xae\x19\xa0\xc3\x18\x08y=7\x82\x80!\x9e\xe9\x03\
\x0f\xc6\xf0\x0b\xdbQ\xbc\x0c\xf0\xf7\xaf\xbe\x1c\x01\x96\xeb\
\xe3.@\x89\x93F\x17\x22F\xd7\x8a=\xf8t\x1b|\
\x1ch\xf8:\xcb\xb6~\xa0\x05\xc0\x92og\x9b7\xc0\
;jb\x9c@j\xa9<:\xa3-\x02\xdf|\xf2\x89\
\xe5\xfb\xe7^C\x0fpp,n\xd0\xa4\x0bo\x07K\
\xc6t!`\x17:\x97\xfe\x16\xc3$\xc04eQ\x0c\
\xc5I\xa2\xf8\x81\xbb\x22\x1f\x8f\xe0D\x06\xb2X-^\
\xcf8\x83\xa7\x01\xe7\xde\xf0\xcb_\x9a\xdc3Zd\x88\
\xed\xdd\xdc\xa0}\xf8$v>E1\xb1\x00\x1e\xb5C\
\x8a\xd2\xc4&EC\x12I\xc1,\xa6\xae\xc0\xda&\x98\
~\xe7Y\xde\xfc\xb3R\xfb\x88^\xd5Sc\x12DX\
:[\xe5\xc2`\xe3\xe21\x07\x9b\xd9#T\x8bc1\
\xa5+\xc6*\x7fd\x9c\xda\x18\xed\xear=\x1e\x98^\
\xc6\xa3\xffY\xbcG%\xca\xcd\xd7_\x1f\xa2\x02\xb6|\
\x0d\xa6\xd4\xf0&\x11,Z\xef0\xf3q\xf2^>C\
\x10\x00\x07^\x00\x18$\x87`\x92m\x025\x8f\x89q\
\x021\x85\xe5\x08\xa3\xe6\xbf=\xf2\x7f\xe5\x07O,o\
\x1e\xb9\xce:Gg\x06Z\x03^P\xe5\x09\x80X\x14\
\xb6\xd7\x16\x02#\xd2d\x1b\xf5\x1eK\x8b\xc7 \xcf\x8a\
\xa2x\x1c np\xd4\x00b\x16\xce\xcd\x0e\x10&N\
U\xc5\xf07p\x03\xecE\xbc30\x8b\xdb\xadJ\xf2\
\xda\x9czk\x03\xa1\x91?\xa0\x85\xb2S\x8e\x81?D\
$\xd02\x17~\xc3W\xa0\xf3_\xb9ti\xf9\xb3\x13\
'\x9a\xaf\xe3\xc9\x86`}\xcbHVh\x0b\xbb\xc9\x22\
\xc9Xm\x04\xc4\xf3\x0e\x9f\xda\xdcK6\x91\x05(\xa7\
I\x16#\xc6\xac\xc50r\xd3\x8dw;\xde\xde\xfd\xe5\
WN\x84\xab\x1e\xfbo\xd0\xd5k\x17<\xdb\x9fD\x17\
\x1a\xabI$\x17m\xedRl\xce\xea\xab\x81?\x03\xae\
i\x01` \x0e\x8e\xca\xa4\x85\x13\xa8yL\x8c\x13\xc8\
C\xd3b\x8f\xfeV\x1dY\x1e\xc1\xcd\xc0'\xce\x9dE\
\x03\xac\x05\xe6\x8b=u\xc7\xe4\xcc\x16\x06\xe6\x09X\xd1\
kzU\x00.\x0f\xc9+\x0b\xe1\x800\x8fA\x83b\
(\x8e\x14q#\xb6\x051\xdc0\xe3\x0b'\xbc\xcaq\
\xfa\xe2%\xfb\xcdEE1?\x8a\x96\xce\xf6ajx\
A\x9c\xb2\xc5\x1f|J\xc8-\x9fB\x89\x86(a\xc3\
\x9b\x14-I$\x05\xb3\x98\xba\x02a\xfa\xd4\xf3\xcf/\
W\xd8\x19(\xdc\xb3O\xfd\xa0]\x97I\xbb\xb4;\xe4\
n\xc5F\xd1cY\xb5\xb2\x99\xdd\xe2\xc8\xb4\x1ag\xcb\
\x1f\xae\x1a\xa3\x8c\x10\x91\xdd\x0fU\xf0\x18\x84\xf2\xcd\x98\
\xfc/\xe2]\x8c\xaf\xf3-\xe7\xa5\xf8\xb3W \xe9!\
\xb1h\x85]Y\x85\x01\xb1h\x1d\x9fJ\xb3\xb9\xd4\x80\
\x81;\x03\xaey\x01\xb0\xe4\xdbI\xe7\xed\xb0\x0e+\xad\
\xce6\xcd\xf9n\x8e\x9e\xf4+\x81\xbf\xf8\xde#\xcb%\
tz<\xaa\xd376\x0d\x0a\x07\x06@\x8bI\xdd\xb0\
H\xc8\x96L\x17\x02z\x15\x7f\x8b\xc1\xbd\xf93n+\
\x8a\xa2\x5c\x91\xcc\x99d\xb7F\xa5hV\x19\x88a{\
\x1d\x0b\xc0\x0b\xbc\x19X\x0bi(V\xb9bP\xc1G\
`\x8bOf\x17\xa5([>\x85\xd297\xbcI\xd1\
\x92DR0\x8b\xa9\x0d\xe4\xc4\xff]\xdc\xfc#\xd2P\
\x93+\xb7\xb3Ci\x5c\xf5n\xd3\xdd\x16v\x1b\x95h\
U\x89\xeb\x04\xf3nm\x13\x9c6\xe2\xa6p\xef0j\
\xf7*\xbc\xb0\xddy\xc3\x0d\xcb\x97\xca\xa3\xbf\x22\xc3x\
\x0b\x9e\x02\x04\xa7E\xb2\xa0\x0d\x17;w\x0do\x12\x83\
\x14-\xb9!4\x9bK\x0d\x08\xcaf\xbd\xf3\x02\xb0\x15\
3;sB\x98@hH\xdf\x91\xb5es~0\xda\
\x95\xc0\xd3/\xbf\xbc<\xfd\xdaY\xbd\xceJ\x9fX\x08\
4q\x95\x81>\xb0\x94\x89LD\xb9\x85\xb5L\x1aX\
\xceDm\xf2Rg\xab\x95\x81\xd1\xec\xfe-\x86\xb9\x08\
\xd61\xc1\xc3\xf9N\x0eTy\x85y\x9c\x1a\x8b\x9fR\
<\x85\x9b\x81\x86Y\xb4Le\x9e\xb9/\xd6\x03\xf3\xe9\
\xdb\xe5(JkO\xcd\xb0\x1f\x7f\x88(\xe7\x0c\x9b\x82\
\xc5\xac9\xbe\xf4\xca+\xcbKx\x0a`\x0ev>T\
;e\xe9\xbeK\x1dh\xca\xb2\x91gXdq\xd8B\
3\x0e\xc7\xc4K\x93,\xbe\x99\x0c\x1dl\xe1\xc4\xf8\xc5\
H\xb1f\xbc\xfd\xfa\x1b\x96\xa7p_\xaa~\xe1\x8b\xb9\
\xf2\xbe\x80M\xaf\xe6\xde$\x04\xe1\xff\xb44\xbcI{\
\xf1\x19\xa41\x9b4\x0d\xbe\x02w^\x00\xfa$}\x94\
\xec\x90I\xee\x09\x04g\xf7\x98\x18\x07h\xf5\xe8o\x99\
\x8f,_\xfc\xe67\x96s\x18\x99\x18`\xfai\xe3h\
\x11\x0f\x9d\x92\xf3\x02c\x0c\xfa\xd9F\xcd}\xd9.\xf9\
\xf7\x98\xac\xe2\x1b\xaf\xb3Zx\x83\x14\x87\xb9\x19G\x8a\
p\x13\x0dgs\xb8E\x1a\xa2g.^\x5c\xce\xbeq\
Y&9\xc4\x8e\x5c\x14\xab\x5c1\xa8\xe0#\xb0\xc5'\
\xb3\x8bR\x94-\x9fB\xe9\x9c\x1b\xde\xa4hI\x22)\
\x98\xc5\xd4\xab\xcbo\xff\xc8\xdf\xd3\xb1j\x0f\xed\xea7\
\xd1\xd93]\xcab#nvQ\x9d\x17\xe9\xacoC\
\xb3\x18\xa6\xc1\x07B\xb3T\xdb*\xa6\xf3\x82\xcb\xbaf\
\x0c\xfc\x9e\x1b\xaf_\xfe\xfa\xd5\x97`\xf5\x07(6\xc8\
\x0fb\xfd\xb1o\x9a,\xa3IlH\xc4q$\xab\x86\
7i/>\x1d\x1b\xb3I\x19pC8\xd0\x02\xd0'\
\xe9#f\xe7LrO 8\xbb\xc7\xc48@\xebE\
\x00}}\xe2\xeck\xcbS\xa7O-\xd7\xfbS\x81X\
\x08\xa2\x8d6\x91-\x12\xf7\x924\xfa\xeb\x93\x80\xbaa\
qDlY.\x04pL\x7fJ\xce\xed0\xe7\xfb\xb8\
{\x18E\xb1s\xa1\x91\xc9\xd4\x9fH\x8e_\xba|y\
y\xe15\xbb\x19H\xa8+\x0eX5X\x11kU\xf6\
\xe1\x93\xdd\xf9\x14\xc5\xc4\x02x\xe8\x0e)J\x13\x9b\x14\
\xadI$\x05\xb3\xf0}\xff_9y\xb2\xf5\x01\xdb\xc3\
>\x0dG\xea\xbe\x05T\xad\xa3\x8d|\xa0\x1e\xc0+\xb9\
&\xd7\x07\xa6\xb7\xd5\xa8\xee^bTk\xef\x07\xae\x80\
\xab\xcb=7\xde\xb8|\xeb\xcc\x99\xe5\x8d~\xe0\xad\xd9\
\xe0\xc4\x15@;\x8eQ*M\x0fc\xd6-o\x93\xf6\
\xe2\xd3\xb103\xce^\xc2\x81\x17\x80\xbd\x92d\xa7M\
Z1\x81\xd4\x5c\xe1\x13c@Ws\xf2\xb7\xa7\x00:\
 \xa8_\xf8\xd6\xb7\x96\xd3W\xf9\x0e\x01+6\x91\xd1\
\x8a2\xe06\x91\xc1\x00F\x9eq]w\xcc\xbd\xedD\
,\x83I\x0fy\x11\xb3\x7f\xf9w\x98\xe3}\x0c\xa53\
\xc8c\x98O6 \xd1\x08|\xee\xd2\x1b\xddM1w\
\x8e\xb0\xaa\x91\x0a\xc5\xf6\x12}7 \x0el\xf1\x87(\
%\xc0\x96O\xa1tMhx\x93\xa2m\x89\xa4\xb0,\
\xf1\xc6\x9fhC1\xb5\xbe\xad\xc7\xe5\x04V&\xb6}\
\x19\xaa\xd2+\xeai\x9f\xa4\x16\xc8CH\xa1\xb5\xd3\xa1\
\x04B\xbc\xb3\x99\xbbP?\x05\x12\xa1p\xef\x8d7-\
\x7fs\xb2\xbd\xeeO\xec\x08\x88<So\xbd\xfe\xba\xe5\
\x06l\xeb\xd2\xe27\x89I\x8b\xd6\xb94\xbcI{\xf1\
\xe9\x5c\x98]\xac\x992\xb6p\xc6\x22\xb6\x8a\xbaR\xd3\
+:s\xcd\x9f\x84p\x1f\xf7\x98\x04\x1c\xa0\xd5bp\
\x1aw^\x1f;\xf1\x12>\x92i7\x0437\x9b\x8b\
\x81\xe8\x16\x02\xc7xf0nl\xd2\x0b\xc6F\x85/\
`\x15\xe3z\xbc\x15\xa6H\xcaUbzt\xfaG\x0c\
\xc5\x05\xae?\x0b\xd8\xc5~\x0dO\x03\xe2*\xc0\xb82\
\xb7]\xc9\xdb\xc0&\xb9y\x00\x0c\x1f\xac\xe2uhQ\
\xb6|\x0a\xc5\x0e\xd6\xb35\xbcI\xd1\x90D \x9c\xc7\
k\xe4\x9f\xc6\xdd\x7fb\xd6/f\x95\x1e\x0ei#\xd0\
\xc6*\xcc\xea\xd3P\xdc\x1ejo3o\xcb`\xcd\x0d\
\x99\x0d\xb0\x9c\x89H\xb78%g\xf2\x22C\xb4hY\
\x1e\xc4g\xfdy\xe9o\x11\xfc\xc1)\xa2\x00\xbc\xfd\x86\
\x1b\xf5\x11\xe6\xe69\x93Z~\xba\x16\xad#7\xbcI\
{\xf1;\xe7}\x94\xdd\x17\x00\x06*\xf9'j\xa6\xb2\
.\x1c\xf9\xdb>\xee\xb1\x8a\x1f\x01\xf3*@@\x5c\x09\
X\xfd\xc7\x8f|g9\x8b\x86\xc9\x15\xbb\x9c\xbc\xee\x1c\
z4\x9e<-\x0c>3\xa5\x93\xab\xb3\x07q\x18\xc3\
})\x99\x7f\x02\xca\x94\xfe\xce\xb5\x18T\x0c0]A\
\x198c\x10\xb7\xc2\xf6\x12\x87\xe6\x1b\xbf\xdc\xe4\xd4\xc5\
7\x82\xa0\xba\xf1\x1dv\x80\xbe\xb32\xa0\xc9'{\xb0\
*D\x87\x16\xc5\xc4\x02x\xc2\x0e)J\x11\x9d\xd9\xaa\
\xb0\xfd\xd1\x0b/.\xe7\xca\x1be\x02\xb7\x86\xf4GE\
[\xda!\xa8\xbfZH\xd9\xc2n\xdc\xd0\xb2K\x93-\
\x8b:{n3O\xcb\xef4kRk\x81\xe5\xf3\x14\
|\xd3\xcfq\xdc\xf9\xff\x87\xb3\xa73\x87\x22\xd3n\xc9\
\x96\xdbpspv\x05@\x07\x0f\xe3\xbeE\x83X4\
\xb7[\xd5\xf0&\x91\x5c\xb4\x8e\xbf\xab\xb2\xf3\x02\x90\x89\
RX7\xacO\x99\xc3\xb9\xe2\x935\x81\x84\x0a_\x1b\
\xfdQ?\x17\x81Xl\x95\xee\xc8r\x01\xef\xbb\xfe\xda\
\x0f\x9fY\xf8\xc9\xeb\xee$\xc1Hj\xf2\x8a\x07\x1b\xe2\
\xdad\xb6\x04\xdc\xb7\x89\xec\x83/\xae\x88\x9d\xaf\x22{\
<\x0f\xa7cP>\x056T1iq\xac\x98\x98M\
\xb80\x12U\xac\xc5\x16gY\xce\xe2\x9d\x81\xa7\xf1T\
\xa0\x96\xa4\x06\xe8\x80\xb58\xc0Vo\xf3\xc9\x19\xacr\
\xec\xd0\xa2\x98X\x00O\xd3!E\xd9\xe2G\xe6\xff\x98\
7\xff\xbc\xf5p\xa0O\x09\xe1\xba\x1b\xdc6\xb5G[\
\x8a\x91\xa2\xa9\xbe\x9f\xda\xe8h\xf9\xd3\x0c!e\xb7\x86\
\xde\xc6\xd0\x10\xee\xdf}\xcb-\xcb\x17_~\x11oO\
G\xd1\xf9\x19l\x02\x90\xf1\x7f\xd7M7-7c\x11\
\xa0\xff\xac\xf4p\xd1 \x16\xadsmx\x93<]\xc7\
;\x88\xb2\xf3\x02\xc0fe\xda\x14,\xd5J\xcd\xfc\xe9\
1!L \xf8\xb5\x13#\x83P\xf0I\xdf\x16\x81\xb8\
\x0a0\xe3\x97\x1e\x7fl\xb9\xc4\x81\xe0\xd7\xab\xa0\xc7c\
\xe2+G\xea-\xe3\xb0\x10 L,\x06d\xc5\x96\xb1\
\x00\x84w\xf8\xd6\x81e\xab\xcd\x9f\xed\x09\x7f\x8f\xa2\xfc\
\x81\x15+cFP\xf7\xbat\x19\x1f\x10\xf2\x8f\x09\x0b\
\xf2]G\x8b\x10\xa8\xbd\xb7*U\xf26\xbf8\xaf\xbc\
:\x9f\xa2\x98X\x00\xf7\xeb\x90\xa2l\xf1\xbf\x86\xf7\xfd\
?\x86\xf7\xfdgG\x22N\xe5R.a$o\xdaa\
h\x5c\xeb\x85\xd4\xdd\x16\xba\xc6\xa6\x1c+q\xd9\x9cP\
\xfbp\xb4\xd1\xd1\x88a\xbb\xe5\xba\xeb\x97[p\xe3\xf9\
\xbbx\x19\xda\xce\xcb\x0cd\xcf\xff\xa1\xf2>\xc0\xbdG\
o\xd1\xb7\x05)\x82S(\xd7\xd2\xc3E\x83X\xb4\xea\
R\xf0\xc2\xd8\x83\xdf9O\x94\x03,\x00\xf4.\xddU\
\xf2\x9be\x12\xbdz\xac\xf8\xdb>\x9e\xc3\xf9\x17q\x87\
<W\x00\xc6\xf3+\x02[y\xcd\xc4\xef\xe1\xff\xab\xef\
?\xbe\x9cy\xd3^J\xa3k\x9b\xd0-^N^\xd8\
YB\x8f\x99X\xfd\xd8\xd3\xd2\x8dI\xb2h\xc4\xacP\
\xb7\xad \xc2\x82\x18\xfej\x01g;\xff\xad\x82\x8bY\
-\x86k0\x9e\xc3\x15\xcde\xff\x1d\x81\x88\xcb\x9a\xec\
\xae8\xa0\xd8\x9d\xc1\x94m>\xed\x83UN\x1dZ\x14\
\x13\x0b`)\xfa(\xc5<\xe3\xff\xf6\xb3|\xe9\xcfZ\
[\xa8\x8a\x91:\xfb3[\xd7\xa2H\xf2]\xb5\xa7,\
\x9bEw1syS-.;\xdfK\xfaB\x97,\
\x93\xd9moD\xd9\xc2\x09\xcc\x0f\xdez\xeb\xf2\xd9\x17\
\xf1\x19\x868\x0fA\xe0\xc3Q\xfb\x88\x9ay\xdfw\xcb\
\xd1\xee)@I\x9d\xd1(\xd4\x5c\x9d\x06Cokn\
\x0do\x12\xc9Ek\xe4}\xa4\x03.\x00\x8cVN\xb9\
U\xc6\x95\x9a\xa9\xd3cB\x98@-\x07\x8c\x97\xa3\xe7\
\xa2\xc33*\x84\xc0P\xff\xdd3O/\xd7\xe3\x92K\
_\xeb\xed>\x8c-\x11;\xfbsg\xea\xc2L7\x9e\
aD\xa4\xd3\x83\xce\xce\x0bLz\xf1\x15\x9f\xba\xb6\x12\
/\xfd{L\xd1\x9d\xcb\x98iu\xec\x1c\x9e\x06<_\
?\x1f\x10\x14\xd4\x8d\xdf\xdc(!\xbb\x03}5\xa0\x0e\
X5X\xe5\xdc\xa1E\xd9\xf2)\x94\xae\x81\x95\xcf\xf7\
\xfd\x7f~x\xdf\xbf\xb7\xda\x03\xb0\xaa\xb1\xa4'`\xdc\
T\xc9-\x0a\xadE\x95\x1c:y\xd5J\xdcl2l\
\xfbU/\xa3.w\xe2\xc6\x1e\xbf\x98\xf6I\xdc|\x8e\
\xef\x90\xccNS`#\xf2\x0a\xe0\xae\x9bn^n\xe4\
\x97\x04\x96R\xdb\x5c\xe0\xae\x0d\xd1:\xd9=o\xe5\x86\
\xcctV\x9a\xc4@E\x0b\xc2\x9e\xf55,\x00\x8cW\
\xbat\x95q\xa5f\xf2\xf4\x98\x10&P\x9f#\xfa\xd1\
'|^\x05(\xba\x19\x19\xe3\xf3\xdf\xf9\xf6\xf2\x1az\
\x99\xb2MHI\xae\x0b4\x9c\x226\x9eE\xb6\x10H\
#R\xfc\xa4f,re'G\x82\xfbB)\xde\xee\
/\xaavl\x8d-$\xe6H\xae\xf1\xe9H\x9b\xe9\x81\
]\xc6\x07\x84N\xebc\xc2\x86\xb4H&\x0d\xa8\x03\xcc\
3+\x03\x9a|\xb2\x07\xabBthQL,\x80'\
\xec\x90\xa2\x04\xff\xf7\xf0\x95_\xdd\xfb\xfeW\x9c\xdav\
\x1b\x0f\x0f\xec-,t\xf6f\x1a)5-\xfa\x11\x88\
\x83\xa3\x8d\x0e\x86\xf6\xb6\x1a\xd5\xddK\x8c\xb0~\xf4\xb6\
\xdb\x96O\xe1\xd1?'\x7f\x06\xa1`/\xff\xe9J\x00\
\xea\xcd7\xc4'\x01\x93\xa4v{z\xc9u\xb7b5\
\x13\x0c\xbd\xad3\xb9R\x18{\xf0\x9bg\x93\xaeq\x01\
`\x80\xe8\x16\x89-\xe2\xa8\xa6-=J{\xc38\x81\
J$L\xf2\xadE p\xb0\xbf\xfb\xe2\x8b\x0a\xc7\xdf\
\x08\x88\x5c\x9a`\xeauC\x98\xc7&$ug\xb1\xd3\
\xc0\xa9'_\xea>b\xd5\x8f'\x91te\x933!\
a\x82\x18\xd7\xe3\x99n\xbd%/'\x86\x7f\x87y\x8c\
\xd7\xf0\xf9\x00{E\x80\xac\xb1\x0c\xa8\x03\xd6\xaa\x83\xf0\
\xc9\x1d\xa2)@\x87\x16\xc5\xc4\x02x\xba\x0e)\x0a\xaf\
\xe0~\x13\x97\xff\x84\x0cn\xfb\xda\xdef\xb7\x80\xa6\x1b\
\x97\x88$W\xcd\x96\xa8\xc5nT\xcfcvqW\xb6\
P\x99?d\xb1\xa1\x04B\xbc\xda\xee\xbf\xf9f\xbc}\
\x19_]\x8e-\xaf<\xc1\xd1\xeb\xfe \xea\xeb\xe2\xf3\
$\xb8\xba\x1c\xc5\xd5h+5\x12\xe2\xf6j\xd2z\xb8\
h\x10\x8b\x96|\x0a\x0doR\x01;\xeeL\xf9G,\
\x00\x96>\xd3\xa6`iVj\xe6\x8e\x0e\x9e5r\xea\
\x93\x13<\x85\x5c\x0c\xf2J \x9f\x0a,\xcbg\xbe\xf5\
\xcd\xe5*\xee\xc02\xbeMh\x8b\xaa\xb1\xb1\x1d\xdab\
\xad\xd0@`g\x7f\xde\x99\xd4\x1d\x8bF\xd7\xc9\xcch\
\xda\xe8,\x9e\xeb\x96\xd0}=\x16\xb9\x11\xcf\x9aa\xbe\
\xcc(\x7f\xcb`1m\xcf\x98\x17p\xc9\xcc\x0f\x08\x99\
\x8b;Fc\xbc\x1eP\x07x,\xb32\xa0\xc9'{\
\xb0*D\x87\x16\xc5\xc4\x02x\xc2\x0eq\xe5/\xf0\xb9\
\x8d\x13x\x8fC\xa4 \x5cy\xd2\x05\x18*\xdd\xe3\xb1\
b7Y\xb1#K\xd5mM\xef\x8f\xbct\xaf\xdci\
m\xdc\xd2\x06\x80\xc4\xab\xb5\xf1\x0c\xa5\xfe\xb1[o_\
>\xf3\xe2\xf39\xf99\xe19\xf9\xcd\x99\xb5\xc9\xb1 \
\xdc\xe4o\x02\x02\xea\xa5I\x04\xdaq\x85\xdd\xea\x15\xab\
\x19-|\xd3\x8b\xd4|\x9aT\xcc{\x8a;/\x00\xdb\
\xa1K\xd7\xadH+5\x1b\x92\x1e\x13\xc2\x08a\xe2\xc7\
\xdc\x8f\x89\x9e\x00:20\xaf\x9f9ury\x15w\
\x9b/\xa2\x87\x15\x0b\xbb6\xa1}@\x1d\x83%\xc7\xcf\
\x06\xd0u\xb6\xb4\xf8)\x0e!\xc6\xd4\xc8\x19\xc2\xbdM\
\xe4\xa2\xcb\x17\xba\xb8\x0aC\x04\xc5|\xe5n\x80\xb2\xa7\
?]\xc4\xa2+~\xd1\xe8\xd2e\xfdtY\x8b\xecN\
\xa52\xdb\x08\xd8Q\x14\xdc\xc5m>\x09\x83U^\x1d\
Z\x14\x13\x0b0\xcb\x013_\xfa#\xabo\x13\xfb\xa2\
\xcfh\x9c\x08\xb2f\x17\xae\xfc\xb6\xed\xeb\x5c]\x5c\xb5\
\x83;\xa2\x16\xd3$\xa9\xd9\xff\xb4\xc8\xcf\x8d\xef\xbd\xe5\
\xd6\xe5Q|\x04\xfd\x15\xbcJ\x93\x97\xffbx\x14\xc4\
\xe3)Z\x17\x84\x1b\xf1JA\x94\x96\xa3I\xf2\xec\xd5\
\xa0gd\x03\x0a\x09b\xd1\x92\xafX\xa9m1\x92\xd0\
\x09\xad\x95\x1d<W\xb6C\x97\x01Y\x91Vj\x06N\
\x8f\x09\xa1\x834\xf9'\x8b@L|D\x5c/\x02\x9f\
\xfb\xf6\xb7\x96[q\xb7V\x93\x10]\xa6\x5c\x08\xaa\x93\
\x0e\xbb\xc8\x1d:\xbb\x959\xb5\x19(D\xed0\x10\xbe\
\xe1U\xe2\x90\xbb\xf2\xb3\x9c\x16K{\xfa\x15_b\xd2\
\xdd7\xfd\x99\x9d\x98\xfd/\xaf\xe1\xdbe\xe2;\x03[\
\x16\xa5\xebvf+\x90\x03\xad\xb5\xc5\x06q\x9bO\xde\
`\x95s\x87\x16\xc5\xc4\x02\x88\xdd\xa2<\x8d\xf7\xfd\x7f\
\x19\xef\xfb\x8f\xe2\x87\x17\xaaj\xb6S\x11<L\x8dF\
Y\xd6b\x9b\xda=b\xe9R\xc54\xae\xefQ\x85/\
\xeb\x90=C\xd3\x0b\x8fay\x1f\xef\xa3\xb7\xdd\xbe\xfc\
\xc1K\xf8\xe6b\xcdr\xec\xfc@\xec\xd1\xde\x7f3*\
\x93_\xc5o?\x1e\xd9\xeds\x00lGk\x08\xd3e\
\xe9\xe1\xa2\xad\xda\x97\x0e\x10\x1a\xabI\xd5>\x93\x0f\xb4\
\x000\xc0v\xe8r\xca\xadH+5\xdb\x91\x1e\x13\xc2\
\x08\xd5E\xc0C\x94E \x83\x02{\x09\x1f\xcf|\x14\
\xf7\x03p\xe1i\x1d\x8c`6\x09\xdb\xc9\x16:\xfd4\
\x9e\xd8\x11\xe3\x11j\xef;j\x86\x1a\xb1\xfa\x99o\xf8\
\xd1\xd37\x0b\xd8t#z\x1b\x8cS}\x956|\x99\
\x0f\xc0\x1b\xf8t\xe0i\xbc3\x901\xb9S\xed{B\
\xb5\x98\xad \x0eX\xcb\x0b\xee\xe26\x9f\x84\xc1*\xaf\
\x0e-\x8a\x89\x05(9\xf8\xdc?J\xe5Q\x96^\xdc\
\x0c3\xc0\xe4\xf04n\xb3\x84n\x08\x03\xb9\xa4\xa8\x94\
Sw[\xea\xb049\xe24\x87j%\x8f\xdb\x87o\
\xbdm\xf9\xca\xa9W\xf0U_x9\x1a\xe7V\x5c\xe2\
\xdb\xa3=\x18\x22b\x11@\x1d\x0b\xc2\xf1\x1bo^\xae\
Nf\x16\xa9V\x9aD=\xc6\xdf\x8dY\xadX\x893\
go\xebLM\xd9A\x9a4s\xc3\xabd,\xe2\x8a\
\x5c\xbapEZ\xa9\xe9\x97\x1e\x13\x82Ae\xe2\xe7\xa5\
\x7f\xc1|\x11\xc8\xab\x00E>\xb2\xfc!\xde\x22|\xfc\
\xf6c\xf2`\x0e\xc6RGc\x17:AMh3\xc8\
\x93\xe2l!\xa0\xf3\xcc\xcf\xda8\x89\xa3|\x0a\x06\xa3\
\xfeY\x91\xa8M\x952\x0a\xf4v$\xa0\x5c\xe7\xf0\xdc\
9\xdf\x1e\xec1,R\xe3\x85\xa4\xd8\xa1\xb0v\x80m\
\x9e\x95\x01M~q^9v>E1\xb1\x00\xf0\xbb\
\x80\x1b\xb1\x9f|\x0e\xcf\x99y\xa0^(U\xad\xd7\x8d\
\x94v\xf5w\xf0\x0dM\xbe\x93RWo97m\xf5\
\xc8\xabl<\x1b\xe3\x96\xd3\xdd\xd4>k\xf2U}\xd3\
\xcf\x87\xf0\xdc\xffO^\xe2\xcde\x9cs,\x1a8\xb0\
U\xc7\xa4\xaf\xf8\xb2\x1c\xc7=\xa8\xfe|\x94\xa7v\x91\
\xc7[\x9b\x06\xcb\x99j\x0a\x8dO\xa8hlB\xb2z\
a\x0b\xefY\xa6\xed\xbe\x00\x90_\x22\x17q\x15\xb7t\
\xf6\x8a\xb4R\xd3/=&\x04{\xce5Nx\x0d\x88\
\x8fI\xdc\x95\xcdN\x07\xce\x0f\xd7|\xf9\xa9'\x97\x8b\
\xfa\xb80\x9a\xae\x1ef&\xfc1\x0fv\x9a\xfc~P\
\xc4f\xbax~\xe8\xe9\xa7(\xde\xfc\x8ccz\xc6\x11\
\xd9\xba\xccr*\x81\xb2\xd9a\xbaN\x7f\x0fE\xb6\xda\
\xa0\x98\xf8\xf0\x0c^\x0d\xd0\xd3\x80\xb0\xd3Er\xf3\x08\
\x13\xeb\x01u\xa0f\xd8\x8d?\x8d&\xd7.GQL\
l\xc0\x1f\xbc\xf8\x02\xde\xf7\xdf\xff4V\x04 \xab1\
u\xd4\xa6\x0b\xb4\xd6\xf6vp\x12\x98\xd8\xd3Vb)\
\x99\xe5\x093c\xd4\xbe n6\x19VmZ\x96\x9f\
\xc0\x03\xc8\x9fa\xf2\x9f\xe7x\xf0\x5c\x03\xad=\xd2\xdb\
\xe4\x97\x93\x02\xb7\xab\x80\xfb\x8e\x1e]\xae\x80\xdf\xda\xec\
\x8d)m2\xd1\xb2\x87u\x7f>\x99\xc5\xc7\x9a\x1d\xee\
\xd7T\x1fl\x01\x18\xf3o$-\xdd\x5c\xda\xbbr\xef\
|\xd3c\xc5\x97\x8f&:v\xaa\x81D\xdd\x84\xc4\xda\
\x22pd\xf9\xd3\xc7\xbe\xb7\xdc\x85\xe7oG\xf4\x86\x0c\
d`\x871>v\xf6G\x99\xea\x5cWn\xd1\xe9+\
\xc7\x1co\xc5\x90\x9fBXL\x8fC?\x96\x98\xcc\xa6\
\x19Oq\x8a\x1f\xa3f,\xb6%\xc8\x90\xae\xe0'\xce\
/\xe0\xa9\xc0\xa5\xfa]s\xc9i\xccta\xa8\xaaP\
v\x80G8+\x03\x9a\xfc\xe2\xbcr\xec|\x8ab\xa2\
\xed\xff#\xbf\xc2\xbd\xd8\x22Zm\x07\xcd\xeaV\x8f/\
\xbd\xe4\xb2qi\xc0`/\x09F\x1b\xd3\x03\xa5\x01\xc5\
\xab\x94\xa5{\xf2\xdef-\xbc\x03\x1f\xf6y\xf8\xe6[\
\x96?\x7f\x85_\xf6\x11\x05L\xfa\x983@>\xff\x8f\
\x8d\x1c\x8b\xf4\xc0\xb1\xdb\xf1S\xf0V\xea\xf19\xa4\xca\
\x98\x14\x9b$\xadW\xc5\x9d\xb0\x12\xa7\xfb\x86K\xe3\xec\
!\xed\xbc\x00tI\x8aR\xc4U\x9a2\xd4+\xd2J\
M\xbf\xf4\xe8\x089\xdb\xc1\x8bE jBa\x8f\x1a\
\x1d\xe2\x18\xbf\xa6\xe9\x0b\x8f|w\xb9\x82wpi\xdc\
4\x1a\x96%tjLg&\xd3\x84\x00l\x13\xd8\x1a\
\x14>\xecr\xf9\xc8OD!bI\x85\x1dd\xe9\xce\
\x89\x89\x0f\xd5|-\x98\x14\xf2\x8c+gk+\x89(\
g\xf1\xae\xb3\xd9w\x06&\xdfh\xdd\xdel\x05r\xa0\
\xb5\xa8\xd8 n\xf3\xc9\x1b\xacr\xee\xd0\xa2P\xfc:\
\xbe\xa8\xe5\xd1\xd7\xf0\xf5\xed\xe1\xab\xce\x95[\xfa\x9aK\
\xdbg\xdb\x00\x115\x8b\xf9\x98\xde\x10I\xae\x9a\x8d<\
\x03\xa4\xbb\xad\xa1&\xcdlAe\xfe\x90\xc9\xfe\xf8\xed\
w.\x9f{\xe1G\xf8\x90\x99\xa1\xed\x91\xdf'<\x8e\
\x89X\x0e\x96tbW\x97\xfbn\xb9m\xb9,##\
\x19\xc5\xa4~\xdf\xf25i7\xbeX-\x18\xdc\xfb\x08\
\xcd\xb4\x9f\xb4\xf3\x02\xc0\x14]\x92\xa2\x14q\x95\xaf\xf8\
\xacH+5\xfd\xd2#\x08\x9a\xd7Xgs~\x87\x80\
:E\x17r1\xc8p\xcb\x7fy\xfa\xc9\xe5\x16|q\
\xc3\x11\xbc.\xcb\xd8<\x17mr2A\xd3\xed\xf8L\
\x07\x9c\x1c\xb1\x8a\xce\xc8\x11C\x82\xa2\x18F\xdd\xfe\xc8\
B\xa1.\xccUA\x86\xc9L]mP\x02\xa6\xf5\xcd\
u\xf8^\xc4g\x03\xf8\x09A\x88}!E\xc8\xda`\
\xb4\x01u\x80\xf9fe@\x93O\xf6`U\x88\x0e-\
\xcao\xe2\xd1\xbf\x9c\xffc\xba\x12\xbb\xb8\xf9\xb1\xb7|\
\xb4u\xf6T\xec(R%\x0fJ\xd3{{o#\xaf\
\xef\x85\xf4\xf3\x18o\xc3s\xf8;\xf1\x85\x9e_9\xf9\
ji\xbb\x1bI\x8e\x80\xa8\xeb\xc2\xa0\x06\x00;\x06\x7f\
\xbe\x01\xaa\xfbJ\xb0LRB2T\xaaM\x22\xc4\x14\
\xb3\xd2\xc3E\x83X\xb4\x99\xeb\x14;\xc0\x02@\xff\xbe\
\xe3j\xc6\xed\xe4\xc5gEZ\xa9\xd9\xc0\xf4\x08\x82\xe6\
wY\x04b\xe2\xe7\x15\x01\x5c\x03[\xdd\x14\xe4\x97n\
~\xe6[\xdfXn\xc0\xa7\xb3\xd8^\xc6V|\xca\xae\
\x0bu\x9d\xa03l\x10\x8a\x0e\x03\xb0\xb0\xd2\xcbu\x06\
\xb2\xa8\xcdG<\xe3(f\x8d\xd3\xf9A\xa1\xce\x8dq\
\x14\xcbu\x19\xf0\x01!\xdc\xcf8\x89\xfb\x01C!]\
\xa0\xed\xd7\xf6\x01u@\xc7\xbf&C\xdf\xe6\x93<X\
\x15\xa1C\xa1\xbc\x8a71}\x11?\xf6\x99\xfc x\
\xcd\xaa\xcf\x0f\x0d`\xd0\x18\xd48\x94P\xd4o\xcd\xde\
\xdb\x88\xaf\xa35\xae\xdcK\xe4\xce\x97\xa1\x15\x9e{\x97\
%-\xcb'\x8e\xdd\xb9|\x0a_?\xdf\x1et\x8c\xa0\
\xbb\xfc\xf0\x8a\xbb\xfd\xac\xad\xf1\xac\xc9\xb1\x05\xe1&\xff\
6\xe0\xbeeF\xf5\x14]e- \xd4$i\xbd\x9a\
>=\x5c4\x88EK\xfe^\xc2\x01\x17\x005\xabO\
R2\x16q\x95\xb3t\xc5\x8a\xb4R\xd3\xafy\xc4\xa3\
;M\xb1\x08\x00\x8b\x09\x9fB\xc1V\x8b\xc07\x9e\x7f\
N\xdf\x1bp\x1d\x9e\xd7q\xccx\x00\x8c\xaf\x1c\x94\xb5\
\x99A\xfb\x89NR\xfcA\x80\x0a\xcd1\xb6l\x88!\
L\xc4\xc8\xc4\xa4\x22\x9a\x1f\xbdJ\x1c\x06\xa0\xee\x98\x07\
\x94\xfe\xfa\x05\xbc'\xe0u\xfc\x98\xa8\x18\xab\x1d\xc0\xe6\
\xb9\xb21\xd6\x1ar@\xc7\xbe\xb6\xed\xc9'y\x88\xa6\
\x08\x15\xfd\xe4\x8f\x9e\xcd\x0fp\xd9U@X\xa3\x96\x8b\
\x1d\x9e\x89\xb9\xb7\xfe\x85\xeaTV\xd5Km\xde\xb4\x91\
\xdb\xd8\xde\x9d\x8a\xdd\xe2\x98]c\x95Yk\x8e\xab\xcb\
\xbb\xf0@\xc1\x0f\xfc|\xe3\xec\xa9\x12\x0d\xa7\x9b\x0d0\
\xc8\x88\xa1\x80V\xdbb`v\xca\x9cP7\xe0\x9e\x13\
\x1fx\xc4-y(\x12\x9e\x95\x067\x89\xbc\xfd\xf9\xab\
hL\xbb\x82\xf6R\xafa\x01`\xb8\xda\xd5R3\xc7\
v\xf2\xe2\xb3\x22\xad\xd4\x12\x0b\x16M\xf4\x9c\xed\xb0M\
\x16\x814\xa7\xe0~h\xa9/\x06\xbf\xf7\x8d\xaf/\xb7\
\xf3eA\xf4\xa8\xfe4@\xec`\xd7\x89\x22]\xe8:\
F\xd7%\xbb\x1dUr \xd2\x94\xba\xd4\xd0\x19\x8c>\
\xdc\xfb\xce2\xc9E`\xcbEOBl\x03\xc9\xc61\
7\xdc\x0c\xc4Kj\x17q3\xf0\x22n\x06\x9aU\x94\
\xb6\x03\xd8\xbc\x1a\x1c\xd2\xe0\xe3\x80\xb5.X\xad\xde\xe6\
\x933X\xe5H\x94\x1f\xf8\xf9\xad\xb8\xf9'\xda67\
\xe2\x90\xb1\xa6\x1a\xd6|\x9bd\x5c\xd3\xdb>\x8f\x03\x10\
\xd1\xb04\xd9\xc0N\x07\xcbx\xb0\x99Y\xf5\xcf\xdeq\
|\xf9\xe4\xb3\xcfH\x8e\x9d&?\x94z\xb9\x1f\xb2%\
D$\x8e\x1b\xfe\xef\xc6\xa7\x00\xaf\xe0\x9ccln\xb1\
\x97\xe8;\x1f\xe2\x0aI6>\xc5&I\xebUq{\
\xd6\x8a\xb0R\xd3a\x22\x5c\xe3\x02`\xe9\xbb<E)\
\xe2*e\xe9\xf4\x15i\xa5\xf6~\xb1\x08\x94\xf9\xdd\xbf\
<\x08C\xd8|\xc27\x00\xdd\x09\xec)<\x9f{\x1a\
\xdb\xf5|\x8d\x16\xc9l\xbc\xd8\x1e\xfc191\xff\x93\
\xec\xbaP\xe7\x93h\x7f\xe6_u\xf3a,\x0f\xc6\x90\
\xf23]\xfb\xd8)\x0e#{^\xea\x8e\x09r\xdd\x19\
\xe2\x9d9\xffz\xbe$(?\x12k\x01h\xf8\xd4\xea\
\xb6\xe2\xe04\x1e\xcf\xac\x0ch\xf2\xc9\x1e\xac\x0a\xf1\x97\
/\xbd\x84_\xc8\x89\x1f9)\x1c\x1c\x8fJ\xd4\x1e\xa1\
1\xac\x15Mw\xbaUHW\xed\xc6\xe2^\x92;\xa5\
\xeem\xebm\xf5(k,\x8b\x11\x8b.\xdf\xf1\xf7\xfc\
\xf9\xf3\xcb\x0f^\xe7\x0d\xcc\xbeh\x11`\xfb\x95\x88\xb5\
m\xc49\xddy\xfa\xb1\xbe\x8f\xef@\xf5+\x00R\xad\
4)\x91\x11\x92\xa9\xc1M\xa2\x81\xe9f\xa5\xc1M\x9a\
\xf1\xb6\xb0\x9d\x17\x80y\xf8\xda\xb1HQHE\x5c\xe5\
.>+\xd2J\xed\xfd4\xc1c\xa2\xc7l'\xa5`\
\x01\xc7\x22\x105X\x5c\x04>\xf3\xedo.w\xddq\
\xa7\x06\x8b\x8d\xd5\xa4cR\xf4\xae\xfe4\xa8TM\xe7\
\xf1\x08\xe2N\x8c\xb5\xce\x18\xee\x1f>\xa6\xb6\x18E'\
\xd9\x22Y\x0e\xd3\x0d\x03M\xc1\xfb\x85\xc0x\xc4\xf8\x01\
\xa13\xb8\x19\x18\xdf\x15\xc28C\x01h\xf8\xd4:\xd0\
\x9d\xecG\xb6in\x06\x0f\xbb\x95\xe3\xb7\xf0\x9d\x0c\xd6\
\x82\x96\xdf\x9e\x06\xb4\x10\x9d\x04\x1a\x99\x8dM\xd9\xfbC\
`\xeb\xaf\xf0\x13?\x1d&\xf6\xb4\x95X\xee,\xdf\x12\
\xc83\x09\xe1\xf7\xfc\xfd\x0c\x1e\xfd?\xbdz\xf4\xe7\x18\
\xc5\xe4\xd7D\x97\x8e\xb3\xcek\xb5>\x1a\x05\xec\xc1\xdb\
o[\xae`VE3\xa2nH4\x00H36\x10\
R\x83\x9bD\xc2A\xf9]\xd0\x0de\xe7\x05@\x0d\x98\
\x06\xa9\xdd\x08Bis\x11W\x9e\xc5gEZ\xa9\xfe\
@\xee3;'8\xc3a8B\xcf\xe8\x00\x02\xcb:\
\x84ey\x09/M\xfd\xfd\x8f\x9eY\xae\xc7\x1b5\xd8\
\x99\xd6\xa1l\x0b\xfe\x98\x98X\xfc\xc9\x9e\x9a\xf3M\x17\
+\xfc\xe1\x18\xa8\xfc7t6Q)h\xf7d\xa6\xd3\
`\x98t\x11C'b\x85>\xfc\xb2\x90S\xe5f`\
\xb3\x06\x0b5@\xc3G\xeb\x88\x18\x9f\xde<\x86Y\x19\
P\x07\xacj\xd6\xa7\xf1\x01\xac/\xbf\xfc\x8a%'\x1c\
[\xc4mT\xa51s\x03\xa57\xb5\xb9{\xa3\xea\xc2\
H\xc8\xfc\xdd(\xbd\x1d\xc1h\xf3\xe3\xf3\xf8%M\xc6\
\xf9\xa9\xdb\xefX\xbe\x83\x97/\x9f\xc7\xcb\xaeq\x12\xf1\
\xcc\xd1\xd9\x03\x07-d\x0a\x8c\x9d\x8f\x1f\xa3\xdaB\x10\
\xf5\xb2\xbc\x03O3/\xc1\xce{\x00\x91'jku\
k\xb3\xa4f\xec\x0c\x0dn\x12\x09J\xdd1Mi\xac\
&Mh\x03t\xa0\x05\x80\xde\xf3\xf0\xed`\x95\xa1\x90\
\x8a\xb8J^|V\xa4\x95\xea\xa3\x10\x13\xd9kU\xb1\
\x08@\x09s\x0a\x05\xf3+\x01^\x05\xfc!\xde\x17p\
\xcf\xb1;\xf0\xedA\xf1\xb2 \xda\x81\x84l\x8d\xfe(\
\xab\x01M\xe7A\x87]\xb28$\x11u\xbe\x06|\xae\
\x9b\x0fl\x0aL\x0f\xf3\x09\xdd\x22\x11\x83T\xe2T?\
r\xce\xe1\xe4\xec\xde\x19\xc88\x0c\xb6.\x0c#l\xb4\
\x8e\x08\x88\x0eZ\xeb\xd7\xc1\xd2\xdc\x0c\xc9'd\xca\xef\
<\xf3L\xb3K\x22\xee\xc4\xd4\x09U\xcc\x18\x86\xb4}\
\xb6\x03\x10Q\xb3(\x88\xeb\x0d\x91\xbd\xa9\xce5`f\
\x0bK\xb5\x1d\xc5\xbbE?\x8es\xe2s\xcf\xfd0\xef\
\x19e\x93}L\xd8\xeex\xd4\xaf\xb55\x08\xd1<\xe0\
}\xb7\xdd\xba\xf0\x83\xdc\x96\xc7\xda\xcc}\xd3\x9b\x94x\
\x0f\xa5S\x83\x9b$\x9f^\xdd\x97\x9f\x84\x89\xb0\xfb\x02\
P\x92\x16\xb1\x84\x5c\x1dt!\x15\xb1\xf0)\x16\x9f\x15\
)U\x9f\xbc6\xafcR\xfblW5Y\x04\xc2\x87\
NN\x8d7\x0c\x9d\xc5\xa5\xf4\x9f=\xfe(\xae\x02\xfc\
eA$R+8\xf1(sG\xc4u\x82\xfa\x93\xd1\
\xec\xd4\x8d\xd3t\xe3\x98.\x9bb\x90\x06K\xc405\
u\xa84K\x97@\xdd1\xea\xf6G\x16\x0a\xf47\xf0\
\xfd\x88\x17qC\xf0\xc2\xe5\xfeWh\xe93\x14\xc6\x15\
8ZG\x04D\x07\x99sV\x064\xf9|\xdf\xff\xe5\
\xe5\xd3\xbc\xf9'_\x1a\x0a\x1b\x22'\xccfq\x13\xab\
\xcaj\xba\xa1M\xb7H\xea7\x89\xcd\x1e9\x9a\x8d\x88\
\x1d\x91\xb1\xa4\xae\xf2\x5c]>\x81K\xff\xbfy\xf9\xc4\
rr\xf5\x8d\xccj\x11\x1c\xe3\xd2_c\xa4c\x01\xe8\
I\xeab@\xf9\x0e\xdc\x04\xbc\x8c\x8fs\xeb\x0a@\xdc\
hU=\xbel\x8d\x8c\xd2z(\x9d\x1a\xdc$\x1aW\
\xa1'\xfc\x84\xf6\x14v_\x00\x18\xa6\xb4\xa1\x88%\xc1\
\xea\xf4)\xa4\x22\x16\xbe\x05M[\x0aFij\x9d\xf0\
\xb0\xf9\xc4\xaf\x81\xfa\x9b\x82\xc1!#V\x80&\xfe\x19\
\xbe@\xf4N|\xc6\xfbF\xfc\xb4\x93&\x19z\x93\x1d\
*\x99{\xca\x07\xd0\xd9/\xc1W\x14\xd7\x09\xda\x1fr\
\x03[\xeb\xb10\xc0\xe2f\xe6\x161\xe8\xe6\xa38\xc6\
9\x83K\xed\x17_\x8f\x1bm\xf4\xb4B\xaf\xa1\xb0\x1d\
\x02G\xeb\x88\x80\xe8 \xdb<+\x03\xea\xc0\xe7\xf1\xa1\
\x9f\xd7\xf8\xe5\xad\xd0\xdb\xa5r\xc4+^!z\xcd\xaa\
\xcf\xc5\xe3\xcff\xa8\x09\xc6\xf1\xd6\x94~pD-U\
8\xf9\xad\xa3\xadc5{\xc4\xe5/\xfb\xf2\xe6\xdf\x17\
\xf0\xb5e\xedT\xe1\xa3\xbd\x1d\x0b'\x7f$\xb1\xc9\x1e\
6\xbb\x22\xb0\x06\x93c?\x06z\x04\x0f>\x5c\x9e\x19\
\x7fV\x1a\xde$\xf2\xa4\xf5P\xba7\xb8I\xf2\xe9\xd5\
\x09?\xa1M\xe1`\x0b\x80\xb2\xb6X\xf3\xfc\xad\x93\xc5\
,\xa4\x22\xb6 NJ[\x0a\x85R'|<\xba\x07\
\x16u\xd2\x01\x04\xa6\x1a\x86\xf0\xf1\x11~\x03\x8f\xa2\x9f\
\xf9\xce\xb7\x96\x9b\xf1\x1do<\xe1l\x8cy\xf2A\xd1\
?\x8f\x81\x021B\xd8q\xef\xba!f\x13M\x0c\x11\
\x8dO'a\xd8\x13\xa6_\xd1\x09\xc6\x1f\x04\xb3;\x06\
\xc7\xf4\x81D\xb3m\x16\x08_\x14\x82\x1f\x12\xd5\xcd@\
Z\xfa2\x22\xb03\xbeh\xa3uD\x8cO\xbae\x96\
c\xb7\x1b|\x00\xfc\xe6\x93O\xc2am\xa1\xde0\xbb\
\x19\x18z\xd4\x16Z\x87\xd6e\xb1\xfcb9\x95U\xf5\
R\xff\x15\xa0\x88\xe2\xd5\xf6\xaf\xe3\x1b\xd7\xf6\xbfp\xc7\
\xdd\xcb\x9f<\xff\xec\xf2\xfa\xf0\xc1%\xda\xb1\xe1_\x13\
\xdfe\x1f\x9c\x86\x87\x1d\xf5;\xf0\xa0\xc2wkp\xbc\
y\x05\xa0\x1b\xb6\xc0\xd7\xa5AM\x22GZ\x0f\xa5k\
\x83\x9b$\x9f^M\xfe\xae\xc2\xc1\x17\x00em\xe1\xe7\
\xf9k\xf7\x83[HElA$\x15\x9fB\x8a\xd7\xf1\
\xdb\xeaL\xb2\xcf\xecn\xa2\xc7S\x81b'o\xbd\x08\
\xf8b\xf0\x15\xdc\xb1\xe6\x89q\x14\xdf\xf5\xc6\xcc\xdd\xe4\
\xf73\xc6*\x90 HV\xbb\x8cK]x\xf5%/\
\xfe\xe4f\x1a;\xc0\xfc\xe5d\x0c\x13\x81\x87\x07\xe31\
d\xf8(\xbct9\xcbkY\xde\xc4Yu\x0e/\xb5\
M\xdf\x19h!\xd8\x01}a\x5c!\xb6\xaf\xc6\x11\x81\
\xd5A\xb6dV*\xfaM|\xe1\xc7\xa3\xf8\x81L\x15\
;\xc8\xfe\x92\x9fd9T\xaf\x16\xd5\xd0\xb6_S\xa9\
\xd7v\x18s/\x7fg\xa02_r\x0ds\x8bT\xca\
\xf7\xe1r\xfda\x8c\xff\x9f\xe3\x93\x8b\xad\xc0B\xa3o\
\x9c\xfc\xea\x7f\xd4v\x05\xe0\x0bB\xc1c|\xf8\xfc\xff\
\x0a_\x02tw\xbe\xb2\xc00\x9e\x9eR\x16\xe1\xd2\x9a\
Du\x8b\x9f\xb6\x99O\x1fB\x8c]w\x07Z\x00\xba\
<E)b\xc9[\x87\x0dp!\x15\xb1\xf0)\x16\x9f\
Bj\x8b\xc0j\xe2Wo_\x0c\xf2\x95\x81\x98\xf8\xdd\
\x22\xe0\x0e\x1c\x18\x0c\xe0\xef~\xf3\xeb\xcb\xb1;\xee\x90\
\xcct\xcc\xae\x09\x08E\xf2N:\xb8\x1d_\x81\xd2\x1f\
B\xda\x15\xd5u\x82\xf6g\xf6\xaa\x9bOZ\xa9Z\x0c\
&\x82v\xf6\xf5\xf3\xcb\x89sz\xac\x81>\x16\xb2\x86\
\xc2\xbc\x02G\xeb\x88\x80\xe8 [1+\x81\xfe\xceS\
O\xf5\x13>\xc8$\x04\xa9\x09\xc0\x1c\x8c\xdaiI\x05\
\xb7s\xf5xiW\xbfEhC\x93\xef\xa4\xd4=\xaf\
\xe0\xb4\xb5#\xfa\xe5;\xefZ>\x87_\x95\xe2\x87\xc6\
\xe2\x81\xc2\xaeT,iL~{:\xe0\x97\xfc\x8c\xa9\
\x04\xe5\xa9\x00\xe8\xe4\xbe\x13/1\xf3+\x5cx\x0e\xf1\
\x0a\xe0\x06\x7f\xb0\xa9\xf9\xfdpTy\x93 7\x89\x86\
-~\xda(\xac}\xfa\x10b\xec\xb2;\xc0\x02`\x19\
\xba<E)b\xc9\xdb:[`!\x15\xb1\xf0)\x16\
\x9f\x8e\x14\x93?jr!K\xed\xb1\xe1~@\x8cn\
\xf2\xe9zdy\xe4\xc4\x8b\xcb\x09\xbc4x+\xbe\xf5\
E\x13\x90'\x97r\xda r \xd9\xcflQ\xca\xae\
\x1b\x9fnt\x08>\xdb$\xb6\xc5!\x971\xf1\xa7\x7f\
\xd7\x8dC\x9b\xd9\xabN0\xfe\xaa\x8fb0:|\xf8\
\x0bB\x17/\xf3\xa3\xc2|g \x80I\x99\xa2\xcc'\
\xeeh\x1d\x11\x10\x1d\xdc\xca\xf1*^\x92\xfc\x02\xde\xfa\
k!A\xb6\x03rG:\xc7f\x94:\xb9\x0c){\
\xba\xbbG\xa0\xd6\x0f\x01Z+\xc8\x89\x22~\x02\x13;\
la\xceX\xee\xfc\xee\xa3\xb7.\xb7\xe1\xee\xff\x97q\
\xf3/\x8b\x93\xed\x91\xde\x9cuf\xe9\xb8\xc0\x02\x14\xb6\
X\x1c\x04\xfaq?p\xe7\x1d\xcb\xebx\xfc\x8f+\x80\
\xc8\xcd\xf8\x92+\xe0I\x1b\xd4\xa4\xbd\xf8i\x93\xff\xca\
\xa7W=\xc3\xde\xd5\x01\x16\x80\x96\xba\xcbS\x94\x22\x96\
\xac60\x09\x14R\x11\xd3lB\xf5\xb1\xc9\x9d\x8f\xec\
\x22\xd4\x09\x0f@\xaac\x1eiX\x04\xd2\x9c\x82\xfc~\
\xef\x9b\xdfX\xee\xb9\xf3\xb8B\xb0=:Q0\xa0m\
\xcc)\x87.+HM\x97\x07\x1c\xc97\xd9l\xe2X\
4\xd9b!P\x04\xf1=\x169\xae\xcb\xdfuT\xc0\
\x8d\xe3\xa1Sg\xa6\xd3\xb8\x19x\x827\x03\xc9\xe3n\
R\xa6\xa8\xf8$\x8f\xd6\x11i\xb4Y\x8e\xcf\xe0i\x14\
\xefx\x0f\xa1\x10H\x93\x9d\x01\xeb\x16\xc4U\x22\xa34\
PzS3\x04[\xcdb\xfdb\xb2tbM\x85\xdc\
\xb7\xb6\xb7\x99\xc7\xbf>~\xf7\xf2\xe9g\x9ej~\x22\
\x15&D]\xc0c\x0c\xea\xa4o\xb2\xd9\xdb\xd5\xc1\xb2\
\xbc\x0d\xef\x02<\x8f\xefp`\xfbx\x05\xd0\xb7\xca\xb5\
\x92\x22\x9a\xdc\xa0&Y+\x87\x10\xe1\xd2\xda]$\xf9\
\xf4!\x92\xbf%\x1cp\x01P\x0a\xc5\xea\xf2\x14\xa5\x88\
%g? \xb5\xcds\xbe\xe5I[\x5cJy\xddM\
\xf856,\x06\x00\x02\x8b\xb9\x1f>0\xfc\x08o\xfe\
\xf8\xe6\x0b\xcf/\xb7\xdc~\xbb\x06\x0e;\xfe\xa3\x89\xdc\
Q6]H\xda\xcc\x1e6r\xf5\x97\xf6\xd0\x15\x02\x07\
\xd3t\x85u]r\xe4\x22f)\xe5d\x1e\xee\xcf\xb8\
\xfaS(\xb5\x89\xef\x098\x83\xcf\x07\xe8D\xcb\x18\xa5\
\xcb]\x84i,\xe2\x13\x1e\xad#\xd2hlC\x14\xe6\
\xfd\xed'\x9e\xf4\x10~y\xcc\x03\x98\x16\xe2\xd5\xe6\xf2\
\x8a\xdfXf7=\xb8\x16\xc15e\xe9\xec\x9e\xa1\x86\
4n\xdb\x87\xedc\xb7\x1d[^\xc7\xc7\xac\xbf\xd9}\
\xdc\xd7\x1bN\x12\xb6:\xf9\x95Y\xce\xb41\x91q\x9a\
\x8cw\xff\x02\xe6\xa7\x00\xf9\x1dHq\x05\xe0\x11\xbb\x8a\
\xee]W\xb8U\xb8\xe4&%\xb5\x87\xdc\xa3\x86\xe9\x09\
jj\xb2\xf6\x16\xaea\x01\xc8f\xf5\xc7Q\xdaP\xc4\
\x92\xbd\x9e>\x80\x0b\xa9\x88\x85\xdf\xf2T\xb0\xdd\x0f\xa8\
\xa8\xcf\xecn\xa2c\x08c\xc2s\x05\xe8l\xf0\x8dE\
\x00\xf5g\xf1\x8a\xc0\xbdx-\xf8z\x5c\x12\xb2-\x9a\
l\xe8\xc5\xf6H\xe3\xb2\x1a\x1a2\x14\xfd\x9b.\xd9u\
\x9e v\x8e\xd0!\xf8\x14!\xbbn|\xd3+\xdf\x91\
\xde_>\xee_b\xf0f`\xff\x9d\x81\xcc7\x96)\
\xaa\xb6\x92;ZG\xa4\xd1\xd8>\x96\xbf\xc2G~O\
\xe0[\x7f\xbd\x13\x84ig\x07\xaec\xb5\xd8%\x1aD\
]:7v/9\x95U\xf1\x92lz\xdbwv(\
\xcd\x12\xb2\x85Vs2\x0b>\xad\x87\xf1\xfee<\xfa\
\x7f\xf2\xa9'\x12\x0d!N\x17\xd5\xe1\x88\xc0\xf6(o\
m\xb7+\x00\xc8\xc8\xd8\xae\x06\xae.o\xc7\xa3\xff9\
\xdcK\xb0\x07\x85x\x15\x80\xad\xb2\x96E\x0e\xd6BF\
\xb80{\xe3\x16?c)x\xef#h\x87\xdd5.\
\x00-u\x97\xb6(E,\xcd\x88\xd3\xc7\xa1B*b\
\xe1C,\x135\x0cm\x11\xf0!\x8b\xc9MB7\x8a\
u\x11\x08o\x10:\xce\xb2\x9c\xc2D\xfa\xd2\x13\xdf\xc7\
U\xc0\xb1\x1c@\x8e\x06\xdb\x14\x03j\xe7\x03\xda\x0f\xa1\
\x9d\x1bU\xe7\xb1\xcdt\xc6`\xac\xb0\xef\xad\x83f9\
(\xd0G\xba\x1a\xe2\x11\x04\x8b\xc3\xf7\x04\x9c\xc0\xc7\x84\
\xb3x\x9e\xd4\x8b\xc0hC\x11\x9f\xe8h\x1d\x91F\xe3\
\x91\xfc\xce\x0f|\x02\x89\xc8@\x9c\x10}\x86\xe1i@\
\xcd\x13\x5c\xafYY\x0fE\x0c?\xf6Pe/-E\
>\xf3i\x84\xd4!\xf4\xb1\xcc\x8f\xf6\xff\x06\xdf\xf4\xf3\
\xcc\xd9\xb3\xcb\x93\xfcu\xdf\xae\xc8\xc9\x8e\xc1\x06,'\
x\x0e\x82\x12\x90g\xdcZ?\x88s\xe7\x02\x0e\x98\x8f\
\xfe\xf5\x0a\x80.\xa5\xd5\xd2\x121cb\x89\x0b\xe9\x8d\
\xd2z(\xfd\x1a\xdc\xa44\xee#\xec\xbc\x00\xccC\x1b\
\xda\xd9\x8aR\xc4\xd2\x0c\x1b\xb8\x04\x0a\xa9\x88i\x96\x90\
\x136\x04\xa2.\xe7\x02Q\xb0\xb4\x196\xdc\x0f\x08;\
k\x0f\xf3\x85\xc7\x1e\xd5\xf7\x07\xde\x14_\x1f\xc6S\x88\
'Y\x9ehh\x9dt\x0eg\xc8\xb43Gp)\x9b\
\x9d~\xa2\x89\x1d|\xf7\xed\xf8\x8c\xe6q\xe4b: \
\xc5V\x1c1\x9a\xee\x0c}[\x90n\x06\xd6w\x06z\
\x0ckI\xbf\x87i,\xe2\x13\x1e\xad#b\xb4\x1f\xe2\
\xc6\xe9W\xf83l:\xf8\x0c`F\x1d7=\xabw\
\xaf\xdbB\x11\xf6\xa8\xe1\xc2\x02\xb5gS\xe7\x9f\xd9\xa2\
\xaa^\xb2\x17\xa0\x88\x1e\xcb\x10~C\xcf/\xe2~\xcf\
g\x9e~\x92a\xb2\xb4\xb3\x8a<l\xf8\xd7\x95\x8a\x1f\
K}\xa4g\xdb{\xdd\x16\xbe\x87\xee\xbcs\xb9\x04\xc7\
8g\xec\x1e\x80\xa5`T;*\xd3c/\xdc\x8c\x01\
\xa9nP\x93h\xd8\xe2\xa7m\xe5-u\x9f\xdd\xce\x0b\
@\x9f\xa4F\xb5FvM-J\x11\x8b\x93\x0fh \
\x85T\xc4\xb0\xa2n\x135\xae\x08\xda\xe5=\xcd>\x84\
\xaa\x82\xeb\x98\xa2\xc4\x95@\xd8\x8a\x8f\xaf\x00\xfc\x19\xf2\
?\xc0W\x89\xdf\x8a\x81\xb4\x13\xca\x06\x93\xee1\xa86\
\xa7\xdb \xb3\xad\x8d+fr9Za\x93\xec:'\
M\xce\x112\x5c\x17\xee\xba\xf1\xe5M\xc4\xf9\xa6+*\
c1\x08l'\xf1H6\xbc30r\xb1I\xabB\
\xaf\xa1\x88Ot\xb4\x8e\xc8\xb2\xfc\xee\xf7\x9f\xf0\xfc\x9c\
\x0c\xee\xc7\xba\x92\xa5\xdber\xe2\xc9\xa9D\xfa[1\
\xb4\xd9$5Ua\xd8\x0bQ\xac\x0fB\x8b\xf4f\xe7\
>\xb9P\xa8\xff<\x9e\xe6}\xfde\xfcT\x99>\xf0\
\xd3\xfcd5\x07\x1d\x8f&?\xcc<\x83t|\xb4\xb1\
\xb4\x81s\xb9a\x0f\xdf}\x17~\x98\xf6Jw\x05\x10\
nr\xe5\xae\xb4]j \x95\xe8\x86\x065\x89&i\
=\xe4\x1e5\xfa\x06!\x99M\xd8}\x01\xf0\x98\xf3\xd0\
\x86v\xb6\xa2\x14\xb1en\xc3cX!\x15\xd1FA\
\x8c2\xa1}\xc2\xe7S\x81j\x0f\x9aj\xecB\x07g\
\xb8\x12\x08\x9b\xc7\xfb\xeb\xa7\x9e\x5cn\xc4\x8d\x9c[o\
\xe6\xa7\x05\xed\xf4\xb1\x09\xea2\xdb\xac\x93\xc0:\xdbd\
b\xd4\xcd\x96~\xa9\xbbm\xaa\xc3\x16\xbe\xb2\x8f:`\
Z\xf4'\xd9u\xa1\x90_\xc3\xe7\xd7\xcf\xe2g\xc4\xea\
#\x8e\xba#y\xd2\xba\x1dLc\x11\x9f\xf0h\xad\x08\
?\x8b\xf0Y\xbe\xf3OTZ\xb0\x89`rL\x1e#\
\x94\xbd8rj \x0f^P\x1a\x15\xaaj\x94\x9b\xee\
t\xab\xb4ovc\xa5\xeeN\xa1\xdf\x8e\x0f\x7f}\xe2\
\xd8\xf1\xe5\xf3\xfa\xc8r\x09@\x11$=\xa7\xa7\xe0m\
\xd2qH\xae\xcf\xf5\xb9 T\xdd\x1e\xfd\x89\xbd\x0d\xef\
\x02<\xe7\xaf\x00\xf0\x1c\x18\xc6\xc3\xd2\xe4\x9ei\xa3\xa8\
\xa9\xda\x05bu\x83\x9aD\xcb\x16?m\xe6\xbe\xd3~\
\xf7\x05\xa0D\xef\x9b\x13y\x0c\xedlE)b8\xa0\
\xe6\x89]JQ\x9aX&q<\xd2\xd3\xc5'o.\
\x02\xd2sF[\xd0\xc0\xa2\xceT\x00\x02S\xcdx\xf6\
5N|Y\xf0\x8e\xe3\xc7\xd5.Mf\x0c\xa6\xda\xc2\
Z\x9b\xb5\xba\xda4=\xd3\x86X\x85+\xb6\xdb\x18(\
\xb8)K`l\xb3u|c\xdb9\x19\xbe\xe6h|\
\xc5}sy\x0d\x8fhy30\x8f\x91\xed\x88\x98\x15\
4\x19\xa6\xb1\x88Ox\xb4\x06\xf2\xc7\xf8\xd4\xdf9\xdc\
A\xb7F\x05\xd5\x1d\x83\xa4\x83!F`\xbd1>'\
\x92\xd5\xd3=]a\xa8\x14\xf5\x1b\xc9\x02\xa9\xad\xed\xd0\
\xd3a\xb4\xff\xf2\x9dw/_\xc2[~\xcf\x5c\x9e|\
\xb7b\xc4u\xff\x98\xfc1\xd9\xbd\xb3=\x01H:>\
6\xc0\xe4[n\xc4W\xcd\xe1<\xe2W\x81\xc7\xf3\x7f\
\x85\xf2x\x0c\x1f\xc5\xa0\xd1\xb07\x9f\xde\xbd\xcf\x16\x7f\
dF\xe6y}\xb0\x05\xa0D\xef\x9b\x13\xc1\x0d\xedl\
E)b8\xa0\xb6\xc1J\xa0\x90\x9a\x18\x13\x16\xac\x5c\
\x04b\xe6\x22B`\x01\xa9ve\x85\xb5\xa7\x0e\xc5P\
D\xbe$\xc8\x9b\x82\xb7\xc7\x9b\x83\xd8B\x0c\xb46o\
m\xe8ls\xcah,\x8f$t\xb6\xbd\xe9.\xa7\xbd\
\xd9\xe0\xc0\x7fqS\xd6\x81G,%\xc9X\x10,\x87\
!\xf2=\x8d\xe7\xe4\xfc\xce\xc0i\x89\xd8\x13\xa3\xd2\xac\
q\xf1\x09\x8eV\x22\xbf\xf5\xd8\xf7\xd9\x00\xf3Rm\x8f\
\x82\x86\xa5\xb3\xd9\xb9\x07\x94\x97\xd1t\x8b-\xe2S/\
\xc5\xcc\x0d\x94\xde\xd4\xe6\xee>1.\x11\xc2\xfc\xc3\xc8\
tW\x97\xbb\xf1\xa1\xaf\x8f\xdczl\xf9\xd3\x1f\xf1\x13\
\x8b\xab\x12\xc7\x22\xd8\x1e\xddy,\xb5\xcd\x94c1\x18\
d\xc4\x7f\x18\x1f%>\x83\xf7C\xc4\xd8\xf3\xd1\x9f\x9b\
\x9a]\xda\x1e\x99\x0d\x1a\x0d{\xf3\xe9\xdd\xfbl\xf1#\
\xcf.\xf5\xc1\x17\x80\xd2\x8e\xbe9\x91\xce\xd0\xceV\x94\
\x22\x86\x03j\xef\xac@*)&g<\xe4\x93\x13X\
L|\xf99\x18\x98\xd4$Zd\xc7r\x11\x083\x03\
\xba\x8d\xb5\xde\x1ct\xd7\xdd\xc0pa\xc8\x81\xf4\xc1d\
\xcd\x93\xa3\xea)\xf3\x18\xc2\x8el)\xd3\x85\x03W\xfc\
\x84H\xa7dv\xc5q.\xf9\xa3\xae\x10\x8aev9\
J\xbf\xf0\xc6%\xbc;\xf0\xca\xf2:\xb6i\x896L\
\x8c\xcc?\x14\xf1\x89\xf6\xd6o\xbf\xf2\xca\xf2(_;\
\x07\xacG\xc9\xa48OU\x9bDC\x5c\x01$9?\
uB\x153\x86!m\xaf~\xa4\x0f \xa2f!\x10\
zC\xaa\xfdW\x8f\xdf\xb3|\x11o\xfa\xe1\xd3\x97\xae\
\x80\xc4a\xaf\x93\x9b\xed\xb0\xc9o\xc7\xa1\xe3d\xdb\x14\
\x90\xf5Z\xc6[\x80q\xc5\xc8\xef\x00\xa8\xaf\x00\x90~\
3n:\xaaPY\x15\x83F\x83\x90\x11.\xc7\xda\x1b\
\xb7\xf8\xabt\x9b\xea\xce\x0b@\x9f\x16\xf1\x1c\x18p\xa5\
2\xb4\xb3\x15\xa5\x88\xa5a9\xbc\x86%)&'\xe0\
\x98\xdc9a\x1b\x96\xcf\xef\xe9\x1d\xbc2\xa9m\xa8i\
\x13a\xbc\x1f`\x06\x11\x9e>}r\xf9\xde\xcb/-\
\xc7\x8e\xd9\xcb\x82\xf4\xb0\x09\xe9\x13\xb3\xeafl\xf6\x95\
\xcd&+\xfd\xbc\xcb \xc4\xe4&\x12q\xd9\x9f\xc1\x95\
\xec:\x1d\xe5\xcb]\xf2\x95\xb4\xe3\xbfz\xf6\xcc\xf2\xd2\
\xd67\x07\x1b]|\x8a\xeb\xc2\xc8CQ~\xa2\xcd\xfa\
{\x8f=\xee\xaa\x1b\xada\xc2lAH'\x0b\x97v\
\xc6\x88\xcdLTs\x11q\xa8\xabHGYy\x15\xdd\
\x08\x83\x1d@\xb3,\xcb\x03\xb8\x9f\xf3\x00~\xac\xf3?\
\xe3\x9b\xa1\xf3\xbc\xb0\xd0\x1e=\x158\xfa\xe4G\x04\xde\
\x13\xf0\x8e\x97l\x8b\x84\xb59e\xf2@{\xe7=w\
\xe3\x0a\x00?!\x02\x7fnq\x05\xc0\xc8\xd6\x96*\xb4\
|\xb5\x9d\x0du\x9ftl\x96\x065\x89Vi=\xd4\
\x9c\xf6\x91v^\x00\x98f\xc8\xe1\xc0\x80+\xa9\xa1\x9d\
\xad(E,M\x5c\xe5H\xd2\xc6\x22\x10\x9e>\xe1\xf3\
\x91]\xb8f\xbaOx\x00\xb1\x18\x84\x0f\xea\x5c4\x9c\
\x9ak\x00\x04~\x7f\xe0\xbd\xc7\xefZ\xae\xc3\xa7\xbbb\
`U\xd3\xcfOl6of\x93\xbd\xd8\xd8q<\xb2\
\xc6\xad:\xe5\xb5.6@\xfa\x98M{\xca$g,\
\x89\x8a}\x16o\xca\x89\x9b\x81\xa2\x90\xb6.\x19km\
`\xc4I\x11\x9f\xf8U\xdcc\xb8\xb8\xfcq|\xf0G\
\xe4\x98,4\xbb\xb7\xe3\xd4\xf5(ZB\xda\xa3\xaaB\
y2\xf7!'\xc4\x12\xc6{\xc0#D?\xb8\xea.\
\xe1\xc6|\x94S/\xf6_;~\xef\xf2\xfbx\x8f\x87\
>\x9a\xdb\xdc[\xfb\xd8v\xdf\xac\xcd\xd4-\x00O\x0b\
k\xb7sh\x90\xcdu\xf7{\x08\x1f\x02:\x8d\x1b\x80\
\xf5\xf9?iQRN!,\xd1\xe6\xd1 d\x84\xcb\
1\xf6\xc6-~\xcb4\x97\x0e\xb0\x000\x80ut\x17\
\xca\xdb\xd17'\x18\x13\xb4@E\x0c\x87!G\x9b\xd4\
1KA\x091\x1e\xe9\xe9\x9d\x8b\x80\x1bU\x85\x1c\xb5\
\x88\x93\xc5\x00\xf6\xe0;\xf5$\xee\x03\xfc\xe7\xa7\x9e\x5c\
\x8e\xe1ucM\x5c\xef\xfa\x9c\xc4\x08\xd5\xc9\x0c\xcd\x13\
\x91[\xb5A!\xd2s\x09\x123\x9b\xc9\xa6\x0bI[\
\xf5u9cU\x1d7\xa0\xf0.\xb4z3\x90m\x98\
\x96\xc891N}\xc4_\x96\xcf=\xfe\xfd\xe5\xb2~\
\xa3\x90,\x82\xb5&\x14z\x04vN\xe0\x01\xd3W\x9b\
\x019\xe9\xa4\xd2V\x0aC@\xad\xa8\xfa\x92\x14\x07\xa7\
v\xb7\xbd\x9f_\xfa\x82\xfc|\xe9oV|\xa8e\xca\
v\xc0\xd7\x1e\xe1!\xb0\xed\xd8h\x0bl\xfd\xe8\x7f\x14\
\xaf\x1a\xf1\xeb\xe5\xf8[\x02\x1c\xe3x\xf4\xcf{\x00\x9e\
\x18!\xac\xa4\x10@\x1c\xcah\x102\xc2q\xe8\x08\xd0\
\x1b\xb7\xf8-\xd3(\x1dp\x01`\x00\x0e\xc1\xaa80\
\xe0\xa2m\xf3i\xde\xdf\x07\x8f\xc01R9\xe1\x01\x0c\
Xk\xd3pSP&wP\x15\xfe%6\x03v\xb6\
e\xf9\x22\xdf\x1c\x84\x1b<7\xdcp\xbd\x9f\x0b\x9c\xa4\
v<1\xa1\xd5\x1f\xc4b\xe31\x15\xb9\xda\xd9\x8cj\
c\xa4\xaa7\xae\x98ic'\x05W\xb2\xeb \xf0_\
<2N\xe2i@}g\xe0\xbco\xd9\x08\x8b\xc7,\
\xeb2\xf3\xe1w\x10\xfc\xee\xa3\x8f1\x91|U\xd3\x91\
z\xa9\xeb$b\x8e,\x94\xc1\xe5\xe4I\x5c\x18\x19\x95\
\x98\x1e\x8e6\x9b\xe8M\x95\x9d}\x12\x85\xfd\xb8.\xff\
\xe3]\xf7.\x9f\xc5\xb7?\x0dET\xec\xf0\x1f\x93[\
\x8at\xe2\xb6\xd5Io\x09\x9b-8\x0f\xe0\xfc8\xfd\
&^\x86E\x92\xf1\x0a\x00\xfcRRK\xa1\x19\x0d\x1a\
\x0dBF\xb8\x1ey\x0b\x02i\x8b\xdf\x91\x8ar\x0d\x0b\
\x00\xbdk\xd7{4o\xe4\xa4\xad{\xf2-\x9a\xc7\xe8\
\xaa\x9a\xa3LTMR\x12S\x80\xe8r\xd4\xb0\xb6E\
 l\xc5'\x5cU\x97\xd8\xa4\xa8\xc0\x80\xff\x0bxs\
\xd0\xe7\xbf\xf7\xc8r\x07n\x08\xd6\x89\xda\xe46\x01\x85\
\xc1\xb7\xd9\x8a\x8c\x13\x8a\xfd2\xb3\xd1\xd0\xd9\xa43\xae\
\xc7\xa6\x1f\xffR\x976\xd1\xed\xe7\xc4y3\xf0|\xb9\
\x19\xc8\xd8\xd3\xe2yf\xb6\xb5\xcf\x7f\xc1G~\xf9\xb1\
i+~y\xcfI\x82\xa2IMA\xba\x82R\xd1\x96\
6\xdak\xc9\x04)\xb8?H\x1e\x97t\x8b\x12\x8e\xc6\
-\x1e2T\xbd\xf1\xaf.?\x8eo\xf9=\xc9\xef\xf8\
?}:\x02X\xec\xea\x10\x19\xdc\xd1\x16\xa8x\xc4\xf7\
\x06\x90\x836\xd9b`\xc7[\xe5w\x1e\xbf\x13o\x00\
\x9a\xbc\x02\x90\xc7\xd1%T\xc6\xa1\xe1\xdeBc\xf6|\
\x9a\x84\x8cp\x8bU\xa4\xe4{\xcc\xfd\xaak\x5c\x00,\
\xcd\xd0&\x07\x06\x5c\xad\xe0\x89\xbb*\x05(b!\x01\
\x8d\xc9\x0at|\xce^\x8c!\x96E \x9d\x03\x13'\
\x89\x96\xc7\xb1!\xb6'\xe6\x9b\x83n\xc67\xc7\x1c\xe5\
\x0f\x8a\xf0\x8f\x03\x8b\xcdd\x8a.\xb3}\x94i/\xb2\
Y\x058\xb7\xc8\x0c\xe51-N\xd5M\x86\x93\xc7U\
\xd4\x227.BX\x1c\xec_9sZ7\x03\xc9\x8e\
b-\x0a\xad\xd4\xeeW\x90\x14\xab\xcf\xef>\xf2=&\
\xc0&\x07\x0aM\xa7\x87\x1f\xb38i\xa3\x01E>\xe4\
+\x00\x81\xb2\x91\xc0Ie\xf5tOW\x18*\xa5\xf5\
)=\xa8\xf5v~/\xdf\x7f\x8f;\xff\xbf?{\xf4\
\x07\x17K~\x0b\xea\x81c\xb1\xb2\xb3\x83\xf6:\xe9-\
\x8f\x1dK/\xbf\xe7mo[\xceL\x9e\xff\xc7\xd5\x00\
\xd9}\xeb\x8a\xe6\xb9\x8dc{\x83F\x83\x90\x11.\xfd\
21\xd6\xc0\x1b\xf2\xce\x0b\xc0<\xbcu~\x17\xdb\x89\
\x07\xe53\xc6\xdc\x07C\xe2\x93\xb4\xe5\x09\x0cHLn\
\x92\xc4kX>u\xa0c\xf0\x92#\x90;/q%\
P\xe3\xe0\xb2\x0e'\xc2'\xf1\xe3\xa2\xc7\xef\xb9\xd7\xcf\
e;\xfd\xec\xbcn2\x8d9\x89S&\xc6sif\
\xe3\xf1:N\x12J\xf0\xd8\x11\xd5Fk\xd3\xc5\x9cr\
\xe9\xc7\xef\x09\x88\x9b\x81dF\xb1\x0c\xa1\x95\xdas\x15\
$E\xfa\xfc\xe8\xcc\xd9\xe5o\x9f\xe5\x97~\xd8\x84\xb0\
\x03\x22E\x8e\xa8<\xb2j{\xf44\xcc\xed\xa4F\x01\
\xa4\xc9N\x97\xbaIq,\xb8I!\xd1\x8a\x5c\x9a\x9a\
!\xd2\xce~\x86\xc2\x1f\xf7|\xfc\xd5W\xf1\xde\x08~\
ZqR@\xe2\x22\x90\x9b\x1fC\xbb\x02\xa8\xc7\x0a2\
\xec\xf1T\xa1>\xfaS~\xf8\xae\xe3\xcb\xc9+\xfc\xf5\
\xe6\xd5\xf3\x7f\xe8l\x0b7+M\xa2\x9eZ\x0aNK\
\xdbh\x102\xc2-V\x91Z\xb4\xbd\xa5\x9d\x17\x00\x86\
\x99\xe4\x16:\xe0\x0e\x0c\xb8\xdab\x1d#1v\x85X\
\xc4\xb0Z\xad\x89\x1b\x93\x94P?Q\x0b\xc9E\x9b\xe9\
\xf9T@\xa8a\xfdbP\xe2\x80\xd3_\x09\x98\xed[\
\xf8\xe8\xeb9<\x1d\xb8\x1d7\x95l\x22\x82\xc7\x01\xd6\
VdZ\x03go\xf1?\xf5Q\x86\xd1\xec\xcc[e\
\x8f#\xbb\xdb\x8c\xcb\x905G\xd5M\xbe\x82G\xa3\xb3\
\x17^\xc7w\x06\xe2\xddz\xab\xb2\xd9\xb7j\xea\xdc\xfa\
)<\xfa\xa3il\xa0G#\xd9'\xba\x0e\x90\x93\x9a\
\x189\xa4h\x97rL*w^U\xe9\xe4W\x01\xe1\
\xeb\xb5\xb3\x1b\xcbp\xd3\x9d\x83\xcat#\xdfx\xe4\xba\
\xe5_\xddy\xcf\xf2\x85'~0\xe4\xf2\xd17<\x9c\
T\xb7\x09\x9f\xc7\x02\x16\xe5\xd8t\xfc\xce\x0d\xf9v\x5c\
\x15^\x87|\x17\xc0\x8bG\xfc\x08K=\xfa\x8c\x98\x95\
&QO-\x05\xa7\xa5m4\x08\x19\xe1\x16\xabH-\
\xda\xb6\xb4\xfb\x02\xe0I'\xb9\xd5\xdc\x01\xbfF>\x9b\
\xda\xc5\xd2\xa8\xf9\xd0\xb9\xdc\x1e\xd9cHQ\xa7\x18\x02\
\x02\xb9\x98\x8b\x80\xf4\xb0{\x1dX\xd4l\x80\x0a\x80\xc0\
P\xff\xce7\xfea\xb9\xeb\xder\x15\xc0\x93\x1e-m\
\x13\x972\xc7\x5cS\xb4\xc9\xd2\x1d\x97O\x93\x8d[t\
\xe6%_\x1bD\xa9\xae[\xb6\xceV\xb9dG[N\
\x9e>\xbb\xbc\x84\xef\x0c\x9c\x95\xaeo+\x81mW\xc6\
\x06\xf2\x03R\x9f{\xf4\xd12\xc1E2\x02\x8fE\xc1\
jm\xb2&\x11\x8d\xb2{<\xf1\x89\x11\x8c-l\xac\
+\xd9\xf1\xa8\xdc\xb4\xf2*Q\x8c\xc0\xfd/\xe1{\xfe\
\xbe\xfa\xdc\xb3\xb8\x0a\xdaz\xcb\xaf\x07\xcb\xd8\x98\xe4\x94\
\xd1\xae\xb8:i\x93\x9ex\xd8|1\x80\x1av>\xff\
\x7f\xe5M{\xf4g\xdf\xc7+\x001\x0e\xa0fiY\
\x9bDcj)\xa4\x8b\xdbF\x83\x90\x11n\xb1\x8a\xd4\
\xa2\xcd\xa5\xdd\x17\x00\xfa{\xd2In\x19\x07\xfc\x1a\xf9\
%\x15\xc56\x11M\x13\x90\x8b\x80F\xcfI!\xc7\xe5\
~\xac\x000\xf7\x8b\x80B\xc4.\x17\x8a\x98\xf0\x19\x9b\
aU\xf0\xcdAxn\xfd\x03\x5cV\xde\x11\xdf\x19\x80\
\xce\xb0s\x9a\xd3\xa6\xc9\xec\xa4\xc4!\xa8\x0bXK\xf6\
:u\xb0!\xd3\x81\xbc8q$+\x8e\xf1\xd9\x84\xb0\
\x91Hv\xe8=\x976\xfc\x82\xd0\xc5\xf3\xcb%|\xcd\
\xf5\xf97V\xef|c \x14r\xa6\xc5c\x87\xedO\
\xf1\x99\xffs\xfa)2\xcbBGMn\xb6\x19\x8a\xc9\
d\xbb,\x916\x14U\xd8\x81\xbb~\x8e\x1f\x13M\x9c\
\xe0\x99\x97\xfb\x85\xbf\xa9:\xde\xb0\xc3I]\x96zp\
\x96\xe5\x96\xeb\xae_~\x167\xff\xfe|\xf6\x81\x1f\xe7\
\xc7d\xb7v\xa1m\xc4\xa3\x8d\xaa\xad\xcd\xc2\xfc\xb8\xc8\
\xc9\xe3Vr\xe3i6f\x95\x00\x00@\x00IDA\
T\xbc\xeb\xee{\x96\xb3\xfc\x11\x10\x86(\x1bu\xbb\x02\
\x80P\x8a\x0eUz\x93\xa8\xa6\x96Bs2h4\x08\
\x19\xe1\x16\xab\x85\xd8S:\xd8\x02\xc0P\x9et\x92[\
\xc6\x01\xbfF~\xa4z#\xde\xc1\xa1\x91\xc2N5\xad\
h\xca\x80\x15c\x88\xb9\x18\xd0\xc3\xc1\xc0\xc2\x9f\xa6\xb4\
\x99<\x8b\xcdo\x0e\xba\xfb\x9e{D\xb5\xf3\xc0N\xcd\
\xa9\x0c\x90\x87\xde&\xaa\x9f\xb8\xc2\xadS\x9a\xad\xf2L\
\xe6\x09({\x17\x036\xfeY\xc2\x8co\x5c\xb3\x85\xdf\
K\xb8\xfb\xcd\xef\x0c\x14\x97\x87\xb4*\xc38\x85\x1d\x06\
\xe6`\xf9\xe4\xb7\xbf\xc3\xc6\x10\xb0\xda\xf1\xc4\xa8{[\
\xe4@\x99E\xb5\xfb\x19Px\xce\x09<bB\xb7\x85\
\x22\xecQ\x8b\x08\x7f\xfd\x176uo\xa9S\xf9\x96\xdf\
\xbfx\xf2),~\xeb\x85\xcf\x09\xde>\x0e\xbb\x86\x9e\
0\xb0\xc8\xcb{\x02\x8cJ\xdd\x16)\x08\xf4\xd1F\x8c\
\xb6\xb0_]\xde}\xdf\xbd\xcb\xab\xf8\x82V\xf6\xf1\xfa\
\xd1\x9f\x91\xf8\xb5\xe0\x0a\x099\x0aq+M\xa2\x9eZ\
\x0aNK\xdbh\x102\xc2-V\x0b\xb1)\x1d|\x01\
`(O:\xc9-\xe3\x80_#\x9f\xa9\xf4\xa5\x93\xab\
\xc9i\xaa\x86\x90\x14\x14\xc8\xa1\xc6\xe4\x9e`\xdd#{\
\xf0\xe4\x17\xfe\x1e\xc4\xb1\xf5\x22p\x1a\xef\x86\xfb[|\
\x8d\xf4\x9d\xb8\xcc\xb4\xc9\xc9\xc9\xc8\xf3\xc3NE\xd5\x94\
\xd7::\xac\xe7\xb9\x8fxMf\xc7\xf61\x9aM]\
\x18\xb1W~\xb4\xa9\x05a\x87~\x1a\xdf\x13\xf0\x1a\xae\
\x00\xf4\x86\x14\xe0\xb32G\x15l\xf9\xee\x89\x13\xcb\xa3\
'\xf0\x06\x1a\xfab\xeb&\x04\x83\x09\x97\xc0\x9d\xe9\xa5\
\x8eI\xd5xb\x81g\xdcv\xf5@\xdd7\x09\xce+\
\x95\xb5\xd3\xf6\x84=D2\xa8\xdf\x81\xf7j|\xf8\xe6\
[\x96\xbf\xc5'\xfeX\x1a[j\x03\xfcx\xd4.\xb0\
\xd6\xed\xac\xc7I\xd9\xb66\xf1\xedx\xa0\xe3\xefA|\
\xa5\xfc+x\x0f\x80\xda\xe39\xe3\xd1\x9f\xe3x\xc3\xc6\
g\x01Z\xdb\x9a\xd4\xb5\xb9\x87u\x00\x06\x8d\x06!#\
\xec\x07\xbd\x7fum\x0b@i\xed<7O\xc7Uq\
`\xc0E\xdb\xe6\xcb\x1c\x93\xb4\x86\xec&)\x0d\x00\x84\
\x99h\xd4\x00\x88\x99\x9cO\x05Dp{\xd0T\x87b\
\x11\xd6\x8b\xc0\x1f\xe3w\x05\xef\xc0\xc0\x0fo\x11\xc6\x80\
\xdb\xb9\xa5\xa9\xa8\x13\xae-\x04Pi\xe7\x1f: '\
9R4yn\xa3\x03\xfb,y+\x9d\xad\x0c\x1b\x89\
\xc1\xbd\x8cG\xc13\xb8\x0b~\xea\x22\xbf\xa6\xd28\x12\
V;\xf2g\xe5S\xdf\xfc6\xe0\xb0207B6\
\x19\xcc\xc7'\x10m(\x9a\xd4\x14\xa4;\x9f:\x1c\xbb\
\x09/\xccw\xe6*N\xc2\x1e\xcf\xe2\x18\xaa\xd4\x8d \
\xa9b\xff\x03\xde\xf2\xfb\xc5\xc7\x1f\xd7\x82Gc?\x8a\
\xa3.\x8erc\x87\xff\x98\xe8:\xbel/mf\x8f\
c\x0a\xde\xfd\xf8\x12\xd93\xe8\xe3\xcbx\x07\xe0\xec\xd1\
_O\x01\x90\x04\xdeVRX\xab\xbd!\xb5\x14\x22@\
\xc4\x1a\x0dBF\xb89\xee!\xed\xbc\x00L\xe3;8\
\xb5\xe1\xd0\x07\xfc\x9a\xf8>\x9419\xa3\xe6A\xb9\xdc\
\x1e\xd9\x9d\xdb-\x06\x81\x91or.\x02\xee\xaf\xfe\xd9\
\xeb\x8a\xc0\x08\xca\xf7\x06\xde\x0e\xabE\x00\xcf\xfftn\
`\xa7?\x1c\x9b&\x22\xb5\x0d\x99\x1d\x12\x93\xd5|\x04\
\x8c\xfe\xc8\xd7xU\xa6\x97\x8c\x9e\xab\xd8\x18\x8a\x7fl\
\x8f\xda\xb4,/\x9f9\x85\xf7\x04\xb4\xdf\x11$>+\
k\xf44\xde\x06\xfd'\x98L\x08T&.YJ\xa2\
\x8a6oL\xafG\x0e\x05-|%\xa6\xee\x9b\x9cI\
\x8a\xcdZ\xc6\x09\xb6Y\xe8\x0acO\xb9\xba\xdc{\xe3\
M\xcb\xdb\xf0\xbd\xbc\xdf\xc5\x07\xb8\xd6E\x97\xf5r\xb0\
\xc5\xca&0'<\x83q\xabr\x1c\xaf\xd9\xc8i\x9b\
\xf1L_\x96\xf7\xdc{\xf7\x9e\x8f\xfe\xb5\xaf\x11\xcdJ\
\x0ak\xb57\xa4\x96B\x04\x88c\x1f\x0dBF\xb89\
nH;/\x00L=\x8d\xef\xe0\xd46\xf39(\xbf\
\x9b\xa4~\x14\x15\x13T^\x1e\xb49\x0e\x14B\xc81\
\xb9K'\xf4\x8b@\x18\xdcAU\xf8\x97\xd8\x1e\xf0+\
\xf8%\xdc\x9b\x8e\x1e]n\xc0\xfb\xc0\xfbIW'`\
\x91q\x22\xe5\xc4\xa4\xcc?\xf4\x83M\xd4Q\xa6\xd1l\
\xce!\xb9\xfa(F\xb3\xb9\xd5|\xc45\xdb9\xbc\x13\
N\xbf&\xac\xf7\xf0\xdb1\xd6\x133\x8e\x9a\xb5\x0f\x8b\
\xa0?\xfa\xee#\xcb\x15~\xcf c\xe5\xe6\x13E\xcc\
:Q\xdc[\x01<\x8a\xda`\x13N\xfe\xf4q\x93\x12\
\xb8\x8b&;\xf1\xba\x05q\xc57J\x03\xa5\xbb\xfa\xeb\
x\xcb\xef\x1f\xe1\xd5\x8af\xcd,-\xaf\x8c\xf2\xb2\x84\
N\x8e\x85\xa0\xb6E\x8b\x84\xb7Q\x01J\x1fD\x7f\xbc\
\xe7\xbe\xfb\x96W\xf1\xfa\xff\xd6\xa3\x7f\x5c\x01DK\xb2\
m)\x98\xa5\xa9M\xca\xd4\x9d\x10\x91\xe2\x90z~R\
G\xb89N\xa4\x03,\x00\x96b\x1a\xdf\xc1\xa9\x0d\xc3\
2\xe0\x07\xe5\xc7D\xd6\x01\xcc&)\x0d1Qc\xe2\
\x1a&\x17\x89\xe1\xd7\x82\xb5E l+\x9fT#6\
\x00P9\x89>\xf3\xado-w\xe2]`\x9aP8\
\x1e\x1e\xa5&\xedZ\x06\xd7l\xe6\xb7\x93,\x1f\xe7\xaf\
\xfd\x07\x9b\xf1xb*?\x9ah\xed`\xa6e9q\
\xea\xe4\xf8\xce@pg\x85(O\xe8O~\xe3[\x0c\
\x82\x0d\x00\xb6\x98$\xa1\xcb\xa6\x00\xe4\xf8D\xa71\xb9\
\xe6g\x01\x9a\x9cq\xe4\xbb\xde\xc1Y\x09\x98\x8f6\xed\
Py\xed\xf4\xc62\xfcA|\xdcw\xc1+\x15?\x8a\
\xdf't\x9eU\xe1\xebu8\xa3\xc6\x88\xe6qE>\
{t\x87Q\xc7nv-\x06:\xc6\xa2\xc3\xf7\xdd\xf7\
\xde\xb3\x9c\xe0\x0d@oi}\xee\xdf\xfa\x9f\xd6VR\
K\xc1lMm\x12-\xa9\xa5\xb0\x8e5\x1a\x84\x8cp\
s\x5cI\x07\x5c\x00\xe8m'\xd6*N\xb6v\x9e{\
\xe2\xe3\xc4\x9d\xf9\xf1(\xae\xb9\xba\x9a\xb0\xae\xaaua\
\x0f,\xfch\x9ca\x01\x06\xaf\xf3w\x07\xc7\xea\xfd\x80\
\xc7^yyy\x0d\x8f\xacG\xf16\xe1\xb8\xd1f\xe7\
\x8dOD\x1c\x98MH\xea\xfb\xc8~\xc2\xd5\x13\x872\
\x1d\xf5\x17\xfe\xd2=\x16\xed(\x9dO\xa7KYNb\
b\xd8;\x03\xc9nE\xf1\x9b\x9a\xd2W\x9e|zy\
\xf14\x7f\xec\x93\xf1c\xa3\xd9d\x9b\xc4T\xa1\x13b\
I90\xd6&\x8bO\x22\xfe\xb3\xc8\xe6\x1c\x8f\xdbl\
\x94*9-&\xb8\x89\x15\xb7\xff\x09o\xfa\xf9\xfc\xf7\
\xf0Ve\x96\x18_\xd32\x8c=\xa2\x9bG\x9b\xf8 \
\xa1\x1d\xe6\xe2\x8b\x01#\x12+[\x1c\x87\x82y\xbb\x8f\
\xe1\x07Ey\xf5\xf7\x1a^jmco\xe3\x9e\x0bA\
\xb4aU\xb3\x15*)\xac\xd5\xde\x90Z\x0a\xee\x8f\xca\
\xa0\xd10\x22\xcdg-]\xc3\x02\xc0\x10<-'\xc5\
\xc1\xa9m\xe6\xb3\x03?\x1f\xa5\x95\xae\x9f\x90\xad\x05\xc0\
er{pC\x8d\xc9]\xcf\x10\xc7\xda\xfd\x03:\xb9\
C\xfa\x15L1q\xe4\xb2a\x87\xffO\xe3-\xc2\xc7\
\xee\xc5U\x00\xffprh\xdbAV\xff\x05\x9f\xb5|\
\x80\xee%\xcb\x86F\x84\x9f\xc4\x9a\xd3\xfce/6\xde\
\xa4\xe2\xdb\x83O\xe3'\xc5\xd7e\xb6\x08|\xfa\xeb\xdf\
4\x1a\xf2\xd8d\xc7 AF\x13m\x0b\x01z\xda\x81\
\x99L\xd7\x98L\x14\xe9\xc4\xdaw\x8a)$wz\xf4\
\x8d\xd8\xc1\x0b\xab\xbbG\x1c\xa3\xb1\xb7\xac|\xe0\xe8-\
\xcb\xab\xa7\xce\xe8+\xdc\xc2%\xeb \x05\x00=s\x11\
c[\xa2\xf6\xe3\xb3\x85\x82\xb6\xd8\xecXlA\xb0\xe3\
\xa5\xfc\x1e\xbc\x14\xfc\xe2\xec\xd1_amLba\xf0\
\x83g\xa6,\xd9\xb4\x14\xcc\xd4\xd4&\xd1\x92Z\x0a\x19\
\xcam\x13C\xa3\xec)]\xe3\x02\xc0\x98m \xba\x0c\
\xde\x96y\x93&>\xfb\xf0\x95)&pL>\x82!\
\xab\xf6\x168\xd6&5\x80\xb0g\x1d\x02c\x98\x9c\x8b\
\x8cT\xb7\xafsV\x9b\xd2\x1d\xc1\xa5\xf5\xb9\xe5\x87\xf8\
\x91\x89\xdbn\xb9\xc5\xe7\x88\x0d\xbe\x9dO\x1b2\x8c\xb6\
X\xa0\x07)\xf3\x0f}\xb0\xa7,\x9es\xd2\xc7\xe3\xf0\
\x14\x08\xff\x81g>'N\xbd\x8a_\x13n7\x03\xbd\
\xb7T\xd5E\xe0\xb9S\xa7\x97\xbf\xc57\xfe\xe6d\xe6\
\xd8X\xe3\xdad\x0f\x8cIYd\x97\x90\xdc\xc4\xc3\xee\
m\x14n\x8d5n\xc40\x07\xec=&$M\xd6\xa2\
\x9b\xaf\xefA#\xf3\xd7\xf0#\x1f\xffI\x1f\xf8\xf11\
\x0b\x92\xc2\xb4\x09\x1e\xb0\xea8\x1e*\x90cQ\xb0c\
f\xe0~\xd2+\x91\xfb\x84\xfc\x9e\xfb\xde\xb6\xbc\xec\xcf\
\xffm,9\x8a\xb3\x8f\x03\xc7\x11\xa9AJ\x1f\xbbD\
R0KS\x9bDKj)D\xa4\xb0M\x0c\x8d\xb2\
)\xed\xbc\x00\xcc\xc3\xdb\x81\x0f\xd1\x9d\xbc\xb3\xcf\x9e|\
\x8b>\x9f\xa4\x9e\xb9NN\x97\xbbE@4\x18\xe2<\
\x89\xc9]\x1a>\x8d\x1f\x0e\x11\x7f\x12\xfb\x0f\x1f\xf9\xf6\
r\xdb\xdd|\x8b\xb0O\xc8\xae\xe6\xf9\x14\xb8\xcb\x18J\
;\x9f\xd8w{\xc9\xb4\xf9&^\x95'\xb1\xc8\xc5\xf1\
\x84\x0f\x0f-d\xdd\x0c\xc4G\x84/\x94\x9b\x81\xe5\xd0\
\xc5\xa3\xfe\xd9\xaf\x7f\xc3dk \x03\xe4\x04\xa1\x1c\x9b\
M\x1a\xd7\xe9(\x9b\x04\xeeL/uN\xe6\xe4\x89\x05\
\x9eqs\xc1\x91\x0f\xb1\x10X\xf7E&\x10~\xe2\x96\
\xdb\x97'\xbf\xffd\xf7\xd1g\x8bW\xf8 k\xc8j\
\xdba\x8e\xf6\xb7\x1aDp\xd8\x8e\xba\x10\xb0!\xc2\xe4\
\xd3\xe4w\xbf\xfd\xbe\xe5\x05|\xbb0\xdb\x92\x97\xfc\xf0\
e\x7f\xf3\x91\xbf=\xfa\x97\xb6\x88]u?LBv\
Pilj\x93:Z\x0f\xcb\xcf\xa0\x89!\xa3\xce\x85\
\x9d\x17\x80\xae\x01],;\xf1:\xa8\x90\xe7M\x9a\xf8\
8q\xe0w\x93\xd5gpLH%\x9da4\xf47\
\xeeD\xe5\xe9\xe0\xf4x\xf4\xcf\x1a\x84~\x11P\x88\xd8\
\x15?Fj\xb1\xf9#\x93_\x7f\xf1\x85\xe5v\xff\xfe\
@\x8c?\xc6\xd3N\x06M\xc0\x83\xca~\x22)\x0ee\
\xfc\xe9\xdf\xe5\xc0\x95\x85&\xe2\xb2U\xb9\xe4w\xdb\xf3\
\xaf\xbe\xa2\x9b\x81C\xff\xf2pP.\xe28\xfe\xf0\x1b\
\xb8\xfc\xb7\x046\x11\x9887\xd1L\x17\x87\xa2O\x18\
\x9a$[MU\x13\x89\x02\xb9~\x0cT)\xdb$3\
\xad\xdbg\xe3Rp\x7f\xba\x15\x0c\xea\x7fw\xfd\xcd\xcb\
\x97y\xb3\xb2\x94\x1c\xda\xc4\xe0\x83\x7f\xe2\xb1E{b\
\xf2G\x5c\xd3A\x0c~\x1c\x1b\xf3j\xa3\xed\xaa~\x00\
\xf4.\x5c\xf1\xbd\x82/b\xad}\xcf\x85\x00\xcc\xdc\xa8\
G!n\xa5I\x03\xb225\xb5I\xf4I-\x85\x88\
\x14\xf5\xa6!\x08]}\xa0\x05\x80\xd9\xe7\xe1u\x9av\
\x81\xa58yg\x9f-~^\xaa3\xaa\x0fs7\xda\
\x15\x83\x1c6\xb0\xebsv\xb5\xa9\x1a\x837]dV\
1\xe5\xdcc\x11\xfb/\x7f\xf0\xf8r3\xbe\x17\x8e'\
\x88\xfeX\xe3Xv\x92\xc5u>\x9d\xe8E_\xe2\xbb\
\xc8\xc9\x93\xd3\xe0\xc3f3\xd6\xab\xf8,\xc3\x19\xdc\x07\
\xb0\x0c:\x98n\xf7\x9f\xbe\xfb=\xfc\xc8\xc8ELN\
:\xb8I2v\xd6\xa02q\x9dT\xedr!\x97\xfe\
\xa5&N\x8c;\xd9(\xb3P\xf7-\x0d\x1d\xc1\xdab\
\xe4n\xff\xb3\xf8\x8a\xef\xef|\xf5k\xcb\x9b\xb8\xbf1\
/\x8c\x1b\x16\xcf\x91\xb9pz(\x8dv\xb60\xd0\x06\
\x07=\xda\x07\xcf\xa0\xc4\xcc\xc6\xd7\xff\xf1\xfc\x1f\x93?\
\x1e\xf95\xf1\xe1\xc3>\xae\x8f\xfe\xd4[\x1b\xaa\xc8\xc0\
}I$\x05\xb3\xaf\xd4tJ<\x855\x7feH\xcf\
Q8\xd8\x02\xe0\xfe\xf3\xf0<]'\xc5\xc1\xa9\x0d\x1e\
\x03\xbe\xc5\xef\x16\x01\xcf\x13\x13W\xf3\xb2\x9f\x9c6\xcf\
\x1d\x13\x1dr\xa8\xe1G`\x85\xb5\xa7\x0ep\x0a\x9e8\
\xc1u\x07\xc7\xc8\xe7\xc7\x15\xbe\xfc\xfd\x1f,\xb7\xe3K\
D5q\xfd\x84\xd8If\x1f\x04\x1fr\x5c>\xb2g\
*\xae\xf3)x\xb5\x16\x0f'\x18\xb1-\x196\xde\x0c\
<\x85o\xf59\xe3\x1f\x13^\xf7\xfb\xa7\xff\xeb\xd7\x18\
\xc46\xc4I\x19bN\x98\xb0\x0b\xc3\x8e<vS\xc1\
\x85\x096\x9b\xe2\x80\x971\x14[nm\x07j.<\
t\x8b\xcd\xe3GE\x07\xbe\xbf\xfe'\xaf\x1cY\xbe\xc3\
/)\xd9\xa3hx\xbc\x09IS\x1e\xec\xd8^\x04\xcd\
6A\xd710\x91\xcbm1 \xb5\xf9\xf0\x0b@^\
\xf4\xcf\xff[\x9f\x8f\xcf\xfdcq\xe0\xf7\x05\xd6\xb63\
\xab\x95&\x0d\xc8\xcad\xea\x0a\x84S\x22)lE\x8e\
\x0c\xf3\xfa\xe0\x0b\x80'\x5c\xe5\xf5\xe8<\x05'\xe5\xa0\
>\x95\x1f\x93\xb0\x84\xcdKua\xfd\x84,4\x9cU\
\xd4\xda\xe5\xba\x00\xa7\xe7\xc4o\x02\xccf\xdc\x8e\xafp\
\xb1cp\x95\xebn\xb8ay\x04_\x9aq\x05/\x09\
2\x02\xcf\x17|I\x14jn\x1c\xac\xddev\xe0\x9c\
\xef1\x14\x8b9\xc4\xb2\xf8{\xc9\xb2\x19\xffE~I\
F\xb9\x19\xe8\xdd\xbc<\xfa\xfc\x0b\xcb\xe3\xd8\x14L\x0d\
`#|R\xa0\xb6$<0t\xd1J7\x1fvC\
\xf8\x84\x1c\x5c3\xc9\xee&\xca\x19\x87\xd8P\x10\x8b\xf1\
P4I]f\xae\x7fy\xf4\xf6\xe5\xab\x7f\xf57\xb2\
\xb5\x9dqMg;(!\x87U\xd2\x19\x87/\x01\xa6\
\x8d\x9c<F\xd1\x95+\x17\x05q\xad\x9d\xf2u\xee\xfb\
\x1ex\xc7\xf2\xec\xa5\x8b\xba\x02\xb0\x106.\xebG\x7f\
\xda\xe2T\xb3\x9cl\x8c\xa7_IR\xab\x8d\xce\xa5\x98\
\xba\x02aO$\x05sZ\xa9%\xd2(\x1e|\x01`\
\x0c\xcf0O\xc4\x13sR\x0e\xeaS\x83DO\x96\xc5\
 '\xa9lN\x089j6\xc3\xe5\xf6\xc8\xee\x5c\x1a\
R\x0c!\xf88\xc4\xc8%\x93\xdb\xd7\x98\xdb\xae\xc3\x87\
>\xaeb\xfbK<*\x1d\xad\xdf\x1f\x88\x93F\x7f\xac\
\x8b\xacGyZ\x84\xb3;7\xe4\xf0C_4\xff^\
\xe6Il\xfe\x8eC\x07\xe0\xb1\xc3&\x00\xdf\x1a\xfc\xba\
\xbe\xe7\xf0R\xb9\x19\x08\xcb\xf2\x99\xbf\xfb{:@2\
^NN\xc52L6\xdaU*\x8fn\xd4i0\xbc\
\xc9=\xa6\xb8\xe2\x10\xf7\xb2\x99\x03\xf6\x88\xe9T~\xd9\
\xc7Cg__\x9e}\xee\xf9\xf0\x1ek\xf94_N\
z\x9b\xf8l\x1b\xe9\x9c\xd4\xac\xa2\xc6i \x99v\xdb\
l\xc2;N'\xe1\xcbr#\xc6\xf8\xde\xdbo[^\
z\xe3\x22 \x5c\xad!\x8c\x9e\x02(*#\x17\x1dv\
\xeaY\x8a\xd2\xc4&\x05/\x91\x14\xccb\xea\x0a\x84)\
\x91\x14\x22\xd2n\xf5\xce\x0b\xc0\x10\xdf\x81\x01W\xde\xd5\
\xc1G[\x0e\xea\x93\xc1\xeb\x04m\xf2|\x92z2\x9f\
\x9c\x91\x9a\xb3=\x17\x81\x0c\x01!\xe4\x98\xdc\x09\xa0s\
\x03\x0b\x8e\x82\xb9\xa2\x0a;\xfc\xdf\xc8\xb7\xcd\x82\xfb\x02\
^\x12<s\xe5*>(\x84\x05\x81'\x00\xdao\xf5\
^2mm\xcb\xa7\x00:\x81\x1a\x0e\xa9\xf1\xb6\xe4\xa9\
\x8f\xb7A>\xcb\xf2\x1c\xde\xc0T?\x1fp\x16o\x17\
\xfes}\xec\x17\x87\xc0\xfe^o:f{$\xf4\x03\
2\x8e\xe3R\xe0c\x8b\x06\xc1\xc2\x0dY0\x03\xa3\xa8\
\xc2\x0emU>C\xb5\x1f\xf2\x1b\xd9\x18p\xf9\x95\xa3\
\xb7-\x7f?<\xfa\x97\x00\x10mtJ.\x8a\xae\xda\
D\xa7\x1e\x93\xbf\xb4U\x18t\x92!\xdb\x16\x5c\xe3\xbd\
\x1b_\x08\xc3G\x7f~\xd8Xa\xc1\xd3B\xe0u\x8c\
c,\x0c\xa0Ej\x8a\x9d\xe2M\xeaA\x91\x0a\xad\x91\
d1u\x05\xd6\x08\xa3\xc9#nW;/\x00\x0c1\
\xc4w`\xc0\x95\x8f\xa7\xec\xa4\x1c\xd4\xc7FT\x13,\
\xa3\xc5\xc4\x14\xe0\x84\xe0\x0d\x18\x0ci\x8bE\xa0\xc7Z\
\x5c\x97J\xfc\xb6\x08x\x10U\x19p9\x82/\xa18\
\x82O\x85\xf1\x0a\xe0*~D\xe4\xaf\x1e\x7fl9\xce\
7\x07\xf1\xa4\xe0_\x9c\x1cS\x99}\x1a\x9c\x7f\xa4\x9c\
\xf9\x10g\x0f\xf9\xe5S\xa7\x96\xd3\xf8\x84`\x8c\xcd\x17\
\xbe\xf6\x8d\xe5\x8d7\xf8\x89A \xf0\xcbM\x8c\x98 \
f\x0e\x9bMvr\x89kg\x1d'\x7f\x8a\xd5\x16\x9c\
\xa8\xddFZ\xcd\xa9`\x8eY`1\xb8\xe3\xc2p\x14\
}\xfb^\xdc\xa4<\xa9w)\xa6\xc9&,9\x84\xd4\
\x16\xe3+v\xc4\x01\xae6;\xc7\x16\x1e\x9f\xec\xe0\xb4\
\x85\xc1b\x98^q;\xc6\xf7\xdd\xff\xf6\xe5\xf9\xf2\xf2\
\x9f\xa1\x96)&\xbd0\xe4\xe3\x18Di\x12\xe3\x07Z\
\xc5\x02\xba9\x91\x14\xcc`\xea\x0a\xacaGSK8\
\x91\x0e\xb0\x00l\xa4\xf6\x84\xf3\xbc<\xbd'\xe5@>\
\x18\xda\x98oeb\xb6\xe7\xeb%~\xd8\xc5w\xa7\x90\
#F\xd2\x01\x04\x16~\x04\x06\x8c\x0e\x0e\x06O\xaaq\
\xaf\xc3\x0fO\xc6\xe4g\xfd\xe0\x9dw,\x1f\xc6\x17E\
\xf0g\xc6s\xf2\xe3x)\xdb\xa3\xbb\xc9m\x92\xfa\x02\
\x80\x9eJ~\xca\x85\xeb1\x8c3\xc1\xe5\xe3\xf8\x96\x8c\
6\xf0;\x03_\xc5w\x05\x9c\xc5\xcd@\xc6\xfa\xcc\xdf\
~\x95N\xb9\xd9D\xf1\x09Spr\xda#t\xe5\xa3\
{\x82\xc7\xae\x92,\x01\xb2\xeb\x81\xa3\x8e\xc9\xd7x4\
\xa287s$f\xc2\xbf}\xfb\x83\xcb'\x1ez\x00\
\x01b\x80\x88o\x17\xc6\xc9-hq\x0cH\xa6\xe3t\
\x8e\xcc\xb2m\x1f#c\xbd\xff\xc1\x07\x96\x1f^\xb2/\
Ya\xdf\x0d\xcf\xfb\x89!\x187\x1eN-\x9d^\x94\
&6)\xfc\x12I\xc1,\xa6\xae@\x98\x12I!\x22\
m\xd77l\x9bf\x16F\xd6ERL\x09#\x19\xac\
\x06\x8c\xc3\xc3E\x80_\x9f\xb0*\x07\xf2\xa1\xb7\x1f\x15\
O\x00tt-|\x94\xb6\x13\x97\xa8sU\x15?\xe2\
\x1cE<\x0f\xb8\x8a\x9a\xa2\xb8\xc2(\xc2\xae\xb8\xc5\xc7\
1>u0\xbe\xfb\xb0-N\xbb\x01\xcf\xa7u\x95\x00\
\xee'\x1ez\xc7\xf2\x7f\xff\xe2\xcf/\xd7c!\xb8p\
\xe1\xbd\xcbW\x1f\xc3\x8fi\xa0t\xfe%\xbc\x8c\xda\xb1\
O\xd9K,+BU\x0f(\xe7!)n\x84>\xb2\
<\x8f_\xca\xb9\xef\x8ec\xcb\xf7\x9e~q9\xf1\xea\
I\xdcZ\xbfN\xfd\xc7\x93\xda&f_\xb3oe\xd3\
\x18\xb0\xe3\xac\xa5\x8d\x0b\x1d\x1c\xf1<\xe9\x11\xefgr\
+n\x87\x07\xbeB\xd88\xe8\xc8=d4U\xa9\x9c\
s\xdb\xf57,\xbf\xfa\xb6{\x97\x8f\xdf}|y\xf7\
\x83\xefX\x9e\xfa\x11~\xe7o]\xa2Y<\x06\xb6\xa1\
\x16b(6\x86\xd6N\xc6\xd79\xe3\xed\xd6YM\x1e\
u\x8e\x05\xed\xf21\xfe\xcd\xb8\xd1{\x07^\xff\x7f\xf9\
\xfc)k\xba\x22\xda\x8e\xd13\xa3\xe7\x22\xb6.=\x0f\
Vwjx\x93\xc27\x91\x14\xccb\xea\x0a\x84iD\
\x22\xd2\xbc>\xc0\x15@\x04`\x0aK\x14H\x05\xcc\xda\
Y\xc4\x9e\xe2\x0eNm8\x94\x0e\xaf\x83\x1ar\xd4\xcc\
\x10\xb2:\xd5{6dW\xd5*\xc78)\xad\xa4\x90\
\x03\xd2\x9d@\x1ew\x16\xff\x08N\xcc\xeb\xf0\x1a \x1f\
\xf9o\xc17\xc4\xfe_?\xfb\x09}\x0b\x0c#\xbe\x0f\
'\xecQ|R\x8d\x13'7\xe0s\xb9rf2\xfb\
;\xf0\x1d\xe5\xcc\xeb9\xe5o2o\x06\x9e\xc7e\xff\
\x9f}=\xbe\xf2\x0b=\xcd\x137:\x9c56M\x98\
\xc0\xd8Y\xe2\x00@\xad\xc9CLN\xc4\x8a=\xf0\xc4\
\xdcF\x9c\x18w\xb2Qf\xa1\xee[\x1a\x1a\xe1\xdf\xbd\
\xe3\xa1\xe5'1\xf9Y~\xfc}\xefQ\xdd\xedH\x85\
_\x8ed\xc4\xf2\x9a\xf8^\x93\xdfR\xda1\xf1\xb8b\
ah}ruy/\xc63\x1e\xfd\xf7{\xe4o-\
W\xc3\xc6\xa6\x06R\xccMl\xd2@[\x99L]\x81\
p\x1a\x91\x884\xd6\xd7\xb0\x000\xc8Fj\xcf<o\
\x00O\xe1I\xd9\xd3\x07\xfc\x98\xd8t\xcd\x11.r\xb1\
\xcf&i\xfa\xc8\xb7\x0f\x90\x8b@\xc6\x80=(\x891\
\xb1\x95>\xfe\xb2\x5cw\x13/\xff\xe1\x80\xed\xd7\xde\xff\
\xde\xe56\xea\xce\xbd\xeb\x96\x9b\x97\x8f\xbf\xf7\xdd\xd2s\
\xd2\xe3\xe4Z\xcb|\x0fA\xc3\xb6\xe4\xd1\xaf\xf9\xd06\
\xf1C\xe6\xc4'\xf2\x13\xb8\x93~\x1b\xbe\xd5\xc6Hh\
\xb4\x1a\xae@\xfd\x04\xa0\xc1\x02\x89c\x8b\xc2\x1a\xa33\
7N\xb4\xb0Q\xa3lu\xfa\x01\xa8\xb2\xbb\x91d\x05\
|\xb3C\x85|\xd7\x0d7.\xbf\x86\xe7\xde\x1c\x16\x86\
:v\xdb\xad\xc6\xa3~=P\xc5w\x08\xb9\xe9Kn\
n\xb4\xb3M Z\xdb\x5cw.\xfdm\xd2\x03g1\
\xaac\xe6\xc3\x98z\xf9\xcf\x9f\xff;%/\xf5\xa5#\
\x1e\xc7\xa4\xbf\x89\x1b\x01\x159w\xe4g)J\x13\x9b\
\x14\xbcDR0\x8b\xa9+0\x9cv\xa8w^\x00\xc6\
\x14\x1b\xa9\x9d8\xf2\xd9\x1at\xd2\xacQ\x9b>n\xe0\
h\xaa@\xa8r\xc2\x09\x02q\xb9B\x1d\x06C\xda\xf8\
t\xc0\x83DMc\xc8\xb1\x08D\x0dj[\x04\x8e,\
\xd7\xe1v0u^\x01|\xfc\x1do\x8f\xd6\xe41~\
\x00\x1f\x1a\xb9+\xbeE\xd8O\x10M\x5c0\xf3Da\
\x9f\x84m*\xf39ep\xac\x07\x8d_e\xf6kp\
v\x93O\xbdvf\xf9\xf8\x87?\xacW,b\xd2F\
\x9d\x13\x1e1C\xeem\xec\x08t\x13\xdamv\xea.\
\xab\x17L\xd6DV\x0c\x82\xc4\xac\x12\xd7!\x82\x19\x87\
\xd8\xaa\xfc/\x0f<\xb4|\xe8\x18\x16\xaa(16\xd0\
\xaf\xe2\x0a\x8c\xc5.\xdf%b\xe7\xed\xc8\xf6X^\xcb\
A3\xf2\x05\xb5\xe6&\xee\xdbpL\xc0\xdf\x87\xa7\x1e\
O\xe3\xdb\x96s\xdc\x80i\xc2#V<\xe7\x8f\xc3\x8b\
\xfb\x00LC,\xf6\x12}g\xf8\xa84\xbcI\xe1\x97\
H\x0af1u\x05\x86\xd3>\xf5\xce\x0b\x00\xe3\x8c)\
6R;q\xe4[\x94)\xbe\xa7O\x99\x94\xb3\x09\xca\
\xb0>ImB\xfb\x10\xc7\xc4\x95\x1a\x98\xc8m\x92C\
M\x1f\xa7t\xc6\xc0\x22\x16\xdd\xd1\x86#xNx\x1d\
\x7f\x13\x0e\x93\x9fW\x01\xef\xc4\xf7\x04\xd6\xc2\xc3\xb9\xf5\
\xc6\x1b\x96\x9fz\xcf\xbbt\xa2P\xd7\x09\xe3'NN\
\xfa\xd4\xcd.\xdc\xb9&\xef7\xb19.\xc1\xd9C^\
\xe5y\x13m\x7f\x11\xaf\x08\xfc\xd8{\xdf\xcb\xc4\xe3\xc6\
\xd1\x06\x9e\x93\xb3rt&\xf0\x88\xd4P\xe7Q\x0e]\
\x06\x8fYd\x8fIDq\xa5S\xf3\xb2\xca\xf1\xb6\x9b\
oZ~\x1do\xbc\xa9E\x0b\xb0\x8fE\x0cM\xda\xbd\
I\x9d\x0e\xac-\x10>\xf9\xfd\xb8\xa2\x0d\xfd\xc4o\x0b\
\x81\xae&\xc0\xe5\xe7\xff\xaf\xc7x\x9f\xc6\xe7\xff\x99\x22\
&\xb8\x1d\xae\xf5\xfdza\x90\xcd\x1bB\xd9:\xc7\x01\
\xaf\x0c\x1f\x95\x867)<\x13I\xc1,\xa6\xae\xc0p\
\xda\xa3\xde}\x01\xf0\xd8c\x8a\x8d\xd4\x9b|\xb6\x86\xa7\
\xec\xa4L|\xf2\x11\xbaN|\xcaQV\x13\x93p\xf3\
\x81\x12v\xb9\x14\xbf\x8c7\xc3\x8a_\xf2\x1a\xc6\xf8G\
\xf0=t1\xf9Y\xdf\x89{\x00\xeb\x83\xe2\xe1\xbc\x1f\
\xaf\x08\xdc\x7f\xd7]\xed\x91\x83\xc7\x8e\x93j\xaf\x89\x1e\
'S\xd4\xc6G\xf8\xf0C\xe0\x90{N\x89\x9d\xdc\xc8\
Ulh\x03\xfd^\xc3\xf7\x04\xfc\xc2\x8f\xff8\x83\xa1\
\xa5\x0a\x8a\x89ib\xd4:&\xc7`\x91\xb1[\x14\x0c\
\x14\xae8\xe0\x9a}\xc5\x85j\x13\x8eT\x06d\xed;\
\xe8v\xb5 T;\xea\xff\xee\x81\x87\x97\x07o\xc57\
\xfet\x85W\x5cu\xcc`dN\xecr\xa23\xee\x80\
y\x0e\xe5\x8218\xacY\xc8\xe7\x06\xd1\xda\x09\x85\xed\
\xc4\xff\x07\xdeq\xff\xf2T\xb9\xfb\x1fc\xb7\xf5\xc8\x0f\
\x17\xb8\xe2[\x81\x15\x8d\xc1\x15&\xf7\x02|Gn\x96\
\xa24\xb1I\xc1K$\x05\xb3\x98\xba\x02\xc3i\xa3\xde\
}\x01`\x00\x8f=\xa6\xd8H\xbd\xc9\xb7`c\x9cY\
\x0e\x0ck\x8e7g\x1e}QbbW9l\xc0\xf2\
R\x9d\xf6p\x92\xbd\xc4H\xd3V\x0e97\x7f\xf1-\
\xc9\xf5\xbc\xfb\xaf\xe7\xff\xb8\x02\xc0;\xd4\xb6\xbe\x02\x9a\
\xf8O\xf3^\x00N\x08\xdb\xd0\xb6\x94\x03\xb3Z\x93\x19\
9\xd2\xde\xc9\x85\x8b\x81\xc8X{\xc8\xb68 \xde\x84\
\x03\x08\xbfi\xff\xc6r'>\xc5x\x17\xee\x05\xb4\x09\
\xcfQ\xc1\xa6\x93\xdfk\xea\xd8rbK5\x9ba\x94\
Aq\x1e%\xf3\x97\xe0\xb0\x08\x86\x87\x9d|\x87%D\
N\x80o\xc7\xa3\xee\xbf\xe1\xcb~\xa2$\xc9\x86\x12\xfd\
\x9d\x85>,^\xc5B\xd0/\x06\x5c\x1c\xc8i\xc7\xd0\
\xdamX\xd5\x19K\x8b\x01\xf9P\xde\xf7\xf0C\xcb\xd3\
x\xf7_7\xe1a\xe3\x18\xcc\x16\xe0\xe0\xdd\x8c\xb1\x8f\
v\xb5&\x96c!\x88\xd2!Eib\x93\xcc\xa3\xf8\
\xacL\xa6\xae\xc0p\x9a\xd4\xa5''\xd6\x19\xe4\xb1\xc7\
\x14\x1b\xa97\xf9\x0c\xceSsR\x06\x9f\xd5\x04\x0d\x97\
n\x11p\xb0`\xb9\x08\xc4\xc4'%\xe4\xa8\x0b\xd6-\
4\x0a\x07\x92x\xf4\x0b\x01\x22\xbe\x10\x94\xb8\x9e\xff\x03\
\xe7B0=\x0e\xc5X\x96w\xe1\x13d\xef\xf2\xef\x0f\
l\x93;&1_;nr\xda\xfd\x04\x1bu\xe4\x9d\
\x9dx5\xc6T6?\x8b\xd7\xeeA\xbc\xf0\xcaK\xcb\
\xcf\xfe\xd8\xbf\xa0q\xd84)\x10\xab\x9f\x1c\xc6\xeb\x16\
\x0c\xf75\xcc\xe3\xf0\xd8\x85K\x80\xecz\xe0\xa8\xc5\xa7\
!y4\xa2\x00\xfa\xf7\xefz\xd7r\x9cWU\xae\xe7\
\x99\xe2\xfdm\x06\x0d\x03D\x06\xf7Jy\x5c\x06\xce\xb6\
k\xe4X{\x9e8\x1e\xd9\x84\x99S\xe8aWX\xd8\
\xf9\xf9\xff\xa7\xf1\xca\x89\xfa\x1d\xa1c\x82G*\xea\x1d\
\x06\x1f.\x0cY\x06\xb1\x00N\xea\x90\xa24\xb1I\x11\
7\x91\x14\xcc\xb2R\x83>\xad\x0f\xbe\x000\x8cg\x18\
\x13\x192\xe0\x9b|\x0b6\xf0K\x8e\x9c\x80\x10r\x82\
\xb6\xb9\x18g\x00<\x0aX&\xebt\x11`|\x16\xb9\
\x14\xbfi\x0e\xd8\x83\x82\xb8|D?\xc6\xcb\x7f\xe6\x80\
\xcc\xcb\x7f\xd6\xec\x94<\x8e\x14\x94E\xee?\x87W\x09\
b\xa2\xc7\xa3F\xd4v\x0e\xd2\x1f\x7fP\xb41\xe2D\
\x8e\x18\xc6)\xfc\xe0\x22w\xfau\xb2\xa27\x9b\xe7\xba\
\x80\xdf\xd0\xfb\xa9\x0f\x7fHm\xd4\x89\x0f\xbcM\x00\x05\
`\xc0\xdc\xd2\x06\x1e@\x1d`b\xe2\xa9\xe1\x16\x83V\
`m\xa2\xa3+\xc9q\x5c\xfe\x19&\xf2.\xcb=x\
\xf4\xff\xb7\x0f?l\xbc\xd8\x83\xa7#`\xbf\xe7\xf8F\
~\x05\xc4.\x82\x91\xecy\xd5\xa6\x909\x94\xc6\xd1\x90\
:\x9d\xed\xb3\xc5\x8b!\xc2\xd7\xdas\xffq\xfe\xfa\xef\
\xe5\xe5\x12p\xd1Yckcg:m\xdd\x22\xe0\xad\
Ae\x85\x04/&\x16\xa0\xc3G\xa51\x9b\xd4\xc7\x82\
6\x9a\x82\xb2g}m\x0b\x00Cz\xc21\xaf!\x03\
\xbe\xc9\xb7`\x03\xbf6;&`b<\x09B)r\
\x9e\x18\xb0U9\xc8\xe1\xa3\xda\x95\x90\xc3\xc6Sd\x82\
E\xb6\xfbp\xc9\xccI\xa3\xc9\x8f\x1cz\xf4\xcf\xe7\xa4\
v\x92\x88\xbb:\xa0\xfb\xf0\x0e\xc1\x0f\xe1\x86\xd609\
\xd1\x91\x0d\xdb\x96g'\x5c\xfa!a\x93\xcb\xc9\x99\xb1\
9\x5c\x11\xbb\x97\xaf\xe0f\xe0+\xf8\xae\x80\x8f\xe0\x11\
\x17A\xca\xe6G\xcc\xe3\xc0\x96\x13\xc4\xe1\x8e\x1b\x18\x89\
\xdcT\xb1\xa6@\xc8\xb1j\x0bYdr\xc4\x94\xf0\x7f\
\xbe\xff\xfd\xcbMZT\x03\xf3:\xc2U\x9b\xe7\x88I\
\x9c5]\xd2FGLh\xcfi\xc7bz]\xbc(\
\xcb?}\xaf.\xef\x7f\xe0\xfe\xe5I<\xff\x9fM\xee\
\x0e\x83/\xc7\xa0\x8e\x93\xc2p\x17%\x8f1\x0e\xb7\x00\
\xce\xe9\x90\xa24\xb1IC\xd8\xd1\x14\x94\xcdz\xe7\x05\
`\x1a\xdb\xc1\xd1f\xc8\x80o\xf2\xd9>\x9e\xa2\xab\x22\
\xa0\x9f\xa8y\x15\xc0I]&mz\xd6\x89\xefr\xf3\
\x01+\xec1\xc9\xe9\x18r\xc6\x8bh\x00\x02s\xbf[\
\xf9\xfd\x7f\x90\xb5\xf1\xd2\x1f'\xa3\xae\x02\xc2\xa5\x1e\xc7\
\xea\x80~\xf1\x83\x1fDz\x9e\x861\x19\xd75\xcfY\
Y\xf3D\xea\x1f\xf1\xdd\xee'[N\xfa<\xf9\xaa\xbd\
\xca\xeb<\xae{;\xce\xbe\xfe\xda\xf2\xf3?\xf1\x13t\
\xc0\x86\x03Q\xbb)\xdb\xa3\xa0\xe1n\x10\x876t\x8d\
 \xca\xb1\x11\x13\xa8\xde\xc8\xc9%\x8d\x1c\x0a6\xc9z\
\xd9}P=|\xdbm\xcb\xaf?\xf8`x\xa8\xae;\
\x8d%\xc7\xc2\xc7\xc3\x88\x0a\xdch\xd1\x1e \xd6\x1e\xaf\
A\x8b6E\x1d\xc7h<\x10\xdc\xd7\x16\x92\xab\xcb\x07\
\xdf\xfd\xae\xe5\x07\x17\xfd\xf2\x1f\xb6:\xc15\xe1\x91\xa3\
[\x08\x8a\x1e\x0d\xeaZW\x14\x13\x0b\xe0\x0e\x1dR\x94\
&6i\xc81\x9a\x822\xadw^\x00\xe8=\x8d=\
\x05\x1b{0;0\xe0j\x1eO\xfeU\xd1\x04\x8cY\
H\x1b'_px\x22\xb8\x5cO\x88*\xbb9\x9f\x0a\
Hw'U\x11\x80\x06\xc8\x8e\xcdr<\x84\x97\xfaN\
\x9e\xc3\xc9\x80\xf8\xb6\xa1\xfb(\xe7\x15\x80'\xc3Q\xe4\
q\xa4\x807\xb1\xdcrt\xf98N\xa8\xfaH\x11'\
TL\xf4\xd0\xdb\xe4\xe69\xe9\x136j\xc6O\x19'\
`\xca\x15\x9f\xc9<Y\x03oq/\xe1]\x81\xbc\x19\
x\xec\xd6[\xa7\x13D\x93\x82G\x84<\xdc\xea\xe4\xd1\
\x81\x02n\x18\xfa\xc0y\xd6\x1b\xe1C\x8dr\xa9)\x93\
\xeb\x10\x8d\xbf\x81ER?\xaai\xa8\xd1]\xb6\xca\xfa\
{\xe8\xf3\xc8\xe9\xf1b\x023\x80\xb5\x0d\xde\xce\x09\xbd\
=\xda\xd3F\x9eq\xe3Xn\xc2\xfb\x0c\x8e\xe3\x06)\
\xbf\x01\x88\xad\x8c\xad\x9b\xf0\x88Y\xc73\xc6\x85cR\
K\xa7\x15\xc5\xc4\x02\xb8S\x87\x14\xa5\x89M\x8a<\x89\
\xa4\x10\x96\xed\xfa@\x0b\x00\xc3Lc\x03\x9c\xe2\x8e\x0e\
6\x07\x06\x5c\xedD\x87N\xdb\x1b\x93\x93\xc6\xd5\x22\x10\
\xfc:\xf1c^\x17,\x17\x01\x9f\xe4r\x0b9\xf8\x16\
~\x9a\xe3~|\xed\xd7\x19^\xfe3&'\xbd\xae\x00\
xB^\xb7\x5c\x1a\xbe\x9e\xaa\x1cG9\xa0\x9fy\xff\
\xfb\x96\x9b\xf0\x9a\xb2N\x14\x1c\xa9\x9d\x93v\x12\xc5\xc9\
\x93\x98\xecn\xab2\xe2\xcdN\xba\xc1\x9f''\x8e$\
\xf1\x1ac%\x9f\xc0\xc7\x84?\xf1\xb1\x8f\x91<n\x8c\
\x02<&F\xc7\xb1\x0c\xb0+\x91\xf3(\x87\x8e\xda\xfd\
\x85\x85\x9c\xb5M:r>\x82\xfe\xfd\xd7\xf7\xdfO\x87\
\xae0T\x16\xf6\xbd6;u9ik\x89Il9\
u\xa6d[b\xe23u=\x16\xcaMG4\xd7\xf9\
\xe9\xbf'.\x8do\xfeQ\xdf\x93\xb6\xda\xba\x85\xa16\
\xca\xe5\xae\xa9E1\xb1\x00;\xf1I\xda\xc7\xc7\xe3\xec\
U\x1dp\x01\xd8j\xaa\xb5el\x0eSo\xf88y\
\xcb\xa7\xe1\x1c\xf08\x84^\xceG\xe92\xc9\xa7\xdcb\
\xdf^\x04\x90Cy2\x99\x80\xc8q\x1cw\xfe\xdf\xc0\
$\xd7#?'>b\xda\xc6\x97\x01\x8f,\x17\x87\x05\
\x80m\xb6\x09H)\xc6\xeaf\xbc9\xe8\xe7?\xf8\x01\
\x9cc\xebI?\x9b\xe8\x95\xd3\x1e\xe9\xe7\x8f\xf8H\x11\
1\x997d\xaf\xf7{\xcb\xf1y\xbc\xcc\xf5\x93\x1f\xc2\
\xcd@\xf0c2hra \xa2\xd61p`rp\
\x1a\xb7\x80F@\x1c\xf2,\x96u@\xc4\xa5&Y\xb0\
\x07C\xf5\x1b\x1f\xf90\x97v\xa2\xdb\x05\xc3cO\xbb\
b\x9c\xac\x0d\x8cg1[<\xc5\xa2\x9a6\x0e1x\
\xcc\xe1X\xfa\x14\xdd\x16\x11\xbc\xfe\xff\xeew.\xdf\xc7\
\xbb\xff\x18b=\xb9\xb5\x08\xc0'\xc7\x02\xb20\xa6\xf3\
\x0d\xd5\xde\x85D/&\x16\xa0\xc3G\xa51\x9b\xd4\xc7\
\x0am\xef\xfa\x80\x0b\x00\x83m5\xd5Lcs\xf6\xf0\
q\xf2\x96O\x87\xc7x3\x5c\x95\xa9\xb3$\x06\xa1\xca\
f\x05\x96`#W(\x9c\x84a\x976\x9c.\x90\x7f\
\xea\xfew,\x8f\xbc\xfc\x8a\xc7\xa1\xdd7]\x09X7\
v\xed\x8d\xbc\xe8\xaf\xc4]\xf8I\xdcp\xbb\xe3\xd6[\
\xf2\xe4\xb1\xcb\xf2q\x82\xc7\xc9\xd5.\xdb\x19\xcbN4\
\x9b\xe0<\x8f\xab\xbe\x92\xd1\x86\x88\xd1\xf9\xd5\x18._\
\xc1\xfb\x1a\xf8\x9d\x81\xef\x7f\xe8!k9\xdb\x8a\xd8\x1a\
o\xd6\xb1\x81OL\x13\xc7\xcda3\x8c\x5c\x86p\xa3\
\xaa\x82\x85.\x0a\x15\x14\xc4\xfe\x19|\xd8\xe6\xbf\xc5\x0f\
n(\xa5\x050\x9b\xef\x9d\xa9\xc56\xfb>\xc0\xca\xf4\
\xf8\xad}\x9c\xf0VZ\xfb\x1c\x13\x17C\x89:m\xcc\
\xadF\xe0\x03@\xb8i\xfb\xc4y{\xfe\xbf\x9e\xdc\xee\
\x1aG\xd9j\xf8\xb2\xcf\xb9yG\xd4\xd6\x8dGF\x9a\
\x17\x13\x0b\xd0\xe1\xa3\xd2\x98M\x8aX\xbb\xd6\xd7\xb0\x00\
0\xf4VS\xcd4o\xce\x86\x8f\x937}4z>\
\x84\x139\x1e\xa11\x84\xfa\xb7\x03/r\x9d\xf8.7\
\x1f\xb0\xc3>\x89\x1dg\xceQ~\xea\x8f7\xfbx\xdc\
\xe4akW\x00\x5c \x8e\xe0\xea`\xe3\xf8\xd4 y\
Z\xd3@\xe3O\x8b\xff\xf2G?\x82\xf3l5a\xab\
\xcel\xe0nrdw\xffN6\x9f\x9c\xf85\xa6\xe4\
\x12\x13-\xd2\x89M\x1c\x7fg\xce\x9d]~.\xde\x19\
h\xc9I\xd0\x16\x13$\xea\xc0Y\xb7+\x04\xe36\x0c\
:\xe2\xaa(\x0e%rX\x15\x1c\xeao|\xe4#4\
\xaa\x98\xc9\xed\x01\xa26\xc4\xfa\x9b}nd7xL\
>\xba\xab=4\xb2mQ+\x7f\xdfV\x1eK\x1e\x0f\
x\xb1\x10\x10\xe3\xab6\xaf\xe2\xbb\x13.\xf2\xed\xde\x0c\
\xa5p\xe3#~,\x0c\xc3\x15\x82\xfbD\xab\xa1f\xb1\
\xe3H\xb5\xa3\x98m`\xf8\xb1\xbbO17\xb1I%\
\xf2\xbe\xe2\xce\x0b\xc0\x18\xde\x90\x11GN\x80S\xdc\xd1\
\xc1\xe6\xc0\x80G\xf35\x8a>\xe0U\x96\xdd\x1e\xa1\x8d\
\x0a\xa3\xd3\x8a\x001A\xd0L\xce\x13\xc8c\xb4j\xc5\
\x85\xfaK\x0f>\xbc|\x9d_\x9a\x898<\xa5\xe4K\
\x9a6\xe8\x98\xd0<Q\xa2\xcc\x8f\x83S\xcc\x0b\x84\x0f\
\xe2\xed\xa5\xef\xb8\xeb8\xceQ\x9f\xc4\xac\xf9W\xf5\xb5\
,;\xfa\x16xL\xf0\xad\xba\x8b\x85\xb4\x19\xb7\xe4\x08\
\xdf\xb0]\xc4\xcd\xae\xbb\xee\xbcS\x1fm\xd6\xc4\x007\
'\x08r\xda\xc0\xa2\xa6\x8c-m\xe0\x99\x0d]\xe26\
\xe3(\xb1a\x10\xcdG\x82\xe8\x96cY~\xf5\x81\x07\
\x96\x0f#o-J\xa7\xb8\x15\x85\x1b\xfb\xbc\x5cu\xf9\
\x88pT\x90\x076n\xdc\xb1}\x12\xa3\x9dl\x1bM\
\xa6[n\xe79\xd6\xda\x8c\xf1y\xe8\xc1\xe51\xdc\xfd\
\x9fMlb\x1d\x0e\xff:&\xd1\x9fJ\xcf\xdd\xec8\
\x84\x97\x9d\xdam\xba\x89\x05pZ\x87\x14\xa5\x89M*\
\x91\xf7\x14w^\x00\xd4\xa7C(K8M\x0bp\x8a\
;:\xd8\x1c\x18p\x1bF\x9blkY#\xccFq\
RF\xe3 \x84\x5c'~\xc8a\x03=\x17\x01an\
\x08\xd9U\xbe\xf1\xe7.<\xff?\xebw\x82\x15;9\
\x91\xf7\x08\xbei\xa7oy\xafE\xdb8-\xbd@\xf8\
\x95\x1f\xfb\xd8\xbe\x139.\xffc\xb2F\x1d'\x99M\
t\x9e\xd7\x92\xac\xd6\x09\xe9\x98\x9f\x9c\xc9\x87>\xc6h\
\xdc\x97O\xbe\xb2\xfc\xccG?J\xa0l\xad\xcd<\x80\
6\xd1\x88\x17^;:\xc3e\xa3\xe8\x1c\xd1)KP\
\xcd\x13\xf0\xff\xc0\xd5\xd0\xac\xd0\xcd\xc9\xcd\xccE\x18o\
\x05\xb6E\x18\x03ANl\xa2\xdbB\x10\x0b\x91\xd5l\
3H\xd8\xa2\xa6\x8f\x1e\xf1\xdd'l\xb4s\xfb\xc0\xfb\
\xde\xb3<r\xfe\x1c`\xeb\xafY\x9fu\x8b\x807#\
\xb0\xfa>\x066o8\x8e\x19b\xc4\xc2.\x80\xd0U\
\x94bnb\x93\xdce\xcfj\xf7\x05\x80a\x10{\x0c\
o\xc8\x88o\xf1=\x90\x99\xa9\xb4\xe2A\xbaX1\xd9\
\xc8\xaa\xb2\xbc\x00\x083c\xb7\x08\xc8\x1e>\xae\x047\
\x16\x03\xc0\xdb\x8b\x80\xf9\xfe\xc2;\x1e\x5c\xfe\xe1\x85\x17\
\xec\xb83\xbf\xe5\xb5v\x9a|\x1e\xdf\x0b\xb8\xee\x9c\xee\
8\xbc\x09$\x05\xfe\x00~G\xe0C\xf8\x98i\x9d\x9c\
8\xdfV:\xf8k\x8c1\x00\xee\xb4\x81\x1b'o,\
&\xf2\xe3\xb1Ob\x9c\xbbp~\xf9\x17\xb8IiI\
I\x9aM\x1e\x1e\x81\x1a\xa5\xca8\x0a\xe8~\xb4\xb9\x1f\
\x05\x94\x9cx\xd2\xccN\xd2\xff\xfc\xeew\xeb\xb5\x7fc\
\xc9\xd8\xedx\xec\x96\xc4a\x8e\x9d\xae\x00\xac\xdf\xcd\xc6\
x\xb6\x015\x19\x95\xe5l\xed\x90Mx\xd8\xdc\x07\x95\
\x16\x03\xd4\x8cs\x14\xdf\xebp\x13^\xb2=Y~\x00\
\x94\xa6\x98\xdcF\xb3\xfe\x8f\xbe\xad}I\x1e\xdf\xef\xe1\
\x87\x0e-Dz\xf6e@\x0a`b\x01\xdc\xb5C\x8a\
\xd2\xc4&\xf5\xd9F\xed`\x0b\x00\xfd\x11{\x0co\xc8\
\x88o\xf1=\x90\x99\xa9\xb4\xe2A\xbaX1r\xc9\x02\
\x90X/\xe7\x22\xb0ao!\x92\x00\xc8eU\x81\xe3\
#\xbf\x18\xc4\x0f\xe2k\xbe\x9f\xe1o\xcfk\xd1\x80\xcd\
\xcdj\x9f0\x8b\xc8AW\xe9\x1a>\xeb+\xb2p\xf2\
\x18{\xf9W\xfe\xdc\x97'P\x9eL\xb4C\xef\xb6\x01\
k7\xf8\xc2/\xee\xf4\xc7D\x0f\xbc\xc5A\xe6\xbd\xe2\
\xa2MW\xf0j\xc6\xb9\x0b\x17\x96w\xbe\xfd\xfe2i\
\xd1Z\xf8\xe5\xc6\xd6\xbb\x9e\x13[\xba\x0e\xad\xf9\xf1 \
\xc3O\xc7k~\xba\x82@\x0c>J\xfeo\xb8\xf3\x1f\
\x85\xf4Y1\xbcX\xd9\xef\xd1\xf7\x80\xe3\x91\x5cC\xc3\
|(9\xf9\xd9Vl\xca\x09\x9bpo?\xe5\xae\xfd\
\xce\xfb\x00n\xfe=\xea\xef\xfd\xef\xfaK\x91\x18\xad\xdf\
\xba\x85\x816\xc4e\xdf\xabxE\xd9\xc4\x02\x18\xc3q\
W\x1aQ\xc0N>%d\x11K\xc0m\xf1\xe0\x0b\x80\
7pL\xb4\xd5T8\xc04\xf2=\x90\x99\xa9\xb4\xe2\
\xe4\xde\xc7g\x9eW\x22o\xc9aL;\x84\x90\xe3\xc4\
!\xc7e[4\x9c\x90\xbce\xf9\x99\xfb\xee_\xbe}\
\xe2\x84\xa2\xed\xb7;\xe7\x9f\x15\x17\xafo\xf8\xe6\xb1\x93\
v\x1c\xef|\xfbi|&\x9fKB\x9cl1q\xf7\
\xab\x83\xaf\xba\xf8w8\x92\x0c\xf6\x8e\xebv\x9c\xb0\xe4\
1\xe7\xa93\xa7\xf0\xce@\xff\x980O\xe4\xba\xc1\x97\
z7q\xc2\xee6V\xe1c\x13/t\xf6N\x8b\xf7\
\xbf~\xe0\x03\xcb\xbdxzU\x0b]\x87B\x17\x07y\
\xc5\xa6\xb7_s\xec\xf0T \x86+\xf2\x91hm\xe3\
\x90\xbb#\x9dK\x9bc\xc1PP\xe2\x10\xeab\xf0\xfe\
\x0f\xbcw\xf9\xee\x85s\xfd#\xbeB\x94E\x1a~\xd9\
\xcf\xb0\x0d\x8b\x80\xb7WU4\x9e1\xd6\x80\xf3\x0a\xc5\
\x90\x02\xec\xe43\xf0=\xf0>\xd5\xb5-\x00\x0c\x8a\x84\
%\xa7\xa7\xd9j\xea\x16\xdf\x03\x99\xd9cx\x95\xc1\xeb\
\xc4\xdcM\xce\xab\x00\x9e\x1ey\x86\xa4\x00l\x94\x9b\x0f\
\xf2\xc3N\xc6\xcf\xdd\xff\xc0\xf2\x0d\x5c\xfeg\x8cp\x8b\
:Z\xcc\xb6r\x12\xa0G\xb2\xd9)\x18i\xa5\xba\xa7\
\xf1\x7f\xe1C\x1f\x5cn\xbc\xa1~\x8b\xb0\x9f\x5c\x8cW\
O\xb4\xb5|\xcdv6\xd7b\xe7\x22Sb]\xba|\
y9\x8e\x9br|\xc3RL\xf4\x98\xc8Q\xeb@\xed\
\x90u\xdc<vq\xd3\xc0Ct\x02\xfb\x06\xff11\
\xa9\xdc\x8e\xaf\xfa\xfa\xf7\x1f\xfe\xa0\xf7C_\xd1k(\
\x0a\xc1 \xe8|~\x1c\x98O\x038\x0e\x8am\x1e6\
\xb1E\x84\xc9j\xda\xdb\xe4f\x1b\x9a\x8f\xe1\xd4c\xbb\
\xba\xe0\xc7\xbc\x96\xfb\xf1\xe9\xcd\x1f\xe1\xa9\x90\x16\xc40\
\x95z\x98\xec\xab\xbe\x8c\xbee\xd8,E1\xb1\x00N\
\x1a\x90\x02\xec\xe4S\xf8\x99w\x1fa\xe7\x05`\x1a\x1b\
\xe0\x88\x1b2\xe2h\xc9\x94\xcf\x16n\xf8\x90\xaf\xc9\xa6\
\x9d\x0dx\xcc\xc6-\x5c\x07\x8c\xe1w\x179\x85<\x99\
\xf8\xa2\xfb.\xef\x07@\xff\xa9{\xdf\xbe|\xef\xa5\x97\
\xda\xa5\x5c%\x86\xcc\x93\xcf\xcf\x9es\xbc\x07\xa0b\x93\
\xdaE\xc7\xc2\xd2\xa9\xae\xf09\xe7M\xcb/\xe1M8\
:\xe1V'SNP\xe1|\xa4\xe9'.\x9b\xd0\xf9\
\xc9>{z\xe0~\xd5\xdfe;a-N\x9c\xbc\xaf\
\x9ezu\xf98\xde\x96\xab\xa2\xc3\xf4c\xb5\x84$\xe7\
\x84\xef\x17\x055\xa8Mv\xba!\x8f6U\xb4/\xcb\
\x7f\xc0\x8d\xbfcX\x04Jo)U\xecH\x1d\x0a]\
1\x96v\x05\xc0\x97e\xa9\xd8\xa4\xce\xc5\x87:A\xfc\
g\x1b%\x93G\xbc,\x08\xe25\x9d\xc7\xf1N|\xf4\
\xf7\xa9\xd5O\x7f\xc5\x18D\xdf\xa8\xbf\x19~\xb2\xd5\xc5\
\x81\xed''KQL,\x80\x93\x06\xa4\x00;\xf9\x14\
~\xe6\xddC\xd8y\x01`\x8cil\x80#n\xc8\x88\
[\x90)\xeeQf\xb6\x9d\x16\x01\x1d$N\x88\x98\xec\
<\x0d\x8a,3w\xdd\x22\xe0h\xc1\xb8\x08\xd0\xedW\
\x1ezx\xf9\xf2\x0f\x9fq\xc2\xaa\xaa\x8d\x84\xcc\x13\x87\
'E+\xe5\xb4\xae0\x08+\xd5]\xae.?\xfd\xbe\
\xf7-\xb7\xf3\x83F\xfcC\xac]7\x9d\x9c\xfb\xf9\xc8\
nm\x9c\xc6\xad\xfe.\xbf\x867\xc0|\x0c\x97\xe8\x9c\
0\xeb-&\x92\x8efeo\x8bA\xf33\x8cGn\
G\x7f\x0f.\xfb\xff\xcd\x07\xdeo\xc7N\x9a\xe3\xde\x19\
Y\x19;\xd5&p\xbc\xb4q\xb8=\xae*_\x94V\
r[\x1c\xc2\x0e\x02\xfe\x89\xe7\xb1\xf8q|\x10\x97\xff\
\xdf:\xffZD\xcd\xbaNl\x0b\xbf\xfdt@\xf6\xd6\
Z\xc5H\x95F/&\x16\xa0\xc3\x83\x85\xbaPv\xf2\
)\xfc\x12e*\x1e`\x01\xd8Jm\x0d\x1cs\x1e\x94\
\xcf\xf6m\xfb\xb4\xc9\x0c\x9a&v\xcen\x03R\xe5\xc9\
\xc1X,e\x11(\x93\xbc\xda\x8dGj:-?\xf9\
\xb6\xfb\x96'\xf1C\x9a\x97\xf2Q=Y)\x90m\x1b\
\xdb|u\xd1\xab\x00i\xa5PN\xebU\xe7\xacTy\
]\x8fK\xda_\xc5\xcb\x82\x9c\xa0\xf1\x88\x935c\x01\
?\xd0\xb6\x9f\x8f\xeche\x89k\xf9\xec\xea\x81?\xbd\
}\x11w\xc1\xef\xbf\xfb\xee\x9c$\xddd\x81?\x9cs\
K[\xe2\xe8\x9fb'L>\xb1\xff\xfd\xc7\x7fl\xb9\
\x99\xbf\x9c\x1b\x85aD\x08\xa0\xd5t\xeb\x0a\xc6)\xee\
\x03\x08W\x5cJ\x8c\xedL\xcfC-\x16\x08\xda4\xc2\
\xac\xb5a\x87\x7fnf\xb3\xb6=\x8cWe\x1e\xf7\x97\
\xffj\xdf85\x5c\xb2\xdeZ\x18\xd47\xde\x1cV\xf4\
\xcfR\x14\x13\x0b\xe0\xa4\xff\xb7\xbdo\x0d\xb6\xec\xa8\xce\
\xeb\x91\xe6}\xe7=#\xcd\x8c43\xd2H\xe8\x81\x10\
\x12BRx\x14ca\x89\x80\x0b\x19\xfc\xa8\xd8)\xb0\
\x13'\xa9\x8a\x1d\xcc\xcf\xfcI\x5c\xf9\x97\xca\xe3g*\
U&\x7f\x92\xfcIA*\x89+T\x82q0`\xa0\
\x8c\xc0\x0eX\x04\xd0\x03$@0B\x16\x02$\xa1\x99\
;O\xcd \xe5\xfb\xd6\xa3\xf7\xda\xbd{\x9f\xb3\xcf\xbd\
wF\xe7^\xef\xbew\x9f\xee^\xaf^\xbdV\xf7\xea\
\xde\x8f\xb3O\x07\x12\x00\x83yr\x83\xfd\x85\x19\x02\x00\
\x85\xf45\xad\xa8\xa0\xa3\xb58+}\xa5\x8d01\xe3\
\x16=O\xe2f\xde\x9a\x87\xad\xe9\x087P\xe6a\xc1\
\xf1A>\x83\x00\xc1\xbft\xe8\xba\xf4\xe7\xdf\x7f\xca\xb9\
\x9a<v\x90e\x19\xe0\x9as\xf2tS\x18\xd6\x05\xba\
\xa8\x0a\xeb\x1b\xf0\xea\xa9\xfdx\x01Ek\xe0A\xae\xd7\
s@ \x0c\x7f\xad:`S\xeb\xe4B\xc3}t\x22\
\xd5\xdb\x03\xed\x09\x5c\x0c|\xeb\x1b\xedmA\xa8\xe7\xfe\
R[v\x00\x87L:+\x0b\x80\x0d8\x92t\x92\x0c\
\x86\xec\x10\xde\xf0\xfb _DZ&\xe0\xd8~-\xb5\
\xa0\xf4\x97\x9c\xff[\x0e\x1eNr\xd1\x83\xfch_\x02\
\x0f\x04y\x00R\x1d\x0dg4N\xe74\x04_\x05\xdb\
\xff\x18\x17s/\xd2\x06\xe0o\x1d\x80\xb9\xdd\xdc\x1f9\
/iQg`(\x13\xe5\xe5\x14*Z\x0c\x00#\xea\
@\x02`0On\xb0^\x981\x00PH_\xd3\x8a\
\x0a:Z\x8b\xb3\xd2W\xda\x08\x93\xb4\x15\x04|\x16\xcb\
d\x96\x0f\x9b\xd8\xedr\xb3{\x00\xdcPR\xf0r\x90\
\x7f\xd7\xbe\xab\xd3\x0f\xf1\xb6\xdcS\xfc\xd6_-\xe5\x0e\
zA\x07\xdf\xb9\xf0\x8b\xbbm\xb60\xac\x9d\xc5\x08\x8a\
\xaa@\xdfs\xe7\x1b169\xd88\x96'\x0c:\x0e\
\xd2\xd6A\xcf\x0c\x81\x154\xc2\xa3m\xb5\xe5\xbd\x9a\xce\
_\xb8\x90v\xed\xda)\xbft$n\x87N>a<\
\xe7D\xd21A\x85\xb5\xd8\xc2\x11\x8f\x7f\x81\xa1\xf0\xa1\
\xbb\xde\x84\xf9\xeb\x867Cx&\xa4\x14\xd2M\x11\xca\
\x07\x81t\xc7\x86\x80M\x84\x1c\xf8\xc0\xbf\xb6\xe3z2\
'^\x83\x82\xeb\xa5\x01\x83\xf4\x82\x14\x1e\xe2n\xb9\xf1\
h\xfa:\xb7\xff(wVvk\xa6\x06\xef\x0b\x0c\xdd\
^\xa8\xaa\x19\xce\xe6-i1\x00Zp\xa7B\x1eH\
\x06\xf3\x04\xf6\xb2\xb8\x84\x00@\x11}M+*\xe8h\
\xed\xcdJ\xdf\xb4a\x02\x90\xc5Ace\xc9\xa6\x94E\
\x00\xb7\x8d.\x09\x85X\xce`]\xfd\xdf{\xf8\xba\xf4\
gO~\xc7\xa1\x95\x1c}\xe1\xc0a\x97\x90\xfb\x00\x93\
o\x0aV\xa8\x15\xc4\xa9i)\x17\x1c\xe3\x08\xcd\xaf\xc3\
/\xd0\xea\x9b\x83p\xb9\x0f\xf2\xfd\x90A\x06)>\xd8\
r\x0e\x98\x0c\xd8@\xeb<\xbd\xb9\xf1L\xc2{\x00\xe2\
.\xe0\x0e\x5c\x9f\xf0\xc9#\x1d\x97\xfe\xd3\x06b\x04\xcd\
Q\xce4\x06f\xa7#\xec\x96\xbd{\xd2}G\x8eH\
GIRM@\x04k\xb5HD\xac\xed\x00\xe4B\xa0\
`\xc9\x80\xb6Q\x96\xb6<\x07\xd8\xdb\xd6\x1c\x08\x81i\
\xee\xe5\x18@\x8e\x1c=\x9c\x9e\xc0\xcbQ\xa4\x1d\xc8t\
\x1bw\xec\xd4\x88PZ\xd4k\x81aR?\xc0\xa2\x89\
\x8dY\xd2b\x00\xb4\xe0N\x85<\x90\xf4\xf1\x04\xea\x89\
\xc5%\x06\x00\xca\x9c\xd04PAGS`V\xfa\xa6\
\x0d\x11 \x93Vg\xaeNf\x9b\xc5\x01\xae\x13\xbb\x80\
[\x95\xb3\xbe\x1a\x04\xc2j\xc4\xfb\xfe\xcfb\xf5?y\
\xfe\x9c\xe9\xdcR\x1d\x95\xd8+\x1dt2\x090X.\
\xe0\x8b#L\x91B\x00\xf9#\x0c\x87\x82\xa8\xa8\xa6w\
\xdd\x81m7\xf4\xee\x1d\x80h\xaf3(\x0d&<\xd0\
\xc2y\x97\x9a\xbb\xfc\xc53\xa7\xd3-x\x87\x81\xf7\xb3\
\x95\xb3\xb7h\xd7'Z\xc450\x1aE\xe9>|\xf7\
\xdd\xea\x22\xb3I\xd9\xef`*H\xee\xc1\xc2_\xb2\x0b\
\xa4\xdfx\x80L\x5c\xcc6\x90|\xb2{\xfb\x8as8\
hL_\xee\x02\x5c/\xd2\xee\xc0\xcbP\x16qj\x91\
\xdf\xfd\x07Y\x94X;\xdc\xa6n#\xcfc\x10\xf0]\
N_?(7\xa7P\xd1b\x00\x18Q\x07\x12\x00}\
<Y\xfe\x84\xc2\xe0\x00`\xf6-DMh\x1a\xa8\xa0\
c\xab\x1b]8\xd0Uz\xc0\xc3\x04\x8d\xa3gP\x10\
\x90V9P\xacy\x14ZA\xa0\x01\x03\xb3.=x\
\xe8H\xfa\xec\xb7\x9f\x00\xb4\xa2!\x0d@0\x0e\x0e\x18\
_\xf9\xa5\x0e\xf0\xcb\xe1\x14\xa0\xc2m-\x85\xe1P\x10\
\xc5\xea>\xbc\x9d\xe7\xde\x1b\xf1p\x10\xda\xe1\xe1\x03n\
Z\xee\xf4\xd5\x1c\x8a\xb6\xe1\xe8\x8a\xc9\x97\xbc\x83\xa7\xae\
\xce\xf3J\xda\x0d\x9d\xf2\xa4\xa2\xb28\x9a\xd5S\xeb\x84\
e#I\xc5\x08\x01\xbd\x07O\xd7\xdd\x8d/@\x95I\
XJ \xeb@\xb0\xfd2\x09D\x82\x00O\x03\xd4\x17\
\xe8\x88\xe9\x13r\xf0\xea\xe4gN.\x0dT\xde\x07\xf2\
\xa8\x1f\x15w+^\xda\xfa\xb53\x8bm\x9b\xd0\xf6\xaa\
\x8aI\x90f\xfa\xcb\xc1\x9e\x9by\x9ab\xa9\xd6\x0f\xa2\
\xd8rN\xa1\xa2\xc5\x000\xa2\x0e$\x00\xfax\xb2\xfc\
\x9eB\xa3e\x0fA\x04\xd3\xce\xdd4\xa1i\xa0\xba,\
\xb3\xd2\xa3\xc5V\x10\xc8\xb39Lf\xd2t5k`\
\x1c)\x8e\xcf\x85\x16\xec\xed\xfb\xf7\xa7\xe3\xb8\xf2\xff\xb3\
\xb3g+J\xab\xce\xe4\xd4\xc1DY\xda9_I8\
9cg\x95\xc3\xdb\x8cy\x18\x0e\x05Q\xac\xbe\x13o\
\xe7Y\x8f+\xe5\xe5\xa4oM\xda0\xe0\x08/i\x9b\
:T\xab\xe0\xa9I\x84K\x17\x82L\xe5O\xe9g\xd8\
\x15\xdd\xfb\x06|A\x88\x89J\x92P\xfa\x8f\x5c\x994\
8\x00\xd6\x0e\x0a\x8a\xe7D\xfb\xd0\xbdwK[\x14Q\
&J\xab&\xb2K\x83\x01\xcb\xb1\xe0\x17\x01\xdd\x95\xa0\
S? \xcf\xba\x81\x07e\x9f\xf0\xa2\x17\xc5\x90\xd6\x0e\
\x11m4\xd7\xbd\xee\xfa\xf4\x98o\xff\x95\xcc\xd0j\xa3\
\xd2\xee}\x81!\xc2\xa3\xea\x9d~P\x17$\xa8\xd2\xa4\
P\xd1b\x00\x18U\x07\x12\x00}<M\x03\xdd\xd2L\
\x01\x80\xecb\xdf\x8e\x9c\x09M\x03\x15t4\xceY\xe9\
\xc1\xd6\x1b\x04|\x14P\xb4\x95%\x8bek\xd6@\xad\
]\x00`\xeb\x11\xad\x1f\xc4\x95\xff\xcf~\xeb\xdbF\x88\
\x8c*\xe2\xe0\xc0\x22\x9b\xb2\x02`p\xc1\xd1\x18v\x9c\
\xc5\xd3s\x92\x88\xb7\x14\x8a\x0e\xca\x98\x8c\xcb\x05Ey\
u\x01\xaf\xc6\xbe\x0f\xcf\xc9w\x06\x1e\xda\xe3_3\xb9\
m\x80\x12J\x5c<2\xac}=\xc1i\x5cF\xab\x1e\
d;\xfc\x02n\x07\xee\xc0\x93\x81b\x03\xeb\xaf\xf7\xdb\
'\x98\x18\xa6\x83C\x9f\xd0\xa1_<z}\xba\x19/\
\xfb`\xa2\xccZ\xaaC\xc9\xc0\xff\x80\xb5\xd5\x9f\xd7\x00\
\xb8\x02\xb0\xfd\xf6\xe4W\x9e\xac\x17X5(i0\xf0\
\x80M\xfd\xc5\xb7\xc0o\xc3s\x09\x8b\xf8\x89\xf4\x0b\x80\
\xb1\xa5A\x07ikG\xe0GQ\x85I\xa1\xe8\x87\xc1\
\x0a\x92\x82\xbe\x83\x15.\xea\xd7J\x01\xa0\xc5\x00h\x11\
v+3\x07\x00\x8a@\xbf+iB\xd3@uY\x06\
\xd2\xeb\xcc\xd3\xf6z\x82\x80OO\x1d\xa1\xc6 Y\xa5\
,\x92\xe0\xfa,w]:\x86\xb7\xfd<\xf5\x93\x9f\xa6\
\x9f\x9d9\x03\xac\xeaE\xb4\x0f,\x1d\x11\xb1\x13:\x98\
D\x14\xc0yu\x11@\x16\xe1h\x87\x16y\x18\xd6\xda\
d\xc6{\xf5\xedx_\xff\x02\x06\xa7OT\xcfk\x03\
\xcfq\xf5<\x5cO@g:\xfc5X\x1c\xdc\xc0\x9f\
\xc3\xcbBn\xc1\xbb\xfa}by\xae\x83\x81\xb6i\x8e\
\x88\xe3\x00\xfb\xdd{\xef\xc9}caYA@\x1c\x83\
\x0f\x8e\x05\x1e4\x16\xda\x966Y\xf12\x8a>\xf1\x1b\
X\x83\x8f:\xde\x82\x87\x7f\xfe\x0a\xdb\x7f\xb7]i\x9f\
\xb8\xaaKsl\x12G\x15\xeev\x13\x0a\x101\x91\xd8\
R\xf0\xba\x83$\x0f$\x05=\xd1-l\x97^ \xcd\
G\x97\xba\xc1\x95\xa5%\x05\x00\x0a\xa1\xbf\xbb\xa9\x0aT\
2\xa0\xbaX\x85t\xe1`\xc9\xf4\xf4x_R\x9cN\
f\xa3\x93lB\xd9P\x18\x1e\x12\x04\xf8\x8d\xb4\xf7\xe2\
7\xe8>\xfd\xd8c\xb9\x91L\x92!\xa1 \x03\xcc\xea\
y\xb0\xbd\x9aN\xe3\x96Y\xab\x1f\xa1\x12\x8aA\x10\x8b\
a8\x14D\xacn\xc0)\xc0{\xf0\xa5\x9c\xce\x80\xb4\
A\xe6\x03\xb6\xccK\xfaW\xf9V\x9b)<m\x19\x1c\
\xdc\x1a(\x1c\xbe\x88'\x03\x8f\x1e\xbd\xde\x1c\x0f\xed \
/\x0f\x02*\x8bC'\x9c\x96\x05\x00\xe0\xfbn\xbb5\
]\x8b\xb7\xeb\x94\x89\xfa\xd4R\x1d\x0aJ h-Y\
\xb7\xed\x14@\xfd\xce\xc9OIB\xa0\x81\x00E\x0f\x08\
\xccu\xb2\xab~9X\x0b\x8d\xd2\x1dz\x9d}\xf7_\
\xa5PR\xfb0\xdb\xb9\x0ds^\xd2Y\xdd\x03\x03\xaa\
M\xa2PK\xc1\xeb\x0e\x92<\x90\xa8\x02\x99\x9e\x85\x16\
v\x22\xbd\xb1\x0d\xca\x96\x1c\x00(\xbd\xee\xc3\xbe\xee\x91\
\xa1\xbf\x1b\xdd\xee)=\xdb\xe9\xdb\xfe\xeb\x8a/\x14\xb6\
\xa2O\x98\xf8JFa\xf2\xaf\xd5u\xe9~|\xdf\xff\
\xb1g\x9fM'\xf0\x15Xj\xd7L\xfe\xa0\x11;\xca\
*\x07\x13\x19\xa5\xee\x03\xcbsA\xb4\xdd\x14E\x10]\
M\xc1^\x81\x9e\xa4\xac\xdeu\xf4\xfat5\xee\xc5\xeb\
D|%\xafR>1\xf3`\x84N^v\x5c\x93S\
\xe5\x06/eH\xef\xc0J\x9aV\x1d\x01\x09\xc1\x92\xdb\
e\xb5\x05'\x0f\x95\xf4\xfe\xa3\x82rF\xa2\xb8\xe1\x8a\
+\xd3\xef\xdc\xf3\xe6\xb6M@\xe1\x89\xed\xd7R\x1d\x0a\
J\x22\xe8\x009\x0dPOU'\xbf)\xa8A@[\
\xd0 \x00\x01\xa6\xaf\xd7\xb7\xe0T\xeb$\xb6\xff\x17\xf1\
\xe4#\xc5\xcft@V\xd5\x86A\x8e\xb6n\x9f\x14\x9e\
\x8b\xa1\xe2@\xe4-h\xa8h1\x00\xb2\x9c>\xe6\x00\
\x9fP\x1c\x1c\x00\xbaM\xab\xd4\xba\x0fa\x98\xbeF\x81\
\xe8\xe2\x14\xd2\x85\x07!}\xdb\xff\x00o\xb6\xf5\xe0\x93\
\xf1\xa1\x83D\xa5\xa0\x9c\xabZ\xde\x8ao\xbb\xbd\xfb\xc0\
\xb5\xe9s\x8f?.$\x19ME\xf2\xe1Z\x85\xc9\x0f\
d^I\xc8\x09#\x9c\xf3k\x00\xc09\x87\x08\x0d\x95\
P\x14T\xf3\x11xJ\x22\xf4\xef\x97\xdf|W}\xa0\
\xa1\xddf\x92\xeb*\xef\xf5\xd6\xc0\xa4N-\xda\x9e\xba\
\xd1\xb5x\xc1\xe7\xf5\xc5\xc5\x97\xd2\x1b\xed\xcd\xc1\xecs\
\xe7`\xcf\x0d\xce\x09\xf6\x9bo\xba#\xed\xc5\xed5\xa6\
\xb2[\xdew\xca\xae\xa5:\x94r\xb8s\x83\xa7\xfcB\
\xa0\xb4\x07\xd7zn:hpR\xb8\xe0\xc8\x09\x1a\xa5\
S=Y\xe6\xb3\xff\x7fe\xcf\xfeSw\xefk+7\
\xfd\xa9\xd3\xa0Ct\xd1\x1e\xe8g\xe8a\x00\xa0\xb5\x80\
h\x8a-h\xa8h1\x00\x8c\xa5\x05iU\x1a\x99}\
\xa5\xc1\x01\x80\x02\xfad\xb3\xbf\xdd\xd4\xd7=\x15\xd4e\
QH\x07\x9eg%\xf8Z\xe5Pi\x05\x81\x00w\xa5\
\x22(\x94\x1f\xc4\xd6\xff\xe1\xe3?H'\xb1\xfa\xfb\x80\
\xd1N\xba\x16\x9a\xf3Z\x80\xe2\x0d.\x19>\xd0q\x1d\
\x5cx\x91Fx' -e\x94\xaaA\xa8\x84\xa2k\
gy\xe0)\x88n\xc4\xbb\xf2o:x0Lv\xd0\
\xa2\xed\xe1\x93\xbd\xd99\xb4\x066d\xd4\xea.Wr\
\xf4\xc4\xeb\x17\xf0\xdd\x88\x1d\xbb\xb0\x9d\xa7\xc3y\xb0\x97\
V\xf6\x89\xe5\xf9\x02\xbe\xe1\xf8\x817\xbf\xa9\xd5\xc7\xa2\
[\x19G\x1dj\xa9\x0a\xa5\xff|\xf2\xa3\xc8\xaa\xb6\xc9\
\xb2\xea\xe3\xber]\xa8c\xf4/\xcb>\x0c\x0e\xe2\xea\
\xff\x13x\xd6\x81m\xf5\x1e\xe0\xaf\xd9\xa9\x97\xded!\
\x93D\xbaV\x0a\x80\xe0\xf5>\x12U\xcc\xb0\xca\x1a\x04\
\xb4\xe0\xb5JKl\xa72C\x00\xe8kZe\xd6}\
\xd8\xd7=\xf0@\x5c_7\xdap\xb8\xca\xbd\xc5B.\
CF\x98\xf8\xb1\x9c\x1f\x17\x16Zc(\xca\xbb6n\
J\xef\xb8j\x7f\xfa\xfccX\xfd\xa5Ao\xd5s\xed\
W\x1e8\xac\x12%\x83\x09\x85\x22\xe7\xe4h\xa7\xa2\xef\
Al(\xb6Y\xd0@\xc6\xe5\x82\x92\xbc\xf7\xee\xbb\xa4\
\xe0\x931\x0eH\x87\x95y\xa4\xf1rIS\xd6\x9d\xae\
/\x7f\x05\xdf\x93\xbf\x0e\x01\xc9'\x97O>Q\x8e:\
\xdb\xf1\xdb\xb8\xed\xb7\x0d\xdb\xeb2\x15\xdd\xcah\xb6W\
K\x1d(}\x8e\x83>\xd6\xd7n\x81\x02\xff:\xf9\x91\
\x93!\xfbF\xeb\x19\x06B\xd7\x9b4\x9b\x10\xa4Nn\
\xb8R\x82\xb7\xb0\x91\xb5rP\xaf\x1a\xbc\xcfF\x84\xf3\
:@L\xe4o\xa5\x00\x08^\xef#Q\x05\x0c\xab\xac\
A@\x0b\xde\x121\xb5\xb2~*E\x8b\x80\x8d\x8a\xa9\
[\xf3\xd0I\xe8C\xf5\xcf\xba\xc4\xc8\xc2\xa7\xa1\xe8$\
\xbeR\xfbJr\xe0_`\x94B\x1ci\x10\xcd%'\
#\xeb\x92\x83\xc7\xea\x02\x14\x0a\xef0\xe8\xe8\xd1P\xcd\
\xe5\x92\x8e\x08\x8a\x95s\x83v\xf9\xd7p\xdb\xef\xa1'\
\x9eLg_\xbe\x80\xf7K\xf0\xbb\xe5E\x92A\xc4\x81\
F\x0c\x84H\xe7\xd84a\x8d\x0a\x22\x1e\xdc|-8\
/\xda\xf9\xa0\x90\x89\x058\x86\x9c\xa8 \xd2M\x14\xcb\
\xa1(\xa8\xe6#\xf0\x04\x22\xfeJ-\xdf\x1c\xf4\x95\xef\
~OH\x1d\xe5\xd4^o\xe44m8\xce\xf3HS\
\x96\x85\xa6\xe9n\xd6\xd3y\xf9\xba\xb0\x83xc\xee\xf1\
\x1f\xe3E)\x04\xf2\xe0\x07\xedc\xc7\xde\x85\xad\xe9W\
\xe5;\x0d\xb0\x13\x0dT$\xb2T\xc0b;\x99\xd4S\
\xe8\xfdI@\x998\x10\xd6L~\xd5A'<}\xd4\
\xe8\xd4)\xa3\x8d\xd7\xdd|cz\xd8\xee\xfd\x13O\xbd\
\xaa\xa9\xd6\x89*a\x00\xb2\xed\x22\x11\xd2\xeaw\x00\xb8\
\x1f\x0b\x16\xd1)\xf3\xb4\xe8\xad\xdfm\x89m\xfaRX\
\xa5>8\x00\xecD4\xe7\xa4\xe4\xd7V\xaf\xc0}s\
)\xa3\xce<\x1f\x82\xb3\x01?\xd0h\xb9s\x15\xe5Z\
 \xca\xcbF%\x97\x1b8\x94CQ'\xa9\x01$k\
\xca\x076oMw\xee\xdc\x9d\xfe\xed\x17\x1e\xb2&\xdc\
\xb2\xc8\xc9\x88v8\x10u\x80i\x9d#Y\xe2N\x0c\
>\xc6\xcd\x1e\xf3\xf7\xec\xae\xdd\xb1\xbd\xa52\xa5\xcaj\
\x00y\x0c\x08\xcdj\xab\xb7\xe5\xbc\xcevX\xe6\x9b\x85\
%'-\x1f\xc6gr\xd5P|7\xbeH\xf3\xf0\xf7\
\x7f\x90.\xe2\x1bk\xaa]\x08.B\xdc\x90+[`\
6<3\x87J\xee\xdd\x0b\xf8j\xd1\xccG\xdc\xc2&\
\xbc4\x13/\xf38\xcf]\x0ft\xf5C&\x11\xea\xff\
\xf0\xedoI\x9bp}\x85-\xbd\x0a{\xd2uer\
\x1d:p\xf0O\x0c\x02\x14\x86C\x83\x80M\x02\x0as\
=D \xc3\xae\x00%\xd7\xc9\x0fZ\x80\xa2*W\xdf\
x]\xfa\x93\xc5\x17\x84\xb2\xd4\xa3U\xa7\xecJ\xd21\
RA\x00\xa4\x1c\xfc\x8c-*\xbc\x05\x09$+\x19\x04\
\xeaZu\xa1\x83\x03\xc0\xfem\x0b]\xee\xcb\x00\xf1\xd5\
V\x9a\xa2\xe5\xdc\x17\x1c\x08\xee\x98\x9er\x97W\x05\xfc\
&V\xff\xcf=\xf2h\xba\xc0\x89\x14W\x7fsFn\
F\xea\x0a\x94\xc1-\x08\x9dt\x22\x1b\xca\xb8\x0a\xa7\xf1\
\xda\xf02\x91\x9c\x83\x84\x01\xb2/\xf5c\xd8=\x04\x05\
\x1c\x1e\x14\xf6\xe2\xd7\x84~\x09+\xeb'\x1e\xfeZK\
\x9c\xa9-\xa6\x11\x15\xd9\xaeQ\xf4\xe1\x1c\x1e\x059l\
Z~\xee4~A\xe8\xe8\xf5\xe9\xf1\xef|Wt\xf4\
\x89Oc\x1c\xda\xb3+\xbd\xc7\x9f\x1a\x14\xe1+\x1b\x04\
|\xf5\x97\xa8\x22~G#hW&9\x8a:\xd9\xd1\
\x03\x81\x11'J\xb4\xe0\x84\xf0\xea\xffK\xeb\xaf\x90\xad\
\xba\xdbL)\xdb\x9f\x93pl\xa3\x9a\xa0\xd7f\x1bW\
\x1a\x88\xdc\x1bJ\xed\xf6\xcd\xbc\x01\xb0RA \xcb\x9e\
R\x98\xe1\x1a\xc0\x14I\x97\x0c\xcdh\xef\xc2Q\xc8e\
\xc0\xe2\xc4\xea)\xcb\x80\x09\xec7n\xdb\x9e\x0ec\x07\
\xf0\x97\xf1\x1b\x7ft@\xf6%\x0aR7\x002\x1f\x5c\
\x84k\xd9\x06\x1c\xeb\x94\x8d\x81\xd07\x16\xbc\xe9\xa5\xe4\
\x0c\x1e\xfc]\x82\x8d8\xb5\xd8\x82\x15\x95\x17\xd6~\xe3\
-\x7fK\xde\x1c\xe4\xbb\x872\xf7S\x10\xdfy\xc4\x9c\
\x83+\xe2#n\x92\x9c\x92\xe7\x22V\xfe\x05\xeev\xa4\
\xd30\x02s3\xc0\xef\xdewL\xbf>\xdc\xeap\xbf\
}\xc0YMl\xb3/\xf9\xea\xef\xfep\xff\xf8\xe4\x97\
\x95\x9e\xec\x90\xe1\xb0\x5c6\xa17\xdevs\xfa\xcai\
\xbc\xed\x194e\xff\xbcNR\x11S\xc9'\xe2 \xd3\
_W\xaa\xbd\xe8\xf6\xa5\x03\x09\x00\xfa\xa9\x96Z\xd0P\
\xd1b\x00\xd4\x98{`\xab \x00P\xf3IA \xf4\
l@\x10\xf8\xc0\xa1\xa3\xe9SXA9\xe05\x96\xb8\
\xe14\xe7\xe0\xc9\xc9i\x08c\x19\x87\x0c\x09\xe6\xe1 \
|\xf1|w\x07\x90\xe5\xac`a\xf3\x86\x0d\xe9\x83o\
{\xab\x0cZ\x9f\xb4>`\x99+\xac~\xd5\xdf\xe9'\
\xd1\xb8,\xa1\xc1@l\xf34\xf5\xcd\xaf\x5cL{\xf9\
k>f\x12\xda\xed\xb6k\xafIo\xf7W}u\xfa\
\xbc2A@&?N5\x9b @\x05,0\xa3\xff\
\xe2?\xf3\x8dO~\xe6q\xdd \xfd\x8e#\xd7\xa4\x1f\
\xe2[\x9f\xa6~''\x8d\xdb\xa2\xcc\x05G|\xe5\x88\
8!0\x1a\xa5&\xb6I\xaaySwzB.W\
\x10X%\x01 \x18I\x8apg\xf6h,\x03\x19\x83\
@CDD\xba\x0b\xef\xf8\xdf\x84\x07>\x1e\xf9\xc1q\
\xd4\xcd\xfc\xc1\x0b:\xc1\xd9\x00\x80\xf8\x97&8\x98P\
\xc9\x81\x81p\x055\x83MX\x08\xbc<\xe9\x17\xb1\xc5\
>\xb8gw\x1e\xa0\xcd$\xed>\x0b\xd0\xe00\xa4\xec\
\x1aC9\xa0[4\xe8o\xae\x83\xbe\xa4\xe5\xc0$\xec\
\xdc\xf9\xf3iw\xb8\x1b\x00`\xfa'\x0f\xbcS\x0c\xd0\
o\x09\xf2\xd6m\xd4\x03\x96\xb6Z\x1c\xe2\x14|\x88\x9f\
\xa5\x02?\x80\x1b\xff>\xf9\xbd\xde\xc0 !4\xbc\x0d\
\xcf&\xfc\x04#\x9fm\x96\x87\xb7U\xc2\xbdN|\xc7\
&\x90-\xb0 /\x0fC2\x1a\x5c[\xd3\xba\x7f\x1a\
\xda\xab-\x12\xda\xba\x96Z\xd0P\xd1b\x00\xd4\x98\x0b\
\xd8\xfc\x07\x00\xf51\xd4\x8e\xbb\x00\xf6\x22#\x8a2q\
\x96\x84D\xe9x\xb7\xe1\xef^{}\xfa\x93\xaf|U\
\xcc*\xd0l\xab0\xc1\x89\xc5?Z\xa3\xa7U\x90d\
Z\xd7\xc1\xc5\x15\xa5\xa9\x13v\x16\x8f\x02_\xaet%\
N\x0b\xfe\xc1/\x1c\x93A\xa7\x935\xac\xf8a\xd2\xe6\
\x89\x9c\x07(\x07j;Hth\x84Vi8\x009\
\xb0K\x1a\xaf\xef\xda\x82\x0b\xc3\xec4h\x8e\xbd\xfe\x96\
\xf4z\xec\x00<\x99\xe5\xbc\x1ar\xca\x0c\xd5P\xec\x01\
\x8b\x0e\x0d\x99\xaf\xfe\xf4 \xae\xc7P\x18\xfe%GA\
\xfc\x22\x18\xfa\x948\xcb\x1b\x01\xe9\xe8\x1d\xafO\x7f\x81\
\x87\x9a\xe2Dv4u\xa8\x1d\x83\xf0h\xcbe\xb2\xdd\
\x9c\xac\xa8Y\x80\x1bA\x07\x12\x00\xf4A-\xb5\xa0\xa1\
\xa2\xc5\x00\xa81\x07\xd8\xfc\x07\x00*\xabsX\x0a\xcd\
\xf5\x80\x08g9\x13\x15e\xe0\x90\xee\xc3=\xff\x17\xf1\
\xb5\xd6\xef\xf1G>s2CIV\x94\xdd\x86\x1c@\
t\x02\xeb\x0e#\x7f\x0b\x8eI\xe2W\xed\xb3\xecK[\
\xb8\xfb\xe8\xd1t\xdb\xe1ke\xc0\xf9\x84\x9c4Y9\
\xf1\xa9c\x8d\xc6\x07m\x0d\x17e+\x9d\x05\x07\x0e\xf0\
\x0b\xe7\xd3^|\x8d\x9aw@\xfe\xd9\xfb\xdf\x9b\x0e\xe0\
B\xf1>\x5c\xa8\xe4o)n\xdf\xb41m\xde\xb0\x1e\
\xb7F\xfdl8\xdac\x19A@\xe6=>\xd0\xa6\x8c\
\x05\xa8\x91'\xbf\xf9\xc8'>\x1d\xa6\xb8\xd86\xca\xfb\
v\xa7\x13\xf9\xc9M\xc5E\x1b\xc4\xb2s\x9a\xe8<\x0c\
b\x9d4\xb1\xeee\xe7\x95\x9c@$\xcd\xac\xa2\xa0\x00\
\xaf\x03\x96\x16\x04\x82\xac\x09\xc5\xc1w\x01&\xc8X\x11\
\xd4\x05\xbcP\xc3\xe7p3\x95\xc5\xdb\x90\x0f\x83\xb1(\
v\xa3\xe3\xe9X6\xcb\x81\x80\x82\x94YE\xdd#o\
(\xf3\xe7\xbd\x7f\x05\x8f\xfc\xfe\xc7O~\x8aL\x9a\xc8\
#2!\x8b\x83\x89P\xf2\xa2,\x22\xf5\xa3\x11\x89\xba\
\x91\x9b*\xac\x91\x9c\x83\x19?\x0f\x8e;\x0a\x97;\xfd\
\xa3w\xde\x97\xfe\xd5\xc7\xffW:\x8d\xed8\xfb\xc0t\
\xe1\xe2\xcf\xb1b\xc3\x96Y\x19\xedh\xee.\xe0\x0dN\
\x89\x1a\x1c\xfb\xa8\xb6\xe8\xa71\xb3Q\x0eN\xa7\xae\xc1\
dz\xd7MG\xd3u\xf81\x0d&^\xb0\x94_\xd7\
0}\x04\x88\x0f>k\x7f\x11>f\xce\xb7'i\x99\
\xb6w\x8a&w}\x1a\x88\x9681\xa5u\xf0\xf8B\
\xd0\x9e\xfc\x90G\x1a\x1ct\x1f\x8f2\xed\xc2\x17\x93\x9e\
^\x87 V\x22B=\xaa\xa4m\x06d(\xba\xcdk\
\xb2\x08\xe3\x11e9@\xe1\x1d\xac\xa3\x9b\x16\x02\x09\x83\
\x80\xde\x7fj\xd0,\x05\x92\xa2\xd2\xa6\xeb\xab\xcdM\x00\
\xe0\xc0h\x92\xc5<\xf6N\x12\xcd\x98+(O\x0a\x02\
\x81\x94\xa3\x0b\x83\xe1A\xfc\xc2\xcf\xb7\x8e\xff0\xfd\xf4\
\xa5\x13|\xd2H\x06I\xeb\xee\x00\xdb0Kr\x00\x09\
\x0eu\x9d\xdc\xd2\x1cx\x9a\x89\xa1\xceh4\xa2v\xdd\
'\x01)\xf4\xd2\xa6\x1b\xae\xbe:\xfd\xa7\xdf\xfb\xc7\x9d\
F|\xd0\xf1w\xfe\xce\x85S\x933\xb8P\xe9\xba\xf3\
\xd7\x7f\x18t\x99\xb8\xca\x9f\xe3KP\x8d\x91\x0fG\xf9\
\xc0g\xbf\xbco\x84Ey\xe7/\xe0\x0d\xba\xc0\xdf\xdf\
\xf3\xeb\xbeQ1\xde\xcd\xe0\x11\x13M\xae\x81\x00\x01\x81\
\x81\xc1\x02\x84\xec:\x80\xf3~\xb4y\xcc?\x19\xab\x93\
]'=$\xd2o\x14\x0c]\xe5\x88\xcc(\x1f\xbc\xe3\
\xd6\xf4\x7f\xf0\x9eC\xd2x\x10Q\x12\xb4f\x0d\x92\xbd\
\x96J}\xdcF%\xad\x07\x06\xc2)\xab\xc5g\x00\xcd\
:\xd8^z\x95\xb5\xf2A`n\x02\x80\xcdU\xf6S\
\x8c \x05~\xd0z\xb4\x13\x0b\xe25\x96\xcb\x14q\xb1\
\x8c\xdf\xde\xc3#\xbf\xf7\xed\xbd:\xfd\xfb\xcf\xff\xcf\x82\
\x09B1\x02\xb4]\x94\xa5\x00\x12i\xaf]\xd7fE\
\x09\xc5\x93\x88$\xf8\xa0K\xa8\x17\x03\xc4r\x92<T\
\x03\x01\xdc0\xf3z\x05\x9f\x1dX\x9eD,\xc4\x98p\
|\xb1\x88\xa7Xv\xd8\xac\xf9ru\x8a\xedQ\x16O\
\x116\xe2\x88\x89\x01\x80\xc1\xc0w\x0a\xcc\x9b\x9f_\x07\
\x17}\xc5\x03\x89\xbeiO~\x00\xc0_\xdd\xfa\x83\xf4\
\xec\x8em\xe9\xe2\xc9\x17\xc9\xaa\xbc\xe2?\xd6\xc8'P\
 \xac\xc8j\xc6G\x98 \xf2\x87j\x92\xabh\xdee\
)\x8cb[4\x06\xd0\xac\x83\x155j\xf4\x94\xa6#\
\xae\x85\x95FZRX\x19\x98\xe6'\x00\xc0D\xec\x5c\
6s\xec\x04\xfb+u\x14r\x10\x88\xbb\x00\xf66\x13\
\xb5\xca\x7f\x07[\xff/\xe3\xa1\x1f>\xc2*\xbf)G\
9N*\xb2(\x130\x0e\x1a\xe4\xdc\xce\xb3\xae;\x01\
\xc2q0)\x98dJ\x8e:KB\xa7\x10y'\xc0\
\x02n\xd3-%\x9d\xc6\xaa+?D\x02\xf9j\x07}\
,:?e\x09\xe540\xe0\xb1j\x96\xad\xaee\x84\
\x0d\xd1g)-\xcf\x1f\x0f\xfb\xb6\x09\xbf\x95\xb8I\xce\
%T?\x0f\x0a\x1b\x01\x97\xc4\xfe\xf2hM6:\x8b\
!\xd9\x9d&\x94\xf9\xe3\xc0\xe1k\xf0\xab\xbf\xa7q\xea\
\x12\xf06\x9e\xc8%\xc9\xea\x12~\x05$\x0e\x01\x0a\x15\
\xfc\x07N\xd4\x95\xa7\x05\xb3\xd6J\x18\xebJ\x1d\x08L\
\x9e\xea\xdb\xc2J;-H\x100(\x08X3\xd3\xb2\
\xb9\x09\x00t:\x9d\xdcM4\x03\xe0\x96\x09>\x97\x8b\
 @\x87\xb8\x0c\x94\x0fm\xde\x92n\xdb\xb6#\xfd\xbb\
G\xfeT=\x07\xe7\xd2\xb1\xde\x8a\x8aQ\xcbf\x91\xc0\
j\x5c\xa0,k\x16E\x1b\x17Y\x0dJ\x89r\xa8W\
]\x7f\xd1xI\x1f\x94\xe72\xbd\xad,\x08\x00\x85\xe9\
'\xb7\x9dM`\xd0 !\x8fmCc\x7f|\x9b9\
i\xe2\x165\xcb\x9b\xf3\x82\x07\x05\xb9\xc6@?\x8b'\
\xdcG4\x06\xfd\xa6\xbe\xcb\x8e)\xfa\xb4\xe9\x86#\xe9\
\xaf\xf1\xcd?r\xeb\x86M\xf9I\xc6\xd3=\x91\xa9\xe6\
\xcc\x0e\xe7\x88\x91d\x03@\x02\x03\x01\x22$\x13\xb7O\
'D?e\x8b\x9f\xd6B\x03\x0aM\xce\x1a\x04\xd4\xfb\
\xa6[#Q\xba\xde\x85\x06\x82\xa287\x01\xc0m\xe6\
&m\xeb)\xd66\x90\x953\xa8\x0c\x02 3!\x1f\
\xbc\xe6p\xfa\xcc_~%]\xc4\x851\x8f\xd6\x82\x14\
\xc3C\x809@\x97\xf5PgK\x1cL\x06ry\xa6\
\x80e\x1aJ\xf4z\x81\x0a:\x87sb>\xb1W\x9e\
\xeb\xb6\xf9&\xd4 \x86\x92\x96\x92\xb8\xed\xf4_\xb4I\
8/\xcf\xc9\x046\xe1\x8a\xa6\xa8\x04\x0b\xc2p\xca\xc0\
\x89\xa6\x81\x02A\xc4NE\xb2\xac9*\xf8\x19\x97L\
\x9c8\xf1Q\xae%~!\xed\xe4&\x0c\xf7s\xc0\xc3\
\xaf2\xdf}\x00\xa0\xae\x86W^\xbf\x06D9\x22_\
\xf0\xfc \xc0\x0d\xaaSV\xe3\x83\x05\x1e\x11\x0c\x1a\xe8\
\x80\xaf\x85\x09y\xf9A\xa8IR\x94\x014\xeb`]\
\xc3F\xcc\x14z\x12\x92dh\x9a\x9b\x00\xc0\x81WM\
b|\xc3\xe4\xb2\x15B\xbd\xbc3p\xfb\xf6\x9di\xe1\
\xe2+\xe9\x9b\xdf\xc1\xb7\xe70\x90%\x05\xfb\xd2}\x12\
\xdd\x01c\xd3r\xde\x86\xdc/\xf6\x89\x97\xcc\x92\x82\x87\
\x00oNx\x05\xe7\xfb\x09@00\xb8\x8dg\xe2\x04\
\xe3\xdbsx~\xcb\xb7\xe2\xac\xaf\xde\x0a\x13\xd2A\x1f\
\xa6FC\x9b\x01\xb9\xd0\xe0*\xa5\x92\xaa\x1a,\x8cH\
\xb3\x86\x83}\x96osJ0\xc0\x85<\xf4\xedJ|\
\x19L\x82\x84\xec(\xbc\xac\xbb\x8eJ\xf3+\x0f\xa2R\
a\xb2\xc9\x9c\x94 \xd0\xe8]6\xba\xff\x16\xbc\xf6\xfb\
\xe4\x09\xf8\x17\x17>\x85L\x84\xd0\xe1\x12\xff\xb3<J\
\xf6 B\xc73\x09=\xe8| \x18P\xd0\x1e\x89\x08\
\xa3\x22\xa8\x93|+\xfc\xaf\x8c&\x83xK\xc4\xb7\xa0\
\x06\xd0\xac\x83\x15y\xb3\xd0{;C\xf2\xb9\x09\x00\xba\
\xb5b\xe7\x91,\xd3\x0a>\xd9{14\x10R&&\
\x17XA\xd2IH\x1fP\xd6\x07\x0e\x1cN\xff\xfb\xd3\
\x9f\x85(\x00\xc8\xab\xff\xealg\x95\x91\x03V\xc3\xab\
\xa5\xb5q\xf1\xa5\x8a\xed\xea\xc3\x16@\xe0\xe3\xc4\xc9N\
\xe1\x0bA\x0b\x1b\xf1\x93\xd7@\xf0|^\x7f\x5cT\xaf\
\xa8K0\xc0-2\x06\x04\x96{\x03^\xa7\xf3\x94\xde\
M\xaae\x17\xde\x82\x0c\x22\x02\xc7\x04:\xa2\xe4\x16\x9e\
\xdc0\xe0\xb7\xff\xb4\x05\xcd\xda\x8c4+\xbf\x5c\xb5\x1e\
\x81aa\xc3\xc6\xb4c\xf3\xa6\xa5\xef\x86\xb4\x99\xea\xa7\
\x04n\xf3\xa1\xb8p\xca\xe4\xa7\x90s\xb8]y\x1eo\
\xfeq\xd7\xcbd%\x02\xbe'L'\xaf\x14\xf8!\xe3\
E\x16\x05\xc5\xea\xf8q\x87w\x02\x8330\xd7\x9d#\
\xaf3\xd0:\x1a\x0e\xa4\x05\x22sR\x5c\xae\xaa]A\
\xd6\xc73+}\x90<\xb18?\x01\xa0k\xa3\x8a\xe2\
$\x82),3\xaf\xa8\xd5\x02\xf5/\xec\xb9*=\xff\
\x93\x9f\xa4g\xf0\xa6_Y\xde\xc9#\x16\xb4F\xdc\x9a\
\x14\x05\x90\x06\x09\x96\xe1.\xe2\x98\x8c\xd4\x03\x817I\
\x87*\x89\x07\x01`\x84\xc8\x18\x94\xbb\xf94yrU\
[n\xbb\xe9.\x81\xdbm\xbd\x02~e\xda\x88\xa0`\
B\x1b\xbeK\x5c\xf2n\xc6f\x14V\xc3\x18\xd5\x04\x14\
)\x88\xe6\xaf\x0a\xb3\x9b\xe7/\x9cM/\x9e9\x9b\xb6\
\xe2\xa2\xe8v\x04\x82m\x08\x8c+s\xed!(!N\
a8\x080S5f\x9b\xf1p\xd2\xf3\xaf\x22x\xd9\
\xad\xcb\xa9\xe3>\x00\x00\x1buIDATf\xd1#\
\xb3\xa0 rL\x8aD\x14v&\x04\x06\x0a\x13z\xfa\
\x9a\xe5f\x0c\xb0\xae,$p<a\xa8\xf3_@\x86\
\xa3\x9c\x90:P\x03h\xd6\xc1\x8a\x0al>\xa7)\xf4\
\x99nBan\x02\x00u\xd4\x09\xc8^5i\x0b\x1e\
\xe29\xcb\x87l\xd8sAY!\xd6}\x96\x82h\x13\
V\xd7\xf7_u \xfd\xe7?\xfa\xb8\x08\xc9dRS\
\xd9\x0a\xe3'\x92\x19Q\xcb\xa8\x00,x-\x8a\x03\x05\
\x87\x0f\xe7\xd3\xe6\x94Q\x87\x8d\x85\x05\x82\x06&]U\
_\xc1#\xc4\xcd\xef\x09\x0cb\xcfD\xb9\x90[\xecB\
\x1c\xd5\x8fq\x8a\x95\xc8s+\xb9\x90\xe4\xce\x08\xdf\x98\
|%\x8c\xc7@\xb0\x03\xb7%\xf5]\x01Kl1\xc8\
\xa6G\xe8\x13\x1d\x17\xfd\xf26\xdd\x84\xd7~\x9d\xc2\xea\
/\xc4\xa47!\x0c\xf8\x99\x9f+7\x08\xb2|\x14H\
\x8f\x19\x9cA\xe2x\x15\xa2\xb2\x80\x11\xa4\x09\x06^E\
S\x8eq\x91\x04U\x1f'\xa5\x96\xa42nE\x19@\
\xb3\x0eV\x9a\x9b\x85\xbel\xaf\xac\xcfU\x00\xe0\xb6\xb8\
|\xa4V;\xcbO\x18\xc3\xb2Ph\xfac\xb8\x07\xf7\
\xedO\xdf\xc0\x0f|\x9c8u\x1ad\x00\x12\x8e$\xe8\
hO8H\xfd\x0d\x8c\x8b&9\xca$s\xbe\x8c#\
L\x92\x12\xeb\xb5\x02\x96\xc9\xcfU\x88\xef\x05\x14N\xa3\
s\xea.\xacE\xd0\xaati\xbb\x90\x16C\x7f\xc5\x18\
\x97\xcco\x92\x97\xcb\xafb\xf8^\x83\x94^:{N\
\x0e\x06\x00\x9e\x1e0\x18\xf4\x9f\x0a\xf5wM&\x13\xec\
N\x9b\xe7\x89\xd6O\x9eN.lJ\xeb\xf0\x0e\x03\xfa\
R=\x05b2\x8b\xdfDJ\xae\x8b\x18\xc8\x96~\xdb\
\x87P\xe8`!\x93\xd1*\x9f\x90p\xd00\x85]C\
\xbe\x8e pA\xa1I\xd2Y{\x84[\xea@\x0d\xa0\
Y\x07\xdb\x952\x85\xde\xdb\xa9\xe5s\x15\x00\xaa[\xc4\
l/\x16\xd0S\xcb\xa43\xb9\xac\x85\xdd\xf8\xbe\xfc\xdb\
v\xecJ\x1f\xf9\xc4\xa7\x9b\xbe\xd28L$a\x8a\xf6\
\x14\x9c\xc9\xcc8%\xf4@@\xa79\x8b\xe6\x06\x01Y\
\xf6;y1@:_\x08\x12\xf9D\xb6S\x0f\xb8M\
4\xa1\xb6\xa2\xfc-a\xadJ\xaf\x06J5\x8c\xb6&\
\x84oP>w\xeab\xfa\xe9\xa9385\xd8\x98v\
!\x18l\xc5)\xc2\xa0\xc4 \x9b\x9b\xce\x85^\xd6M\
\x07\xafNO\xf3\x07_\xec\xde\xbf\xde\xee\x039\x97e\
&s\xa2\xc6n:\x150\x09\x0c\x82\xd4:\x8bB\x00\
\xdf\x0b^\x00\xfc\x80\xdb\x01\xc8j\xa0\xe0\xf5\xf8\xac\x81\
\x91_\xde\x9d\x80\xa87\xf5c\xae\x02@\xfby\xb0\xa0\
{6\xba\xc1\xa4n\xc0\x8c[\x97~\xe3\xaa\x83\xe9\x0b\
_\xfe\x0a\x9e\x87\xe7)\x03\x11!\xd1I\x00\x09\xb9;\
\xccHd\xb2g\x9c#\x95^9\x5c\x8e\xe2:\xab\xbf\
8=\xf09\xf9\xd0\x1c\xac\xcb\xe0\x96V\xfa\xf9\xfb1\
Q\xbd\xa9TS\x082:\x17\xa2\xf4z\x99\x17\xd9\x16\
\xf1=\x06\x1e\xbcS\xb2\x13_\x22\xda\x89`\xc0;(\
}\xc9\x5c\xd6\x87\xee\xc0\xcf\x5c\xbd;\xbd\x8c\x8b\xb3\xc2\
\xe7\x93S\xa8\x10\xd8\x09\xb4@\xa0x(oue\x08\
[z\xf2`\xa0h\xbc\x00\xb50\x90_;,w\x08\
Hc\xf5\x9c\x13\xe6\xc9\xc4_\x8e\x9d\x8079-\x9f\
\xaf\x00PL\xda\xd6X\xca\xce\x8aP\x01\x8a3\x8e\xe0\
-?\x07\xe1\xbc?\xe5\x9b~\xb2\x9cH\x0bS\xb0j\
\x8e\x13N\xa9\x1b\xc0IQ\x15\x1cI\x01\xe3\xfa\x9f\xeb\
(\x09\x99\x0c\x04\xdb\x09dl\xd7\xd4.\xb2\x8b\xa9A\
\xba\xd4\x1dH\x06\xe4BMP\x86\x0d\xa3\xca\xe4\x9d\xc2\
\xca\xf0\xf7H)\xc0\xbcH\xfa\xfc\xe9\xd3r\xf0N\x0a\
\x83\xc1v\xec\x0e:\xbbB\x99`\x05sGs\x05\xac\
\xc3\xb7\x11\xb1\xf1\x97'\xfft\xb2\x1b\x9f\x8d\x0f\x9d\xcc\
\x80\xf9x\x11tO`\xa0\xc8\x1c\x1c@(\xff6v\
8fD\xafv\x9d\xe2\x0cBnM\xe4#\xbd\x8c\xa4\
\x0e\xb6\x0b5!\x9au%v \x1d\x807\x5c\xcf\xe7\
*\x00t\x9c-:\x07#\xb1\xa8\x9eT\xcb\xb2\xb36\
\x01?\xb8\xef@\xfa\xd4\xa7?'\x81W\xc8`J\xca\
s{\x08)\xc9\x1d\xc02\x12\x1d' 0\x09M&\
T\xbc\x0f\x8ev0\x00\xb1\x05\x01\xe6\x1a\xf4\xd1V\xc9\
\xab\x12M\x90f\x1d\x92\x16vze\x10\xff\x04\xa2\x16\
\xaaU\x99\xde6)\x94e\x09\x8c&~\x08'\x9f\xa7\
\xe0\xc1\xeb\x03;7aW\x80\xf7\x0el\xc6u\x03I\
\x14\xe0\x87\xc9\xec\xcb^\xdc\xbf\x07\xdf\x94\xc4\xaf=#\
\xe9d\xa7\xdfP\xc9\x8e\xd2\xba\xde\xee\x13*\xc1+\xad\
i\xca\xe0`E\x19)\xa1\xde\x7f:\x81\xe7@@\xc7\
\xeb\x1c/\xe3!4\xde\x0en\xda`\xfb\xf8\x97\xa6)\
\x98\x0a\xb5S\x07j\x00\xcd:XQ\xaf%\x85$\x03\
\xd3\x5c\x05\x00\xea,\x17\x02\xb3\x83\xd4P\xe6\xb5\xd0%\
v\x17\xbd\xb4\xec\xaem\xbb\xd2\x22n\xf9\xfd\xe8'\xcf\
\x03f@\x22\xa3!PuL\x86\x13\xe0\xc9h\xdd\xbf\
N\xeb\x01B\xfd\x04(tS\x9cSP.\xca\x185\
\xfcR\x0b_\xdc\xc9\xd5\xcc\x9f\x03\xe07\xf2&\xa6\xa8\
\xe3D\xc2~\xe4rE(\xff\x04)\x13P\xfdZ\x0d\
\xc7\xf4\x89\xe7E\xd5\x17\xf1s\xed<\x18\x00vm\xd9\
\xac\x13I\xc6G\x1fW\xd3\xee\x99\x85\xcd\x95\xe7\xfeu\
Q\x10*\xcet\xfc\xab\xff\x08\xd1\xba\x8c\x14\xbaZ@\
\xf2\x09Pq\xd1\xd1\x07\x8ap\x89\x100pL\x90\x9b\
\xa7\x0a\xf8\xdd\x01<\xf7\xc1\x83\x89\xdf\xa8\xe4\x17\xbe\x18\
\x10\xe4\xf1n6\xc5a#\xad(\x9f\x10\xda\x07[m\
A\x0d\xa0Y\x07\xdb#%J\xac\x97\xe7>\x00t\xd4\
\xa6U\xd8\x7f1\x0f\x1e\xb9\xc4C'\xbf\xb2{_\xfa\
o\xff\xe3\xe3\x06\xe9\x1aGd\x04\xb0\x8b0\xff\x9b\xa5\
E\xa8\xc9\x16\x0e\xfbP\xc73\xfa\x0b\x9f8\xde\xcb \
\x11/\x82\xd7\xd8\x19\xc0\xe4\x8b,\xf6\xa5\x15\x0eb~\
G?\x07\x04\x19\xbcQ~fm\x03\xcb\x9a\xc9\x1fH\
m\xdc\x99\xa9\x946\xa8\xce\xdf9\xe0w\x07\xf8\x88\xf3\
\xa4\x94[\xc9\x85\xd9\xb4T\xd9\x81\xb9\xd2\x18/\x1c>\
\xb7x*\xbd\x80\x0bz\xcd\xc4hJ%\xcb\xd9\x1d[\
\xd3:L8\xa6\xe6\xfc\x5cj\xb6\xa9\x03\xaf7i\x03\
A\xbd\x0a\x9a\x18\x18\xc8\x22\x8e'\xb1\xb6'\xf3\xdc\xfd\
\x08\xfb\x08Td\xe1\x83\xe3\x83\x94\x8e\x97\x9a\xfe\xd0+\
\xed\x9962\x18p\x81\xb8\x98\xce3\x18\xc8\xb8jd\
\x1b\xb9d\x1d\xa8\x014\xeb`\xa5;\xdaz\x942\xb9\
<w\x01\xc0O\x03\xd8=O:\xc7\xd85\x83\x86\xe2\
\xfd;\xf6\xa4\xc7\x1f},\x9d\xc1-&7\xbe\xf35\
\xb9\xf1E\xa1\xc1R\xeao\x9b\xe8\x80\xbbx\xcd\x9d\x09\
5\x14\x19\xb1\xf5\x91P\x0e\x97H\xe1\x5cM\xab,q\
\x02]\x89sQ\xbe\x1d\x87\x89\xf7\xff=\x18\xbc\x8c\x81\
\xa0[CoCH\xe4\xa3\x0bip\x13K\xc6\xb8d\
~\x13N\xfe\xad\xd0y\xcf\x96-\xe9\x0c\xee\xe3\x9f8\
{>\xfc\xfe\xe1D\x0d\x02\xb2G\x8b\x1ep`tO\
G\x90\x969\xb1\x8a\xc9\xd5%J\xe9\xc4\xbe]z\xe5\
\x1fni&#+\xa0\x96\xf6U\x89\xf8xo\xf5\x0b\
A\x14\x8e\x01(\xd4\x1c(H\xf9\xab\xdf\x22Ka\x22\
\x18u\xdf\xeao\xe1\xc3]=I\x9f\x0a\xdd\x88\xa7F\
u<\xe8\xce\xe0\xa2\xdf\xa8hqQ:\x9b\xc9\xc9\x00\
\x9au\xb0\xa2g\x8b>3\xd6\x0bs\x17\x00\xfa\xee\x0b\
\xd7\x82\xc0\x96u\xeb\xd3[6/\xa4\x8f\xfe\xbfG\xac\
w]\x83\xa8\xb7}\xaa\x06#\x90\x94\xa9\xb4\x96\xc0\x1d\
I\xb4o\xd28\xf1A\x8f\x8f\x18\x04dkh<\x8c\
\xe8\xd3\x92\xbf\x18\x83O\xc81\xf1\x85\x18\xe7\xb1\x1a\xe4\
s\xc5\x09\x02\x1a\xad&\x10M@\xb5\xf8\xfb+Y\x82\
|\xf3\x0e5\xea\xca\x83\xab0\x7fE\xd9\xbf\xf3\x90\x09\
\x07\x16ZM\x0e\xe1)\x18\xa4\xea\x01\xa0\xc0Eq?\
\xc7\xe9\x02'\xa2xN\xe8\xe08\xf13|\xd8\xaa\x03\
,\x00\xc3k\x03\x22*\x06\x06\x8e!Y\xd8e\x00\x00\
m\x81 \x07\x06r\xc4]\x03\xc4\xf1\x1a\xc0\x90\xc4\xf1\
 w=`_=M\xe0xh_3\xa0Z-i\
\x06\xd0\xac\x83\xd5`5\xa4q\xd0\xcca\x00\xe8\xd7\xbc\
\x0c\x02\xbf\xbakoz\xe8\xcf\xbf$\x8f\x9f\x96\xab\xbf\
\xfaCWi\x9aHR\xf03\x0d*\xa6\xc3\x00p\x13\
J\x0eD\xb3\xb6\x93\xc8\xb9}\xe2\x13feq\x8b\xe1\
\xc1\xc7I<k\xf2\xd5\x80[CJ\x92\xdd\x01\xe4p\
\x10p\xb7\xe0_\x07\xee\x93\xeb\xdau\xf1\xfd\x98H;\
\x89\xaa|b\x8f\xe7\xe1[\xb6\xe1\x85\x1a\xd0\xeb$n\
\xdd\x9d<w^\xbe\x81(\xf2&\x09\x8a\x0d\x16\xe5\x99\
\xd9\xe8\x0f\xf1I?\xe7K\x07v\xcb\xeb\xca\xd8\x94P\
\xd9\xe4\xe44\xa2\xdf}\xb2\xe6i\x05\xbc\xba\x19X!\
 \x89\xcb7\x98T\xb9\x08\xa0\xee(\x8e\x14\xa1\x0f0\
i\x8b\xf5L\xc4\x16\x07%\x9e\x22\xf0\xd8\x966\xc88\
\xe0\x82\xc2\xf1@I<\xa4)\x97d\x00\xcd:X\xa7\
\x9a\x9a\xcf]\x00\xf0S\x80\xacy\x11I=\x08\xecC\
\xc4\xbc\xea\xcc\xf9\xf4\x17\xcf<\x9bI\xa5@[0\xd1\
\x11m\x93\x99\xe3\x8c [3\x17\x84-:W\x00h\
\x9f\x14\x12&d\xe2\xa3lN\x96-#\xc45\x83\xc2\
\x1bWQ\xb3~\xb2\x1d\xbfp\x14\x7fd\xcc\xdf\x0b\xc0\
gK\xf8+\xc4M\xbd\xf99\xb1\x0c\x03Q\xed\x89\xc4\
Yta/\xb8\x13\xeb\xbb\x1f\xcfU\x8b\xa7\x06\xbbq\
\x9c\xc2\xab\xc4N \x10\xc4\xeb\x04j\x85\x1e[T\xc1\
m`\xbbVh\x0e$\xcd/\xeem\x9c\x95\x898>\
^\xc6\xc5X\xbe\xaf\x90I\xc6\x93\x0b\xf41\x81\xba\x80\
T\x08\x1d\xa8#\x85uE\xa8<\xc8R\xbf\x8b$\x19\
N}\x81\x81\x14q\x1c\xc8\xb7\x0eU\xca\x92>\xb9\xfb\
\xe2\xc1\x9d\x0c\x17\x03\x06\x83\x0b\xe8\x13\xc7HN\xd4U\
t\x94,\x83g)\xcc]\x00\xa0\xf2\x1c|\xedA\xcc\
n\x8bgr\xdf~}\xfb\xee\xf4\x85O~\xc6\xe0\x86\
\xa7#\xc5 f\x99L\xcd\x82\xf3\x936T\xb5&\x9f\
\xb2\xb5GId\xf8d7>\x0e\x11\x9d\xf84vS\
\xb6Z\x90\xb2\xf2E\xdaCN\x8d\xa8XxK\xce\xa4\
\x96\xf8H5_\x0eJ;284\xbf;\xa8o\x07\
v\x18\xf1\x0c*~\xee\xea2\xfd\xea\xb5\xd7k9\xb5\
\xe1\xbdz\x1e\x5c\xa9N\x9e{Y\x1e\xea\xe1{\x09\xca\
\xd4\x85\x94\x14E\xbd`\xf0\xaan\xebYsH\x9b\xef\
$\xce\xfd\xaf\xe0N\xcc\xdc\xac+1*\xf8W\xb5\x94\
\xaf\x15\x18(\x8b\xf4\x8c\x1e\x92\x99l\x0f\x0c\x04\xc6\xe0\
 d}\xbb\x06 \xf9_W\x8f\x92fJ\xd4\x93;\
/\x1e|\x9c\xfa<N\xc3x\xd0\x7f\x92\x98\xa1=\x06\
*\x0bc3\xc9\x9f\xcf\x00\x80+\xfb?go=\xd1\
\xe0\xe2\x1c\x85\xdd\x807\xfd\x9cz\xfa\xd9tR\x9e\xf7\
\x97\xfe\xf7\x0c\x07\x15\xa0\x13[\xcdc\xf6\x12z\x11+\
\x86\xa3\x01\x99\x08A\x12\x22\x87\xc8\x90\x03\xccN'l\
 (/>\xc3\xc0\xe8<\x0a\xac\xd2.\xfb'u\x93\
\xef\xeb#X\x0c|\xc0V\x02\x80\x04\x05\xf4\x93\xc1\x82\
\xfc\xb3$\xaeV\xfb\x16\xb6\xc8mP\xd9\x15\xe0\x14a\
\x9a=\xd4\xc2\xb3\xb4\x02Z\x0e|9X\xee\xf2\x9e\xdb\
\x8c\x87\x87\xf8\xe51\x92\xb9?\xb3\xcf\xe8/\xe3\xa1\x0c\
I\x0c\xe6(H\x15\x1f\x98p\xcd\xe4e\x9dD\xf8@\
QHD\x96\x0aQTF\x8842\x8b\xe8,_\xc1\
+\xf1I\x9f\xf0\x91i\x1e\xbc^\xc0k2r\xdaI\
\xc5D\xc5\xd9\x83\xc0|\x06\x00Y\xe9\x0a\x93\xd1\xda\xe6\
\xa9wm\xd8\x92\xfe\xec\xff~^\x09\xac\xf3\x0du\x00\
\xb0(nS\x87\xb5i\xbc\x16p(r\x8b\xa7\x12l\
\xe2\xa3\xa6M\xe3\x13\xb8f\xf5G\xc9\x06\x834\x83\xf2\
\xcfqAo\xb5&\xae4r\xc7\x82\x1d\xe8\xbf\x80=\
\xb5{t\x1d\x7f\x13\x80\xdf\xfc\xe3 \xe5u\x02^/\
\xe0\xf6\xb5\x9e\xc4zuT\x07\x0aZ\xfc\xcb6\x5c|\
\xd1&8\xbbmKZ\x17\xde\x82,\x1eT\xe7)\xa1\
\xf8\x8b\x22\x08D\x92\x0c5\x19WV\xcf\x13\xb7\x08\x0c\
D\xb3s\xa2.\x950\x01\xaa\x12\x95\x22\x00x]h\
4\x0a(\xe8R|\xfa\xf5\x82W6\xe2\x14\xc1v\x05\
\xdc\xcd\xcd\xba\x13X=\x01\x80V\x84\xd1\xef\xdd\xb4\x90\
\xbe\xf3\xf07\xb0J\x15\x03\x8a\xf6\x17\xa7\x98\xb9\xe9#\
8%;\xdb\xc0\xea\xc1\x86\x90%e\x05\xad\x14\x1c\xa7\
\x9c\xf2I8\xa9d\x00\x10\xc2\xc1\x81\xba\x05$\x82\x89\
\xde\x1e\xde\xc0K\x8e\xbf\xe9\x89\x83t\xef\xc2V9x\
\xe7\xe0$\xee \x9c\x92W\x93\xf7[FL\xdd\x8f\x06\
\x06\x14\xbc\x18\x92'jC|j\xe7B\x13\x00\xc4)\
J\xceQ c\xc3&z'0d<\xa5\xc3\x992\
\x04P\x12e\xbcNY\x04h]\x9b\x17\x82\x10\x18\xa8\
\x0b\xdb\xc2\x08\xa9\xe8G\xecJ'\x9e\x1an\xc1\xf50\
\x1eyW\x80\xc0;4\xcd}\x00\x90s_\xeb\x0dW\
\xa8[\xcf]L\x0f\xe1\x1d\xff\x13\x93\xf8\xc9\x9c\x95\x09\
\xcdYp\xa0c\x14\xa2\x9f\xe6u\xf5\x1f(d \x08\
/\xf0\xf49\x06\x8f\x0e$T\xe0\x5c\x09\x02\x94\x84*\
\xde\xef\x93\xfe\xe9\xfd\xc7\xd2}\xaf;\x9a[\x1b\x0bm\
\x0b\xf0\xf9~\x1e<\xbd\xe0\x97\x7f\xe4\xc2!V\xaej\
r\x97\x182V\x0f\xe3.\x04'\x97z\xb1\xe1\xbe\xb8\
q}Z\xe7?\xd0*.r.x\x0au\xba\xca'\
\xa7pY]c\x02\x19\x04\x0aZ\x14,P\x08D\xea\
DS\x08\x92\xd5\xe9\x7f\x07\xe5`\x84\x86T,>\x19\
\xa4.s\xca\xbb\x82\x19\x82\xcf\x5c\x06\x00\xda\x8d\x93\x9d\
[\x9a-XEN\xd9@9\xb6~K\xfa\xe6\x17\xbe\
<\xc1\xac\xea<:\xbce\xfe<a#\xabS\x88+\
\x85^\xa6\xb8\xf8\xd9\x9cM\xb7\xcb\xc4\x07\x1f\x1c\xdf\x09\
\x02h\xe8\x1a\xfc\xd2\xcc\xbf|\xf0=\xe9\xf6\x83\xfb\xa3\
\xf0\xb1\xdcc\x01\x9e\xc7\xf2\x91^\x1e<\x87\xe5\xae\x80\
\xa7\x09\xf4\xf5\xe4\xa4\xf8\xb7\xe2\xf7\x07wo~4\xbd\
\x84\xaf\x13\xe7\x89\x07\xc6\x13{v\xe0\x11;\xfc\xb8\x09\
\x13|\xd6\xb8\x11|>\xa19.r;\xa8\xf0_\xc4\
Z\xdby\xe0 \xd4\xbb\x80\x8c\xb2B\x96\x85\xba\xfc\x0b\
\xa1\x06\x03\x1bgT\xe1r\xed\x00\xd8V\x99\xe2\xa2Y\
\xe2\xca\xfa\xdc\x06\x00\xbe\x03\xbf\xb9\x10\x88+\xa1\xa8o\
\x7f\xee\xa7\xe98/\xfcu\x12\xe3s\x5c\x13\xe8,u\
\x0c\x1d!\xb7g2\x8f9R8\xc4\x87\xc040-\
j\xbc\x97ON|R\xd0\xf1!\x08l\xc0\x9b\x8a\xfe\
\xfe[\xde\x9c~\xe7\xad\xf7,\xef\x0d7Y\xaf\xbfy\
\x05\xb9\xba\x8d\x15\xfd\xea\x85\x05\xb9\x9d\xf8\x12\x02\xc1i\
\xdcVto\xd4,\xc2\x85\xe1}7\xde\x90\xfe\xcb\xd7\
\xbf\x99\xd1\xaf\xf0v\x19\xf8\x9aI\x07\x09\xe24\x1b\x13\
:\xcb\xc5\xcd\xcd\xca\x0d\x1ai\x88~\xb5\xa2\x04\x07\xad\
\xd7\x03\x03\xe9(\xdb\x19\xc8\xda\xb4%\x0a\xe5\xb6Dx\
\xd6q^\x0bs\x1b\x00\xf8\xe6\xd9\x0bxRZ.\xbc\
\xc0\xdeo\xbb\xb8.}\xebk\x8d\xd3[\x06\xa5\xadA\
#\x0ee\xce\xe4\xf6\xf7z\x06\xda\x8a/\xf8\x86(\xb3\
\xc3\x81:\xe5!\x92\xc1C\x04\xd3\xe7(#\x08lX\
\x7fE\xfa\xf5\xbb\xeeH\x7f\xef-w\xa7}\xf81\xcc\
1-\xdf\x02\xf41\xaf\x9f\xf0\x90\x87\x8c\x10\x08\xfc\x14\
\xc1=\x14[\xf9\xdb7\x5c\x9f\xfe\xfb7\x1f\x05H\xcf\
uO\xec\xd9\x96\xae@\x00`\xca\xc1\xde\xfc\xcb\xb9\x9a\
w\x00$\xe0\x04\xb5U\x5cH\xa4\xce\xe1c\x03\xc5\xea\
\x840\x09\xa9\x04\x06\xf2\x1aU\xa8+\x11\xe88\xe0B\
[\xfdo4\x10\x8e\xb9\xf9\x98\xdb\x00\xc0\x1d\x80\xa7=\
\x08\x06/?\xf1T\xf7\xc2\x9f\x13\xf4\xe6t\xb1\xcb\xc1\
T\x867\xc5\xe9\xa4\xa7\xa3\x81\x13\x9f\xb1\xee\x18\xd0(\
\x8c\x0e5^8\xfc\xe0\xae]\xe9\xd7\xeezcz\xff\
\x9d\xb7\xe3\xeb\xa9\x9b\x85c\xfcXy\x0b\xc8CF\xf8\
F\xe5\x1e\x1c\xbc\xba\xcd]\x01\x1f?\xbe\x18\xce\xa9\xf9\
X\xf2\x03\x08\x02_\xfa\xf6\xf7\xd2\xab\x18'\xaf\xe0\xca\
\xbf\xfc\xda\x0f\xdc\xd5\xec\x02Xq\xb7bzf_R\
g\xfa\x96\xff\xf8\xf0\x01!\xe3\x81\xa8\xf6\xae\x81cF\
\x92\xc8\xd21\xe3\xf5x:\xa1\x81\x86\x18\x1d7\xdb\xa0\
\xe3jHs\x1b\x00ho?\x97\xb9\xe9\x85\xc5\xf4\xec\
\xd3\xcf\x0c\xb4'\x1c\xc0I\xdc\xf2\xad\xad\xe4\xe6K:\
\x89\xce\x17\xdf\xe7\x0f\x9b\xf8>\x10\x80?\xb2wwz\
\xc7M7\xa6\x07\xdepK\xba\xf5\xc0~\x0e\x971]\
F\x0b\xf0Q\xe4\xfd\xdbx\xd8)\x02\xbe\xf0\xb5\xc8S\
\x04\x04\xe4\x07o\xbe)=\xfa\xdd\xe3\xe9\xf9]\x5c\xfd\
\xcf\xabVq\xb2\xc2\xbb\xbaP\xc3k\xfc\xf7U[*\
 \xcf~\xe7p\x01\x81\xd4\x01\x87\xff[\x81\x81\x08:\
\xbe\x08\x0c2\xc6\xd8*q\xa4\x11~6\x84\x22\xdb\xca\
\xed\x11?\xbfin\x03\x00M\xc6\x0bF\x87\xf0@\xd0\
\xa9\xc7\x9e\x1c`\xc10\xa9\x85\x9a\x1e\xa174s\x01\
\x9c\xf6r>\x9f\x01\xca\xc7\x1f\xbf\xb8\xfe\xea\xbd\xe9\xf6\
\xc3\x87\xd2\x1dG\x0e\xa5;\x8f\x5c\x9b\xf6\xe3\x02\xdf\x98\
\xe6\xc3\x02|w \x0f^,\xe4E\xc3\xad\xeb7\xa4\
7\x5c\xb5/}\xe9\xf8q<c \xb3\x8f\x9e\xcd\x93\
\x95Z\xcb\xdcd@\xef\x0b\x0cF\x94\x83C\x0e\x04&\
O\x96u\x10I\x15\xe3\x84\x02]VhK\xa9\xd9 \
\xdbb\xbb\xf8\x1b\x03\x00\xad\xbb\xbc\xc4\xed\xe0\xeb\x9e{\
!}\x15\xaf\x8a\x9a\x9a\xe8\x05q\x90\xe5d\x10\x98#\
RZ\xc0\xc3)\xbbx\xd1\x09\x13{\xff\xee\x1d\xe9\xda\
={\xd2\xa1\xab\xf6\xa4\xeb\xaf\xda\x9b\x8e\xe0\xf7\xed\xf9\
\xae\xfe1\xcd\xb7\x05x\x11p7N\xc1x\xfc\x8b\xf7\
\xbd'\xfd\xf5K/\xa5E^<\xc4-\xc0\xd3\xd8\x09\
\xf8\xaf\x08s\xf7\xb0\x11\x87N^\xf4I\xa2AO\xdf\
\x0c\xc7\x91\x92\x9f\xe5\x08\xf4\x12_\x88\xb4\x94c\x80\xd5\
7\xe1\x82p\xfe\xd1Rkp\x1f.l\xae\x86\xb4\xee\
G\x8b\x8b'\xa1h\xfc\xeeIUo^\x9d\x9d)y\
\xf4\x9c\xc2\x14\xec\xdcKI\xdb\xf3\xfb\xfe\xa7\xe0\xe83\
|\xaa\x0c\xcfz\x9f\x85\xb3_\xc1\x93w\x5c\x11\xce\x02\
\xa6\xd3\x1cw\x0b\xb0J\xac\xc7\xcb8xOt3\xee\
;o\xc3\xa4\xdf\x86\xf7\xcb-\xe0\x88\xd7\x15rc\x03\
\xf5$\xfd\x10]\xb3\xdc\x81\x85\x99d\x0e\xd4u&\x99\
\x03\xf5t\xb2\xc1\xb2\x07\xeaJ\xb9\x83e\xba\x12\x03\xf2\
\x99d\x0e\xd4u&\x99\x03tt\x92\xc1r\x07\xeaI\
\xb9\x03e.\xce\xf5)@4\xd0\x02\x22>\x8f\xa1i\
\xa0\x01\x86\x8a\x1b\xe9F\x0b\xacI\x0b\x8c{\xde5\xe9\
\xd6\xb1S\xa3\x05\x86Y`\x0c\x00\xc3\xec4R\x8d\x16\
X\x93\x16\x18\x03\xc0\x9at\xeb\xd8\xa9\xd1\x02\xc3,0\
\x06\x80av\x1a\xa9F\x0b\xacI\x0b\x8c\x01`M\xba\
u\xec\xd4h\x81a\x16\x18\x03\xc00;\x8dT\xa3\x05\
\xd6\xa4\x05\xc6\x00\xb0&\xdd:vj\xb4\xc00\x0b\x8c\
\x01`\x98\x9dF\xaa\xd1\x02k\xd2\x02c\x00X\x93n\
\x1d;5Z`\x98\x05\xc6\x000\xccN#\xd5h\x81\
5i\x811\x00\xacI\xb7\x8e\x9d\x1a-0\xcc\x02c\
\x00\x18f\xa7\x91j\xb4\xc0\x9a\xb4\xc0\xaa\xf82\xd0\x9a\
\xb4\xfc\x80N]\xff\x19\xfe\xf2Q=\xfd\xe1\x9dw\xa6\
\x07\xf7/\xedE\xa4\xc7\xbe\xf8\xc5\xf4\xf4\xd9\xb3U\xc1\
\xc7\xdf\xfd\xee*|\x08\xf0\x83\x0f?\x9c\x1ez\xe1\x85\
^\xd2G\xee\xbf?\xed\x9c\xf0\xa6\x9c\x7f\xf3\xe4\x93\xe9\
#\xdf\xff~\x87\xffc\xf7\xdc\x93\x8e\xed\xdd\xdb\x81O\
\x02P\xce\xbf\x86\xbc\x98\xd8\xf6\x97\x8f\x1d\x9b\xa8\x03\xe9\
?\xf0\xd5\xaf\xa6/N\xe8\xc7\xe3\x0f<0UFl\
w\x9e\xcb\xe3\x0e`\x9e\xbd3A\xb7GO\xf2[\xdc\
\xb3\xa7G\xc0\xd77\xf9g\x97\xd6p\x9c\xc0k\xb9&\
M~R~\xf2\xc7?n\x18*\xa5\xdf?z\xb4:\
\xb1\xfeC%(T\xd83\x88\xba\xfca\x85\xe7\xc3=\
\xf23#\x0a\xe4\x9d4\xf9I\xfb\x89\xe7\x9e\x8b,\xab\
\xba<\x06\x80U\xea\xbeO.q\x10N\x9b\xa4K5\
\xc7\xb4\xc9M\xb9\xd3&\x16Wh\x06\x812\x91o\x1a\
o\xe4\xf9\xe83\xcf\xc8D\x8e0\xca\xfe\xadC\x87\x22\
\xa8Z\xfe\xe3\x01v\x9dE\x97j#s\x04\x1c\x03\xc0\
\x1c9c\x16U\xb8\x8a/e%\x7f\xe8\xc5\x17gi\
f0mmR\x94\xdb\xfd!\xc1\x87\x93\xb4\xe4\xa3\x12\
Cw\x01\x5c\xc1k\xa7\x11\x7fp\xf3\xcdU\xb9e\x07\
\x87\xf4\xa3FS\xcaY-\xf51\x00\xac\x16OU\xf4\
\x9cu\x170d\x9b^if\x10\xa8\x0c,\x9c\xc4\xef\
(\xce\xdb\xd9\xfe4\x9d\xc9\xd7\xb7\x0b\xe0\xe9\xcb\xb4T\
[\xfd\x8f\xe0g\xcc\x87\xac\xfe\x94]Nn\xeaS^\
\x7f`?\x86\xec\x14\xa6\xe9:\x0f\xf81\x00\xcc\x83\x17\
\x96\xa8\xc3\xac\xd7\x01\x86l\xd3\x97\xa2\x0a\xe5rR\xc4\
\xc4\x0b\x94w\xec\xe8\xbeT\xb5\x9c`\x91\xc7\xcb\x0c\x00\
\x9c\xb4e\xfa\xe8\x0f'\xff$\x1cu\xa8\xad\xfe\x1f\xbe\
\xe1\x86RT\xb5\xceI]\xf6\xe3\x97\x0f\x1cXr?\
\xaa\x8d\xcc\x19p\x0c\x00s\xe6\x90Y\xd4)W\xddi\
\xbcCV\xd0i2j\xf8oVV\xe6;v\xeeL\
\x0fb\xf2\x94ih\x10\xfa\xfd\xca\xa4\xe5\xea>\xe9\xb4\
\xa7\xb6\xfa3\x08\x0d]\xfd\xab\xfd\x00?\x83@\x99\xd6\
\xca\x85\xc01\x00\x94\x9e]Eu\xaeVC\xce\xab\xbd\
KC'\x9f\xd3\x0f\xcdk\xdbzn\xff\xb9\x8a\x97+\
9u\xae\xd1\x97mq\xd2\xbe\xb1\xb2\x83\xf8\xc8SO\
\x95\xa4\xb9^\xdb!\xfcs\x9c\xfb\x0fM\xb5m=\xb7\
\xffG\xb6n\x95#\xcaa?j\xf4\x91f5\x94\xc7\
\x00\xb0\x1a\xbc\x14t,/\x90}i\xe0E=\xae\xfe\
\xe5\xf66\x88]r\xb1v[\x91\x13\xd7'~m\x17\
P[ik\x0a\xd4&o\xdf.\xa0\x06\xe7\xe4-\xcf\
\xdfk\xed\x10F\x9d\x9e>s\xa6\x85\xe6\xee\x81\x93\x9f\
\xa9\xb6\x0b\x18\xda\x8f\x96\xd09\xab\x8c\x01`\xce\x1c2\
M\x9d\xf2\xe1\x9f\xa1;\x80\x92\xce'\xe8\xb4\xf6\xa6\xe1\
K\xb9\xa4\x8f\x17\xffj\xd7\x01\x86\xec\x00(\xa7o\x02\
\xd7v\x015X\xedb\x22\xe5\xd6\xd2C\xcf?\xdf\x01\
\xbfc\xdf\xbe\x0c\xab\xf5c\xdc\x01d\xf3\x8c\x85\xcbe\
\x81\xdb\x8bm\xf1\xd0\x95\xbd\xdc\xfe\xc7I\xba\x1c\xdd\xff\
\xb8\xf2pO\x9c,\xb5vx\x1e?\xf4z\xc4\x87*\
\xcf\x05\x94\xab}Yg\x7fx\x0a1t\xf5'}m\
2\xc7~\xd4d\x1d\xc7\x8ea\xb5\xef\x02\xc6\x1d\x00\xbd\
\xbf\x8aR\xb9\x03\xa0\xea\xe5\xe4.\xbb\xc3\xad\x7f9\xe1\
j\x13\xb3\xe4\x9bV\xaf\xc9%\xcf;\xf0\x8bK\x9ej\
\xb7\x03\x89\xabM8\xe7\x899'^\xed\x22^\x5c\xf1\
c\xd9y\x87^\xf9'=\xfbQ\x9b\xc8q\xd2\xd7n\
\x07\x92wh?H;\x8fi\x0c\x00\xf3\xe8\x95\x09:\
q \x96\x17\xc7\xa6\xdd\x0e,\x03\x04\xf9w\xf2g\xb3\
\x96\x99J\xb9\x14\xc7\xc0R^\xa7\x88\x13\xc9\x9b\x1cz\
\x1a@\xfaIw\x04\xfaV\xffYNqj\x93\x98:\
\x0f\xe9G\x8d\xd7\xfb\xb8\x1a\xf21\x00\xac\x06/\x15:\
\xbe\xb7\xf8\x12Pm\x22F\x96r\xf5\xaf\xed\x22\x22\xfd\
\xd0r\xed\x9e\xfe\xb1\xb0\xfa\xbb\x9c\xdanc\x96\xd3\x00\
N\xe6\xbe]@\xb9\xfas\xd2\xd6\x02\x86\xebR\xcb\xab\
\xfd@\x00(\xd3\xb1pM\xc0q\xab\xfd4`\x0c\x00\
\xee\xc9U\x94\x97\x13\xaao+\xee]*\x03D\xc9\xef\
t\xb3\xe6\xa5\x5c\xf2\xd7d\xcb\x8e\x03\x13\xb3L\xb5\x0b\
\x88%\x8d\xd79\xa9\xcb\x15\xb9\xb6\xfa\xf7=D\xe4r\
jym\x15\x8f\x17\x00\x9d\x87\xd7\x04J\x1d\x88\xfbb\
\xe5\x02\xa2\xf3\xcc{>\x06\x80y\xf7PE\xbf\xda\x84\
\xea\x9bL\xe5EB\xae\xa6\xe5)D\xa5\x89\xa9\xa0\xda\
\xe4\xe7\xe4\xe8\x93]\xdbu\xd4&^_\xc3\xd4{\xda\
U}\xb6_\xdb)\xf4\xc9$\xbc\xa6\x03\xe5\xc4\x0b\x80\
\x91\xff}\x95\x87\x82j2\x22\xcf<\x97\xc7\x000\xcf\
\xde\x99\xa0[9\xa1\xfa\x9e\x07(\x03Cm\x85\x9e\xd0\
L/\xaa\xb6m\x8e\x17\xffJF>\x19X&\x06\xa7\
IO\xf6\x95\xf4\x9c\xdc\xb5\x15\xd8\xe9\x18 &\xe1\x9d\
.\xe6\xb5~\xd4\xaeY8O-\xc0\xf1\x02\x22O\x05\
Vc\x1a\x03\xc0j\xf4\x1at.o\x07r\xa2\xf3T\
\xa0L\xe5J\xbdR\x01\xa0\x0c,lw\xd2\xc4\xe9k\
w\x96\x8b\x81\x9c\xdc}\xbb\x80!;\x84\xd26\xac\xcf\
\x1a\x00\xfa\xfa\xb8Zw\x01\xcb\xbf\x14\x5c\xb3\xea\x08\xbb\
\xe4\x16\xe0\x0e\xe0\x0f\x1e\x7f\xbc\xd5\x0e\xbf\x1b\x10w\x06\
\xb5k\x03\x93V\xe9\x96\xb0\x09\x95\xbe\x95\x9b+\xe1\x09\
\x7f\x11G\xe5\xb7\xec9\x81\xcb \xc5\x89\xd37\xa9k\
*\x90\x96o\x0e*\xd3o\x1d>\x5c\x82\xa6\xd6\xa9o\
m\x07\x22\xfd\x98\xf0\xc8q_?f\xb9\xf58U\xb9\
\xcbD0\x06\x80\xcbd\xe8\x95n\x86\x83\x90\xdb\xd1x\
\x85\xffK\xd8\x05\xc4\x00P\xae\xfe\xc4\x91o\xb9\xa9\xb6\
\xfaS\xe6\xc7\xf0e\x9dY\x93_\xa3X\x09\xbdfm\
\xbb\xaf\x1f\xb5\xef\x14L\x93-A\x03;\xb0\xd7\xa2\x1f\
\xd3t\x9b\x84\x1fO\x01&Yg\xceq\xe5\xed\xc0r\
@\x97\xf5\xda\xf9\xebR\xbaX{\xfao)r\x9cg\
\xa5\xe5\xb9\xdci\xf9Jo\xdbW\xe37\x04\xc7\x000\
m\x94\xcc1\xbe<\xaf.\xef\xad\x97_\x17\xae}1\
g\xd6\xee\x95m\xcc\xca_\xa3/\x03U\x8df\xa5a\
\xec\x07W\xed\x95L\xb5\xeb\x09+)\xffR\xc8\x1a\x03\
\xc0\xa5\xb0\xeae\x92\xc9\x15\xbd\xdcr\xfadb\x1e\xcf\
\xb7y\x91\x8c\xc7r\xd3,\x17\xed\x86\xb6\xc5\x958\xea\
:\x94o9t+\xbd\xfaS\x97\xd7\xa2\x1f\xcb\xb1\x01\
y\xc7k\x00\xcb\xb5\xe0k\xcc\xcf\xf3\xfax\xee\xed\x8f\
\x05_\x8a\xd5\x9f]\xad\xad\x9a\xdc\x89|\xec\xee\xbb\xdb\
\x96\xa8\x5c\x04$\x01\x03\xc8\x87\xbe\xf1\x8d6-j<\
\x0d\x98\xf5\x1e~G\xc8\x0c\x80Z?x\x85\xff\xbf\xde\
{o\xaf\x94u\x01\xc3\xc9\xfe{_\xffz\x80h\x91\
\xa7\x01\xbf\xbd\x84\x0b\x92\x1dA\x97\x090\xee\x00.\x93\
\xa1/U3\xe5\xed@\xbf\xf0\xe7;\x01ow%\xce\
\xff\xb9J\xbb|\x97\xcb\xbc\xf6\xf8o\xc4\xc7ry\xda\
\xe2\xb8R_\x87_\x8a\x9c\xfd\xa8\xed\x00\xfan\xf1\xd5\
t\xe8\xa3]m\xa7\x01c\x00\xa8yw\x15\xc1\xe2U\
\x7fW\x9bo\xd0\x8dw\x07x\x9aP\xa3s\xfa\xa1y\
\xb9\xabp\xbe\xbeI\xed\xf8\x98\x8b.\x95\xa7\xe9.\xe7\
\xc4\xe9k\xab\xf6\xf8o\xd4=\x96\xd9\x8f\xdaKB\xfa\
dG\xdey*\x8f\x01`\x9e\xbc\xb1\x04]8\x10\xcb\
\xd5=\x9e\x12P\xe4J\xdc\xfb\xa7\x9c\xda*\xcd\xeb\x0a\
e\xfb\xa4\x9d\x94j\xabg\xdf\xaa<I\xceRq\xb5\
I\xca7\xff\xf4=\xfe\xdb\xd7\xcek\xdd\x8f>\xbdf\
\x81\x8f\x01`\x16k\xcd)my;\xb0|\xb8e\x96\
\x15zR\x17k\xdb\xff\xa5\xdcY\xe8\xdb\x8d\xd4\x02\xcc\
$}\x96\x8a\xab\xddv\xac\xad\xe6\xd3\xe4\xd7\xbe\x17@\
\x9eZ\x80\x99&\xeb\xb5\xc2\x8f\x01\xe0\xb5\xb2\xfc\x0a\xb6\
;m\x82O\xc3\x0fQ\xc5\x1f\xd8)ig]5\xc9\
\xcf]KM\xa7\xda\xc4,\xdb[n\xdd\x1f\xd8)\xe5\
,\xb5\x1f\xb5]\xc0jz\x1e`\x0c\x00\xe5HX\x85\
\xf5\xda\xed@\xef\x06q+r\xfb\xaf\xf2\xea/\xb6\xd1\
\xb7\x9a{\xfb}ym\xe2\x5c\x8e\xd3\x80\xda\xc5?\xea\
\xb8\x94\x1d\x00\xf9^\xab~\xb0\xed\x95Hc\x00X\x09\
+\xce\x81\x8c\xbe\x89X[i\x97\xa2n\xed\xfe\x7f_\
\x9bC\xe4\xf7\x9d:\xc4\x8b\x97C\xe4\xccJS\x0b\x00\
K\x9d\xfcl\xbb\x8f\xb7v\x9bqV]/\x07\xfd\xba\
\x1f-.\xf2q\xa8\xed\xd3\x1a;\xfd\xf2\xcb\xd3H\xda\
\xf8\x9e\xfb\xc0m\xa2\x94\xe2\xbd\xd5\x12\xb7\x9c\xfa`\xb9\
\x03\xf5\xa4.\x83e\xce\xa0\xf8L2\x07\xea:\x93\xcc\
\x19t\x9d\xc9\x06\x03u\x9dI\xe6\x0c\xba\xced\x83\x81\
\xba\xce$\xf3R\xe8:P\xcf\x19l\xba8\xee\x00f\
p\xd4H:Z`\xadY`\x0c\x00k\xcd\xa3c\x7f\
F\x0b\xcc`\x811\x00\xcc`\xac\x91t\xb4\xc0Z\xb3\
\xc0\x18\x00\xd6\x9aG\xc7\xfe\x8c\x16\x98\xc1\x02c\x00\x98\
\xc1X#\xe9h\x81\xb5f\x811\x00\xac5\x8f\x8e\xfd\
\x19-0\x83\x05\xc6\x000\x83\xb1F\xd2\xd1\x02k\xcd\
\x02c\x00Xk\x1e\x1d\xfb3Z`\x06\x0b\x0c~!\
\xc8\xc2\xc6\x8d3\x88\x1dIG\x0b\x8c\x16X\x0d\x16\x18\
w\x00\xab\xc1K\xa3\x8e\xa3\x05.\x91\x05\xc6\x00p\x89\
\x0c;\x8a\x1d-\xb0\x1a,0\x06\x80\xd5\xe0\xa5Q\xc7\
\xd1\x02\x97\xc8\x02c\x00\xb8D\x86\x1d\xc5\x8e\x16X\x0d\
\x16\x18\x03\xc0j\xf0\xd2\xa8\xe3h\x81Kd\x811\x00\
\x5c\x22\xc3\x8ebG\x0b\xac\x06\x0b\x8c\x01`5xi\
\xd4q\xb4\xc0%\xb2\x00\x03\xc0\xd4\x97\x81\x5c\xa2\xb6G\
\xb1\xa3\x05F\x0b\xbc\xb6\x16\xd8\xce\x07\x81\x9e\xc51\x06\
\x81\xd7\xd6\x11c\xeb\xa3\x05^\x0b\x0b,\xfe\x7f\x90\x83\
\xf3\xfb\xd6\xe0\x91\xf8\x00\x00\x00\x00IEND\xaeB\
`\x82\
\x00\x00\x14z\
\x89\
PNG\x0d\x0a\x1a\x0a\x00\x00\x00\x0dIHDR\x00\
\x00\x01\xa6\x00\x00\x00\xee\x08\x04\x00\x00\x00\xd8\x04k=\
\x00\x00\x00\x04gAMA\x00\x00\xb1\x8f\x0b\xfca\x05\
\x00\x00\x00 cHRM\x00\x00z&\x00\x00\x80\x84\
\x00\x00\xfa\x00\x00\x00\x80\xe8\x00\x00u0\x00\x00\xea`\
\x00\x00:\x98\x00\x00\x17p\x9c\xbaQ<\x00\x00\x00\x02\
bKGD\x00\xff\x87\x8f\xcc\xbf\x00\x00\x00\x09pH\
Ys\x00\x00\x1e\xc2\x00\x00\x1e\xc2\x01n\xd0u>\x00\
\x00\x00\x07tIME\x07\xe2\x05\x0b\x0a3\x0cx\xf3\
\xb4\x95\x00\x00\x13mIDATx\xda\xed\xdd{\x94\
\x14\xd5\x81\xc7\xf1o73\xe1\x95\x81Dy\x88F\x04\
\x97=\xb0\xe0\xf8\x22\xbe@\xc1\x88\x18\xc0\xa8\xa3\x22\x12\
\xa3\xc4Uv\x855\x12\x89\x1a]\x8fQ\xd4\x13\x0d\x89\
\xab\x1c\x5c\x14\xb2\xc0\x1a\x04c\x90\x08\xc4\xf0X\x09Q\
P|d\x05\x8d\xe3pPY\x89\xcfA@\x0c\x22\x03\
\xe3\x0c\xd3\xfb\x07C\xcd\xad\xa1\xa6g\xa6\xfbVW\xd7\
\xed\xdf\xe7\x1f\xee\xad\xae)n\xf5\xe9_\xf7\xad[U\
\xb7\x12\x04*\x1d\x95\x9a\xc8\x88T\x11\x22\xe2I\xd4\xb2\
2\xf1h\xf9\xf2&^=tQ\xe9\x90\xbai\x9c\x14\
u\xb3E\xf2UbCbr\xf9\xda\x80\xe5\xfe\xea\xc0\
\x0e\xd5\xd3S\xd7F\xddX\x91|\x97\x98\xd3v\xd2\xfa\
\xaaF\xcb\xcc\xca\xf1\xbd\xf7\xff\x91\xfeQ7S$\x16\
6\xb6\xf9\xde\x9b[\xcc\x05F\x98JK\xeb\x9e\xe5\x88\
\xa8[(\x12\x1b[\x93\xe7\x95\x977T\xbd0\x1d\xdf\
{\xffK\x8a\x92H\xablm3\xa8\xe1\xd7\xa9>L\
\x03;\xec\xfb_u\xf0DZmc\xbbS\x0e\x1e;\
%\x0f\xfcS=]Q\x12\xc9@\xff\xea\xe9\x07\x8b\x09\
\x80\xd2!uk\xa2n\x93H\x5c%\x87\x1e\x18(O\
\x02\xd4M\x8b\xba9\x22\xf1\x95z\xe8\xc0\xbfI(\x1d\
\xa5S\xb4\x22\x99K\x9d\x5c:\x0a \x09\xa9\x89Q7\
F$\xde\x0ed(1\xb0Ku\xa5\xae\xc1\x13\xc9F\
\xa2\xb6m\x8f\xf5;\x92\xd5\xc3\x14%\x91\xec\xa4\x8a\xaa\
\x87A\x92\xa1Q7D\xc4\x01C!\xa9\xf3K\x22\x16\
\xf4\x87$}\xa2n\x85\x88\x03\xfa@2\xd59\xeaV\
\x88\xc4_\xaa3$\xe9\x18u3D\x1c\xd0\x11\x92A\
\xf7\xda\x8aH+%\xbc\x0b]E$[\x0a\x93\x88%\
\x0a\x93\x88%\x0a\x93\x88%\x0a\x93\x88%\x0a\x93\x88%\
\x0a\x93\x88%\x0a\x93\x88%\x0a\x93\x88%\x0a\x93\x88%\
\x0a\x93\x88%\x0a\x93\x88%\x0a\x93\x88%\x0a\x93\x88%\
\x0a\x93\x88%\x0a\x93\x88%\x0a\x93\x88%\x0a\x93\x88%\
\x0a\x93\x88%\x0a\x93\x88%\x0a\x93\x88%\x0a\x93\x88%\
\x0a\x93\x88%\x0a\x93\x88%\x0a\x93\x88%\x0a\x93\x88%\
\x0a\x93\x88%\x0a\x93\x88%\x0a\x93\x88%\xce=\xcfv\
0\xa3\xe9\x16\xf8\xcaN\x96\xb1\xd2\xb7\xa47\xe3\xe9\x19\
\xf8}R\xc5\xcb\xcc\xa3\xd6X\xd2\x89\x09\x0c\x08|\xbb\
j\xa9`&_\x18K\x8a\x18\xc7\x19t\x08X\xb7\x8e\
\x0f\x98\xcd\x16\xdf\xb2\x11\x9c\xcfa\x81-\xde\xc6\x22\xd6\
\xf9\x96\x94r\x15G\x06>\xb8d7\xaby\xca\xb7\xa4\
;\xd7\xd1\x876\x01\xebV\xb3\x81\xd9\xec3\x96\xb4c\
<'\xd36`\xdd\xfdlf\x16\x9f\xfa\x96]\xc60\
J\x02\xd6M\xf1\x09\x8fSN\xa1J\x0cHE\xdd\x04\
\x9b\x063+\xed\xeb?c\xb1W\xee\xce\x92\xc0\x8f\xc4\
A\x8b\x98\xe2\x95\x8bx\x92~i\xd6\xdd\xc4X#z\
S\x18\x9df\xdd\xdd\x94\x19\x1f\xce\x8b\xb97m\x8b\xaf\
3\xe2\xd4\x97')N\xb3\xee\x0c\x1e\xf5\xca\x1dYB\
\x8f4\xeb\xbe\xc8\x04\xa36\x933\xd3\xac[I\x19{\
\xbc\xdaD\xaeO\xb3n\x0dcy\x9bBT\x91p\xac\
\x9b7\xba\x99\xd7\xc7\x18\xe5\x91i\xa3\x04\x17\x19\x1f\xdc\
\xd2\xb4Q\x82~\x94z\xe5b.J\xbbn\x09#\x9b\
hQs{T\x966J\xfem\x9d\x956Jp\xa6\
\xf1z\x8f\xb4Q\x82\x1e\x9c\xd5\xe2\x16\x17SF\xa1r\
\xac\x9b\xd7-\xfbM8\xa2\xf9g\xd8\x85\xdd%\x19\xcc\
h8\xa4\xa3\xea2\xc7~\x99j\x9by}\xa1Q^\
\xc1\xee\xb4\xeb.\xa5\xc6+\x97\xb3)\xed\xba\x9b\x8c#\
\x85\x1a\x96\xa6]w7+\x8c\xdaS\xa4\xb7\xc8(/\
1Z\xd4\xdc\xde\xad\xa52\xed\xba/\xb2\xd5+W\xf2\
b\xdau+y\xa1\x89\xff\xe5P5,\x01\x0et\xb8\
\x873\x9cY\x0c\xa6P8v\xcc\xf4S\xc6\xd5\x97>\
dg\xa3\xd74\x00qP.\x06 \x1ebx\xfd\xd2\
UL\xa6\x10T$\x1c\x0bS'\xe6\xd2\x0f\xd8\xc45\
\xbe\x8f\xb7\xe4\xda\x02N\xa8/\xfd\x95\x1fD\xdd\x98\x9c\
\xa8H8v\xcc\xf4\x05c)\x05\xca\x9b\xed\xf0\x89\xd8\
\xe6X\x98\xa0\x96\xd7\xa3n\x82\x14(\xc7\x06 D\xa2\
\xa30\x89X\xa20\x89X\xe2`\x98\x8a\x9b\xb9N@\
$\x1c\x8e\x85\xa9\x88)\xfc\x85\xbf0\xc5\xbd\x91\x15\xc9\
{\x8e\x85i\x1c\xa3)\xa6\x98\xd1\xde\xc9[\x91\x5cq\
,Lg\x04\x94Dr\xc3\xb10u\x08(\x89\xe4\x86\
ca\x92|\xb13\xa0\xe4:\x85IB\xb1,\xa0\xe4\
:\x0dzI(V\xd2\x9e1\xc0\xc2FW\xea\xbbL\
a\x92\x90,6\xa6\x08(\x0c\xea\xe6\x89X\xa20\x89\
X\xa20\x89X\xa20\x89X\xa2\x01\x08\x09IwF\
\x02+\x1a\xcd\x1f\xe12\xc7\xc2T\x17P\x92(\xf4\xe6\
\x09J\x80\xeb\xb8\xa2\xd1\x042\xeer\xac\x9b\xf7A@\
I\xa20\xbe~\xfe\xa2\x12\xc6G\xdd\x94\x9cq,L\
\xb3\xeb\xe7\xc2\xdb\xcd\xec\xa8\x9bR\xe0\x8e\xf1J=\xa3\
nJ\xce8\xd6\xcd\xdbBY\xc1\xf5\xd4\xf3S\xc3\xdc\
~\x8e}_\xa7\xe1X\x98\xe0S\x1e\x8b\xba\x09R\xa0\
\x0a\xe7kC$d\x0a\x93\x88%\x0a\x93\x88%\x0a\x93\
\x88%\xce\x0d@\x5c\x5c\x7f\x17M\xa1]\xfe/\xd1s\
,L#\xeb\x1fjY\xca\xde\x02\xba)M\xf2\x83c\
\xdd\xbcQ^\xe9\xfc\xa8\x9b\x22\x05\xc7\xb10\x1d\x16P\
\x12\xc9\x0d\xc7\xc2$\xf9\xa2*\xa0\xe4:\x85IB\xf1\
r@\xc9u\x0a\x93\x84b\x1e\x8b\xa8\xa1\x86E\xcc\x8b\
\xba)9\xe3\xd8h\x9e\xe4\x8bZ\xa6\xf0sh\xe6\xf9\
\xf0nQ\x98$4\x85\x14$P7O\xc4\x1a\x85I\
\xc4\x12\x85I\xc4\x12\x1d3IH\x8a(\x05\xca\xa9\x8d\
\xba!9\xdcc\x91\x10tb.\xfd\x80M\x5c\xc3\x17\
Q7&G\x1c\xeb\xe6m\x0b(I\x14&\xd0\x0f\x80\
~L\x88\xba)9\xe3X\x98\x16\x05\x94$\x0a\x03\x02\
J\xaes\xac\x9b\xb7\x8e\xeb\x18\x0d,b]\xd4M)\
pE\x01%\xd79\xb7\xa7\xeb\x14#\x89\x88c\xdd<\
\x91\xe8(L\x22\x96(L\x22\x96(L\x22\x9687\
\x00\xd1\x972`\x09oG\xdd\x10)8\x8e\x85\xa9\x94\
y\x14\x03c\x19Gy\xd4\x8d\x91\x02\xe3X7\xef*\
\x8a\x01(\xe6\xaa\xa8\x9b\x22\x05\xc7\xb1_\xa6#\x03J\
\x92\xad\x12\x86\xd3\x87#9\xbc\xc9\xef\xde\xfdl\xe3c\
\xde\xe5O\xec\x8b\xba\xb1\x11r,L\x89\x80\x92d\xe3\
Hnd\x18m[\xb8\xf6n\xfe\xc8,v\x80q\xad\
x\xe1\xdco\xebX7O\xec\xba\x94\xc5\x8cjq\x94\
\xa0\x84\xef\xf34g\x02\x15\xde\xb2\x8dQ\xefD\xce(\
L\xd2\xa4\xeb\xb9\x9b\x8e\xad\xfe\xab\xc3x\x94\xef3\x93\
M\x00lbf\xd4\xbb\x913\x8eu\xf3\xc4\x9e1L\
\xcc\xf0/\x13\xdc\xc6\xdf\x18\xab\x9b\x03E\x00J\xb9\xdd\
W\xaf\xa3\x92\xcfH5\xb1v\x92nt7\xeamx\
\x80Ky=\xea\x9d\xc81\x85I\x02\xb4g\xaa\xf1\xd1\
\xa8c\x01\xbfak3\x7f\xd3\x9b\x7f\xe1B\xaf\xd6\x99\
\xdb\x99\x14\xf5n\xe4\x98\x8e\x99$\xc0\xad\xf4\xf4\xcau\
\xdc\xc4\xd4f\xa3\x04[\xb8\x9d_\x18\xf5s8'\xea\
\xdd\xc81\x85I\x0eq6\xa3\x8d\xda\x0cV\xb5\xf8/\
\xe7\xb3\xd4\xa8\xddN\xfb\xa8w%\xa7\x14&i\xe4p\
\xee1j\x1b\xf8\xafV\xfd\xf5Tvz\xe5#\xb81\
\xea\x9d\xc9)\x85I\x1a\xb9\xd7x\xb6\xd5\x1e\xfe\x9d\xba\
V\xfd\xf5\x17\xfc\xca\xa8]\xc1\xb4\x02:,w,L\
\xbb\x03J\xd2\x1a\x973\xc4\xa8\xdd\xc7\xc7\xad\xde\xc23\
\xbc\xe2\x95\x13\x9c\xcb\x0f\xa3\xde\xa5\x9cq,L\xab\x03\
J\xd2r\xbd\xb8\xd9\xa8=\xeb;\x02j\xb9{\xa86\
jeQ\xefT\xce8\x16\xa6\xa7\x98\xc1v\xb63\x83\
\xa7\xa2nJ\x0c\x151\xd5\x182\xd8\xc6\x94\x0c\xb7\xf3\
\x01\xbf6j=\x0b\xe6\xa2\xe3\xc4\x80T\xf6\x1b\x11\x17\
$\xb9\xdfx\xacv\x8a\x7f\xcd\xe2\x99\x7fE<\xcd\xb1\
^\xad0fu\xadH8\xf6\xcb$\x99\x1a\xc8<\xdf\
\x13\xea\xe7g\xf5\xf8\xccZ\xee6\xae\x96\xe8\xc7\xef\xf9\
n\x01\x0cD\xe8\x97\xc9\x11=\x19\xc6\xe9\x1c\xc1\xe1$\
I\x91\xa2\x8eT\x8b\xff-\xa2\x07\x9d}[\xdb\xcc\x18\
\xbe\xca\xb2Ewq\x99\xaf^\xc5G\xecm\xd5\x16\xbe\
d;\x9by\x8e\xf7\xa3~s[\xa4\x22\xa109\xa0\
'?\xe6\xbb\x16\xb7\xf79WZ\xf8\x00\x17\xf3\x18'\
Xi\xcf\x9b<\xc8k\x16\xf7/\x1c\xea\xe69`\x04\
O[\x8dR\x15\x13\xad\xfc\x16\xd40)\x83\x81\xf5 \
\xc7\xf3\x18w\xc7\xa0\x9b\xe8\x5c\x98:2\x82\x11\x19\xdc\
\x85\x13WW\xf0\x00\xed,n\xefm\xae\xe2-K\xdb\
\xfa\x8c\xcb\xac\x9d\xa2\xb8\x949V\xf73\x0c\x8eu\xf3\
\xba3\x9f\x1e@%W\xf2i\xd4\x8d\xc9\x81\xc1<B\
\x1bk[\xdb\xcaB\xe6Z\xbf\xff\xe8B\xae\xa4\xbf\x95\
-\xfd\x0f7Yn\x9bM\xce\x1d3\xdd\xc9\x98\xfa\xd2\
B\xdf\x15fnj\xc7r\xba\x19\xf5\xfdl\xe1\x1d\xaa\
I\x02I\x12\xde\xbf\x09\x12i\xff\xade+\x95\xbc\xc6\
\xab\x84\xf5a\x18\xc0 \x8e\xe2(:\xb4\xea\xaf\xba\xd1\
\xa3\xd1\x92\x9f\xb18woo+U$\xf2\xbf#\xda\
*}\x02J\xee\x1a\xe7\x8b\xd2\x0a\xee\xe3\xf3\xa8\x9b\xd4\
\x84\x0acN\x88\xd68\x8c2~\xc4\xd7\xbc\xfa\x8fX\
\xee\xbb\xba\x22\xbf8v\xcc\xd4&\xa0\xe4\xaeK\x8d\xf2\
\xc3\xdc\x92\xb7Q\xca\xdcN\xe62\xc68\xe1\xdb\x9ds\
\xa3nR\x1a\x8e\x85\xa9\x90\xf4\xe5(\xaf\xfcF+o\
\x94\x88\x93\xcd\xdco\xd4\x86E\xdd\x9c4\x14\xa6\xd8\xea\
k\x94\x17\xb4\xf2F\x89xy\xc6\x18\xaa\xb7s\xe6*\
\x1c\x0aSl\x99\x13\x98dvD\x12\x1f\x0d\x83\xf5]\
\xf2xzQ\xc7\x06 \x0a\x89y\x01\xd0\x879\xfd\x9f\
;\xd0\x81\xf6|E\x15{r\xf4\x8b\xb8\xc5+\xb5\xa1\
$o/\x9aU\x98b\xcb\xfc\x86\x0e\xff\xfcF\x82\xbe\
|\x9b\x13\xe9EOc\x80\xbb\x86\x8fy\x9f\x0a^\xe3\
\xaf\xa1\x8e\xb2\xc5\xe3\xfc\x8d\xc2\x14[\xb9\xeb\xee\x1c\xc7\
\xf9\x8c\xa4K\xc0+\xc5\xf4\xa2\x17C\x81\xbd<\xcfr\
\xd6\xb2?\xea\xb7%B\x0a\x93\x03\xc2\xfc\xde>\x87k\
[t\xd0\xdf\x9e\x91\x8c\xa4\x92\xdf\xf0\xfbV^\x1b\xee\
\x0e\x0d@\xc4V\xc3/SXa:\x9e\xdf1\xbdU\
\xe3g=\xb8\x8d\x15\xc6T\x94\x85Ea\x8a\xadp\xc3\
\xd4\x9e),`@\x06\x7f\xd9\x85\xfb\x98\xcf\xd1\xa1\xed\
w\xfe\x1e?9\xd6\xcd\xab\x0e(\xb9*\xcc0\xf5\xe5\
\x01z\x07,O\xf1\x0e\x95\xec`\x07;)\xa1\x0b]\
\xe8J\xbf\x80\xab\xb9Od\x11w\xb3<\xea\xb7(\xc7\
\x1c\x0b\xd3\x06N\xf5J\xae\x0b/Lg\x07\xdc\xd6\xb1\
\x87u\xace\xad1\xc5\xe4Am9\x9d\xa1\x0c\xe1\x08\
\xdf\xd2\x8e\xfc\x92\xbe<d}_\xf5\xcb\x943\xb39\
\x8e3\x81\x17\x99\x1duSB\x17\xd6h\xde%\xdc\xd5\
\xe8\xca\xc6]\xcc\xe1\x89&\x1f\xb0Y\xcd\x1a\xd6\x00\xc3\
\xb9\xc1\x98D\x05\xe0Z\xbapg\x01\x8d\xef9\x16\xa6\
}L\xa8\xbf\x9f\xa9\x90\xd8\xfc\xae\xbe\x80\xbb}1\xad\
b>\xff\xdd\xa2)=W\xb1\x9a\x0b\xf97\xdf\xc4^\
\x17\x91\xe2\x0e\x0b\xad\xca\xdf\xab\x1eL\x0e\x0e@T\x16\
H\x94\xc2\xe8\xe6\x0d\xe6^\xdf\x07\xf7].az\x8b\
g\xc7\xadc\x09\x17\xb0\xc2\xb7\xac\x8c\xc9\x96\xf7;\x7f\
\xbby\x0e\x86\xa9P\xd8\x0f\xd3\xd1\xfc\x87\xaf\xab\xf2g\
\xae\xe0\xa3Vn\xa3\x9a[\x98\xe6\xbb\xc8\xe8ZFF\
\xf4\x0e\xe5\x9a\xc2\x14[\xb6\xc3T\xc4\xaf\xf8\xbaQ\x9f\
\xc9\xa4\x0cO\xbf\xcef\x12UF}J\xd6\x03\xe5\xea\
\xe6I\xa8l\x87i\x02\xc7\x19\xb5y\xfcg\x16\xdbz\
\x9e\x9f\x1a\xbfN\x1d\xb9\xcf\xe2~\xab\x9b\x97C=\x0e\
\x999\xc0Mv\xbf\xad\xbf\xc55F\xed%\x1e\xc8r\
{\xcf3\xdd\xa8\x9dT\x10WE8\x16\xa6v\xccd\
\x15\xab\x98\x99\xf7\xd3B\xd9d\xe3\xbb\xfa\x16c\xa6\x85\
\x0f\xb8\xd9\xc2\xad\x15\xb3}C\x11?\xc9\xea)\x82\xf1\
8\xcf\xe4X\x98\xc6s&\x00g2>\xea\xa6\x84\xce\
f7\xaf\x8f\xf1\xfc\xd9\x14?\xb1t\xc7\xd0\x1d\xc6\xb8\
j\x17\xdf\x8c\x15nr,L'\x07\x94\x5ce3L\
\xffllm9\x9b,\xb5\xb0\x9a\x19F\xed\x87YL\
r\xa3\x01\x88\x08\xb4\x0d(\xb9\xca^\x98J\x18\xe5\x95\
k\xb3\x1axh\xec\x0f\xbc\xe7\x95{pV\x8e\xde\x99\
\xa88\x16\xa6Bb/L\xc3)\xf6\xcaO[\xbd\x05\
\xbe\x8e\x87\x8d\xda\xf9\x19o'\x1e\x14\xa6\xd8\xb2\xd7\xf5\
\x19a\x94\xe7[n\xe5*c\x9a\xea\xb3\x1d\xef/(\
L\x0e\xc8\xee\x97\xa9\xc88\xbe\xfc\xd0\xe8\x96\xd9\xb2\xc6\
+\xb5\xb72Q\x97F\xf3\xc4:[\xdd\xbcR\xe34\
\xc2\x9a,\xb6\xd3\x94\xb5Fy`\xc8\xefI\xb4\x14\xa6\
\xd8\xb2\x15&\xf3n\xda0\xc2\xf4\x8aq\xa3\xe6q\x19\
nC\xe7\x99$T\xb6\xc2t\x8cQ~#\x84v\xee\
3\x86\xda\x8f\xc9b;\xf9Oa\x8a-[aj\xb8\
\x08uOH\xf3\x0am\xf3JGe8l\xa2\xf3L\
\x12*[\x1f\xb0ox\xa5\xed!\xb5t\x87W*\xb6\
\xf0LGu\xf3$D\xd9}\xbc\x1a\xe6g\xdd\x91\xc5\
V\xd21\xb7\xdb\xba\xc7\x9d\xc5\x8bca\xda\x1fPr\
\x95\xadn^\xc3\x05\xae-\xbd\xa3\xb6\xb5\xbe4\xca\x99\
\x9diR7/\x02\x9b\x03J\xae\xb2\x15\xa6\x86\x89R\
\x0e\x0f\xa9\xa5\xdf4\xcaU\x19o\xc5\xce\xde\x86\xc9\xb1\
0\xcd\xaa\xbfN\xb9\x92YQ7%t\xb6\xc2\xb4\xc7\
+u\xc9b+\xe9t5\xca\xd9\x87)\x7f96;\
\xd1\xa7\x94q\x16\xf0\x82\xf1\x11q\x95\xad05\x1c\xd1\
\x84\x15\xa6\x86\xedVe8^\x18\x8f\xf3L\x8e\x85\x09\
\xf6\xb02\xea&\xc4L\xc3S\xf9\xbe\xc6a\x01\x93L\
f\xaf\xe1\xce\xe7\xf7\xb3\xd8J\xfes\xac\x9bWHl\
\xfd2\xfd\xcd(\x9f\x1eB;\x0f\xe7\x1f\x03\xff\xaf\xcc\
\xf65\x9f)L\xb1e+Lo\x18\xe5\xb3Ch\xe7\
\x10\xa3\xa5od\xbe\x99\x18P\x98b\xcbV\x98\xde3\
\xbav\x83C\xf8@\x0c1\xca\xaf\x85\xfe\xaeDIa\
\x8a-{7\x07\xbe\xe4\x95:\xf3m\xcb\xadl\xc7`\
\xaf\xbc\x9dwr\xf0\xbeD\xc7\xb90M\xe49\x9ec\
b\xd4\xcd\xc8\x01{a2\x1f\xfdr\x9d\xe5V^i\
\x5c\xf3\xb0\xc2\xcaH\x5c\xfe\x8e\xe69\x16\xa6\xcb\xb8\x9e\
\xaet\xe5z.\x8b\xba)1\xf2\x12\x9f{\xe5\xd3\xac\
\x0eB\x94\xf8f\xe3[\x16\xf5\x8e\x86\xcc\xb1\xa1\xf1a\
^i\x12e^9\xc5'<N\xb9o\xcd\xc1\x8c\xa6\
[\xe06v\xb2\xac\xd1\xf0\xfa\xb1\x5cK\xcf\xc0\xef\x9d\
*^f\x1e\xb5\xc6\x92NL`@\xe0\xdbZK\x05\
3}\x93h\x151\x8e3\x02\xafV\xab\xe3\x03f\xb3\
\xc5\xb7l\x04\xe7s\x98Q\xefe\xec_vjy\xd2\
\xf8-\xff1\xafd\xb9\xbd\x06\xd7\xd0\xc9+\xbfNE\
\xc6\xdb\xd1y\xa6\x08\x94x\xa5o\xfa.b9\x91\xe1\
\x8c\xe5m\xaf>8\xed\x15\x12\xdf\xa1=\x8b\xbdZw\
\x16\x18\xdbm\xec\x0cz2\xc5\xab\x151\x97~M\xae\
;\x90S\x19kD\xef\x0eF7\xb9\xeeI\x9cC\x99\
1\x7f\xc2\xc5\xdc\xdb\xe4\xba\xd9\x7f\xbc\x16p\xb57I\
d)\x17\xf0L\xd6[\x048\x9a+\x8d\xda\x1c+\xdb\
\xccg\x8eu\xf3\x9aVl\xfcR\x91\xe6C|\xc0\x18\
\xa3<2M\x94\x00.2\xe6\xf6)M\x13%\x80~\
\x94\x1a-\xba(\xed\xba%\xbe\xa7G\x8cI\xb3f\xf6\
a\xfa;O\x18\xb5;\x9b\xd9\x8b\x96\xe9\xc0\xc3\xc6,\
\xaeo\xf1|\x16\xdb\xd2y\xa6\x08l\xcb~\x131d\
\xa3\xe33\xd3x\xef\xda\xf3\xb0\xafC\x99\x99\xa9\xf41\
Z\xf8\xf3\xbc\xda\xdbp8\x16\xa6EM\xbeR\xc3\x92\
\x16\xadw\xc0B\xa3\xbc\xa2\x99[\x13\x96R\xe3\x95\xcb\
\x9b\x99\x0du\x93q\xe4V\xc3\xd2\xb4\xeb\xee\xf6\xcd\xd5\
\xfdT\x9a5m|\xbc\xf6\xf2\x0b\xa3\xd6\x83iY\x1e\
\x01L\xe2;FmQ\xa3#V7%\x06\xe4o\xd0\
3\x124\xb0\x90\xed\x00Do\xc6\xe7\xe1\x00Do\xef\
\xe0\xfe\xff\x9a\xe90\xb6\xd4=\x5cb\xd46pc\x86\
W\xea%\xb9\x85\xab\x8c\xfa{\x5c\x9e\xe5\x0d\xf17s\
\xb5W.\xcd\xd3\xdf\xa6\x8a\x84sa*\x1c\xb3\xbc\xd3\
\xa1\x9b}\xc7\x83\x99k\xc7\xef\xf8\x07\xa3^\xc9\x0d\x19\
\xcc;\xde\x89\x07}\xc3\xeb\xfb\xb8\x22\xeb\x93\xb5f\x98\
2\x9d\xe1(l\x15\x09\xc7\xbay\x85\xc4\xfec8\xf7\
1\xc1w\xd4\xd9\x83\xc7\xb9\xa0\x95\xdb\xf8'\x9e\xf4E\
i?79~\xddC\x03\x85)\xb6\xc2x@t%\
\xd7\xb1\xcb\xa8\xb7\xe7~~\xdb\xe2\xd3\xb8=\xf9%\x0b\
\xe9i,Iq\x97\x95\xb9\xf84\x9a'\xa1\x0a#L\
\xf0.W7\x1a\x13-e6s8\xb5\x99\x07\xc2\x1c\
\xcb]\xfc\x81Q\xbe\x8f}\x0d\xb7\xf9\x86}\x5c\xe7\xd8\
I\xdbB\x12N\x98\xe0]~\xc0L\xdf\xb1\x13\x9c\xc6\
i\xecb\x1dkx\x85\xcf|\xaf\xb4\xe7$\x862\x94\
o\x1d\xb2\x9d/\xb9\x89u\xd6\xf75\x9f)Lr\x88\
J.\xe7v\xdf\xc8\x1e@gF1\x0a\xa8a\x07\xdb\
\xd9I\x09]\xe8\xda\xe4\xd4]\xe5\xdc\xc2GQ\xefH\
\x8e)L\xb1\x15\xd6/\x13\xc0>\xee\xe4En\xa5{\
\xc0k\xc5\xcd>\x82\xbb\x9a\xb9\xcc\xf2\x9d0(\x0c:\
f\x8a\xad0\xc3\x04\xf0,\xdfcv\xab\xcf\x0f\xa5X\
\xc5\x85\xcc(\xc0()L1\x16v\x98`/\xd3\x18\
\xce#->u\xfb\x15K)c2\x1f\x87\xb8\xd7\xf9\
|ZT\xdd\xbc\xd8\x0a?L\x00\x7f\xe7\x11~\xcd\x19\
\x8cbP\x9aI*\xf7\xb2\x81\x95\xfc)\xb49a\xe3\
Aa\x8a\xad\x86\x08\x85\xdd\xbd\xa8\xe5\x05^\x00\x8e\xe5\
\x04zq\x0c]\xe9@;\xbe\xa2\x8a]|\xc0\xfbT\
\xf0V\xc8\xdd\xba\x86\x8fi]\xc8\xfbj\xa7\x95\x123\
\x0dw\xc7\xf6\x22\x91\x93\xee\xcf{!<\xa4\xb3ez\
\x07\xecu\xfe\xd11Sl5\xcc\xc4\xda\x81c\xa3n\
L\xa8\x12\xf4\xf7\xcaa=\xf6\xc6\x06\x85)\xb6^7\
\xca7D\xdd\x98P\x8d\xa3\xb3W~#\xea\xc6\xa4\xa1\
0\xc5\xd6\x0b\xc6}T\xe726\xea\xe6\x84\xe6\x04&\
\x19\xb5?G\xdd\x9c4\x14\xa6\xd8\xda\xed\x9b\xa9\xe1\x0e\
\x1e2\x8e,\x5c\xd1\x95I\xcc3\x9e\xe9\xb4\x99W\xa3\
nR\x1a\xba\x9f)\xc6\xba\xb1\x9cv\xbe%_\xb2%\
\xaf\xc7\xbbZ\xe7\xa8C\x9e\xcbq}(\xcf\x83\xb7\xa3\
\x22\xa1\xd1\xbc\x18\xdb\xc6]L\xf5-\xf9\xba1a\x8b\
{~\x9b\xc7Q\x02u\xf3bn\x19\x0fG\xdd\x84\x9c\
y\xce7KE>R\x98bn\x16\xb7\x1a\x0f\xd2t\
U\x8a\xb9L\xca\xfb\xe7\x14+L\xb1\xb7\x8c\xf3Y\xec\
\xf4\x85\xa5\xaf2\x96\x07\xf3\xfa\xaa\xbc\x034\x00\xe1\x88\
N\x0c\xe1$\xba\xf1\x0dg\xbe\x1fS|\xc96\xde\xe6\
9>\x89\xba)-\xa2\xd9\x89D,\xd1\xecD\x22\xd6\
(L\x22\x96(L\x22\x96(L\x22\x96(L\x22\x96\
(L\x22\x96(L\x22\x96(L\x22\x96(L\x22\x96\
(L\x22\x96(L\x22\x96(L\x22\x96$cpe\
\xbbH\xfeKA\x92=Q\xb7B\xc4\x01{ \x99\xd8\
\x95\xfdvD\x0a]b\x17$\xd9\x1cu3D\x1c\xb0\
\x19\x92l\x8c\xba\x15\x22\x0e\xd8\x08\xc9<\x9f=I$\
\x1e\xd6@\xb2\xed\xea\x84\xcbsq\x88\xe4@\xa2\xb6\xed\
jH\xae\xdf\xc1\xca\xa8\x9b\x22\x12s+\xd7\xef\x80$\
$\x1e\x8d\xba%\x22\xf1v C\x09\x80\xe3\xd6\xa7N\
\x8e\xba9\x22q\x95\xd8\xf0\xd6@\xa8\xbf\x9c(19\
\xea\xe6\x88\xc4\xd7\xc1\xfc\xb4\x01\xd8\xf6~\xf7\xa3\xd1o\
\x93H\x06\x12s\xde\xaa\x9f\xf0\xbd\xfeB\xd7\xb6\x93t\
\xbeI$\x03\x1b\xdbz\xcfbK\x1c,\x1c\xdf{\xff\
K\x1c\x11u\xcbDbek\x9bAon9X\xf1\
n\xc1xsK\xf2<\xb6F\xdd6\x91\x18\xd9\x9a<\
\xaf!J\xbe\xfb\x99\xca\xcb\xdb\x0cRgO\xa4\x856\
\xb6\x19T^n.\xf0\xdd\x1c\xf8\xe6\x96v\xa7$\xe6\
D\xddF\x91\xfc\x97\x98\xd3\xee\x14\xf3W\x09\x8cc\xa6\
\x06\xa5CR\x0f\xe9\xbc\x93HS\x12\x1b\x12\x93\xcb\xd7\
\x06,\x0f^\xbdtTj\x22#Rz\xe2\xad\x88!\
Q\xcb\xca\xc4\xa3\xe5\xcb\x9bx\xb5\xe9?\x1c\xd8\xa5z\
\x18C\xe9O\x9fTg:\xa6[S\xc4a)\xf6$\
v\xb1\x99\x8d\xaci\xbbz\xfd\x8e\xa8\x9b#\x22\x22\xd2\
R\xff\x0f\xb2\x92\x17a\xb3\x93\x9a+\x00\x00\x00%t\
EXtdate:create\x002\
018-05-11T14:51:\
12-04:00\x15S\x87\xc6\x00\x00\x00%\
tEXtdate:modify\x00\
2018-05-11T14:51\
:12-04:00d\x0e?z\x00\x00\x00\
\x00IEND\xaeB`\x82\
\x00\x00\x05\x1f\
\x89\
PNG\x0d\x0a\x1a\x0a\x00\x00\x00\x0dIHDR\x00\
\x00\x008\x00\x00\x008\x08\x03\x00\x00\x00\x9fX\xcb,\
\x00\x00\x00\x04gAMA\x00\x00\xb1\x8f\x0b\xfca\x05\
\x00\x00\x00 cHRM\x00\x00z&\x00\x00\x80\x84\
\x00\x00\xfa\x00\x00\x00\x80\xe8\x00\x00u0\x00\x00\xea`\
\x00\x00:\x98\x00\x00\x17p\x9c\xbaQ<\x00\x00\x01\xb3\
PLTE\x00\x00\x00\x00\xb4\xfc\x00\xb5\xfb\x00\xb5\xfb\
\x00\xb4\xfb\x00\xb4\xfa\x00\xb5\xfa\x00\xb5\xff\x00\xb5\xfa\x00\
\xb6\xfa\x00\xb7\xfc\x00\xb5\xfb\x00\xb6\xfa\x00\xb4\xfb\x00\xb4\
\xfc\x00\xb4\xff\x00\xcc\xff\x00\xb6\xff\x00\xb5\xfb\x00\xb5\xfb\
\x00\xb5\xfb\x00\xbc\xff\x00\xb4\xff\x00\xb4\xfa\x00\xb6\xff\x00\
\xb5\xfc\x00\xb4\xfb\x00\xb4\xfb\x00\xb5\xfa\x00\xb5\xfb\x00\xb4\
\xfb\x00\xb7\xfb\x00\xb5\xff\x00\xb4\xfb\x00\xb5\xfb\x00\xb4\xff\
\x00\xb4\xfb\x00\xb5\xfc\x00\xb7\xff\x00\xb5\xfa\x00\xb4\xfb\x00\
\xb5\xfa\x00\xb5\xff\x00\xb5\xfa\x00\xb4\xfb\x00\xb5\xfb\x00\xb4\
\xfb\x00\xb4\xfb\x00\xb5\xfc\x00\xbf\xff\x00\xb5\xfc\x00\xff\xff\
\x00\xb5\xfb\x00\xbf\xff\x00\xb5\xfa\x00\xb5\xfb\x00\xbf\xff\x00\
\xff\xff\x00\xb4\xfc\x00\xb5\xfb\x00\xc4\xff\x00\xb6\xff\x00\xb5\
\xfb\x00\xb4\xfa\x00\xb4\xfa\x00\xb5\xfc\x00\xb5\xfc\x00\xb6\xfc\
\x00\xb5\xfb\x00\xb5\xfb\x00\xb4\xfb\x00\xb5\xfb\x00\xb5\xfb\x00\
\xb4\xfb\x00\xb6\xfb\x00\xb5\xfb\x00\xb5\xfb\x00\xb5\xfb\x00\xb4\
\xfb\x00\xb4\xfb\x00\xb5\xfb\x00\xc4\xff\x00\xb5\xfa\x00\xb5\xfc\
\x00\xb4\xfb\x00\xb5\xfc\x00\xb5\xfa\x00\xb4\xfa\x00\xb5\xfa\x00\
\xb6\xfa\x00\xb4\xfa\x00\xb5\xfa\x00\xb5\xfa\x00\xb6\xfa\x00\xb5\
\xfa\x00\xb5\xfb\x00\xb6\xfb\x00\xb4\xfb\x00\xb5\xfb\x00\xb6\xfb\
\x00\xb5\xfb\x00\xb5\xfb\x00\xb6\xfb\x00\xb5\xfb\x00\xb5\xfa\x00\
\xb4\xfb\x00\xb3\xff\x00\xc6\xff\x00\xb4\xfb\x00\xcc\xff\x00\xb6\
\xff\x00\xbd\xff\x00\xb4\xfa\x00\xb4\xfb\x00\xb9\xff\x00\xb5\xfb\
\x00\xb5\xfc\x00\xb7\xfc\x00\xb4\xfb\x00\xb4\xfb\x00\xb5\xfb\x00\
\xb7\xfc\x00\xb5\xfb\x00\xb4\xfa\x00\xb4\xfa\x00\xb8\xff\x00\xb5\
\xfa\x00\xb5\xfb\x00\xb6\xff\x00\xb6\xfc\x00\xb5\xfb\x00\xb5\xfb\
\x00\xb7\xfb\x00\xb4\xfa\x00\xb4\xfa\x00\xb7\xff\x00\xb5\xfb\x00\
\xbf\xff\x00\xb5\xfc\x00\xb4\xfb\x00\xb5\xfa\x00\xb4\xfa\x00\xb5\
\xfb\x00\xb4\xfa\xff\xff\xff\xc9\xc4-\xbc\x00\x00\x00\x8ft\
RNS\x00\x5c\xbd\xea\xf9\xd3\xa1&\xa6iX\xfb8\
\xbc\x96\x11\x051\xc4\xac\xe7\x13\x22\xe1\x07L\xae\xec4\
\xc1\xf2@0\xeb\xf7)\xe4Z \xdc\xfdh\x18\xd2w\
\xc8\x88:\x95\x0c\x97\x02\xb0\x04\xa2\xb3\x08\x01\x93\xc0\x0d\
\x15\x89\x9a\x99\x98\x94\x92\x91\x90\x8f\x8e\x8d\x8c\x8b\x8a\x87\
\x86\x85\xc3\xed'\x9f\xed\xedSgjklmno\
pqrstuvxyz|\xcb\xea%\x09\xb1\
\x0a\x1c\x1b\xd4\xaa(\xfeYJ\xf5\xf3E_\xe93\xde\
$\xcf\xbe\x0eb\xe3\xfaC\xcd\xa0'\xf8\x14d\xe8\xa9\
\xdd\xcb!\x0c\x92\xa4\x00\x00\x00\x01bKGD\x90x\
\x0a\x8e\x0c\x00\x00\x00\x09pHYs\x00\x00\x0b\x13\x00\
\x00\x0b\x13\x01\x00\x9a\x9c\x18\x00\x00\x00\x07tIME\
\x07\xe2\x05\x0b\x0a3\x0cx\xf3\xb4\x95\x00\x00\x01\xb9I\
DATH\xc7\xed\xd6\xd5S\x02Q\x14\x06\xf0\xabb\
\xa0\x08\x06*&\xb6\xd8\x8a\xa2bwaw`w\x8b\
\xdd\xdd\xf5\xfd\xcb^_\x14\x1d\xce\xbaw\xc7\xd1\x17\xbf\
\xa7=s\xceof9\xdc\xb9\xb3\x8c\xfd\xe7\x17\xe2\xe6\
\xee\x01\xd7Qyzy\xd3\xce\x07RQ\xa9)\xe7\x0b\
\xe9\xf8i\x08\xe8\x0fhuD/ 0\x08\x08&\x9a\
z \x84\xfe\x1d\xa1@\x18\xd1\xe2o#\xb59\xba\xfd\
\x87\xd0\x10\xaeS\x06#\x10\x19\xa5\x08F\x031F%\
06\x0e\x88\x0fW\xb2\x9c\x84D~N\x92\x94l5\
9\x050\xa5*\x80,-\x9dW\x192\xa1\x1e\xfa\x8f\
B\x97\xc9\x07\xb3\xe4\xc1\xec\x9cl\xa7*\x97\x9fy\x98\
\xf3\xe4\xc0/1\xe4\xf3Q\x1f\x8b8d\x96\x02>[\
X$\x0e\x99\xb5\x98\x0f\x97\x94\x12\xb0\xac\xbc\xa2\xb2\xca\
l\xd6\xe6T\x17\xd7\xd4\xd4\xd6\xd574465\xdb\
l\xe5Y-\xadmm\xed|\xba\xa3\xd35\xec\xc2w\
\xe9v\x0dm\xdf\xc2\x1e\xd7\xd0\xd2\xdb\x97\xaaV\xf7\x0f\
\x0c\x0e\x0e\x0d\xdb\xed#\xa3cc\xe3\x13\x93\x93S\x19\
\xd3\xd33\xb3s\xf3|zaQx9K\xcbok\
]\x11\xde\xaa\xeem5]\xef\x7f$\x0d\xad\xabV\xe7\
rm\xfd\xf3\xa1\xa3\xa1\x03\x0e\xa7j#\x0c\xd8\xb43\
9\xd0\x04\xd3G\xa1\x89\xe4\x97\xfe\x16\x93\x05\x9d;\xdb\
;\xc0\xee\x1e\x13\x86\xfb~\xc0\xc1!\x13\x86S\x9b\xc0\
\xd11\x13\x86\xa3\xfc\xe9$\x8d\x89C~m\x9c\x9e1\
\x05\xf0\xfcBk`J\xa0h\xfb\xf7\xe1%`\xa1]\
\x00pI\xb4<\x81@\x1a^\x01\xd7D\xeb\x06\xc8\xbc\
%z\x86=~\xe6k\x89\xe6\xf1\x9d\xf4\x15rpO\
\xbd\xcd\x83J\xca=\x1a\x19\x99\xd8\xa7gB\xdd\xbd\xd4\
K|\xca\xfc\xe7'\xf2\x0a\x9e\x02;\x1aR\x96b\x5c\
\x00\x00\x00%tEXtdate:cre\
ate\x002018-05-11T1\
4:51:12-04:00\x15S\x87\
\xc6\x00\x00\x00%tEXtdate:mo\
dify\x002018-05-11T\
14:51:12-04:00d\x0e\
?z\x00\x00\x00\x00IEND\xaeB`\x82\
\x00\x00\x0bD\
\x89\
PNG\x0d\x0a\x1a\x0a\x00\x00\x00\x0dIHDR\x00\
\x00\x00\xd0\x00\x00\x00\xd2\x08\x03\x00\x00\x00\x0c\xb2\xbeM\
\x00\x00\x00\x04gAMA\x00\x00\xb1\x8f\x0b\xfca\x05\
\x00\x00\x00 cHRM\x00\x00z&\x00\x00\x80\x84\
\x00\x00\xfa\x00\x00\x00\x80\xe8\x00\x00u0\x00\x00\xea`\
\x00\x00:\x98\x00\x00\x17p\x9c\xbaQ<\x00\x00\x02\xb2\
PLTE\x00\x00\x00\x00\xbf\xff\x00\xb5\xfc\x00\xb5\xfa\
\x00\xb4\xfa\x00\xb5\xfb\x00\xb4\xfb\x00\xb5\xfa\x00\xb4\xfb\x00\
\xb6\xfb\x00\xb5\xff\x00\xbf\xff\x00\xb5\xfa\x00\xb5\xfb\x00\xb5\
\xfb\x00\xb6\xfc\x00\xb8\xff\x00\xb5\xfb\x00\xb5\xfa\x00\xb4\xff\
\x00\xb4\xff\x00\xb5\xfa\x00\xb4\xfb\x00\xb7\xff\x00\xff\xff\x00\
\xb4\xfb\x00\xb5\xfa\x00\xb6\xfa\x00\xb4\xfb\x00\xcc\xff\x00\xb4\
\xfb\x00\xb5\xfa\x00\xb6\xfc\x00\xb9\xff\x00\xc4\xff\x00\xb4\xfb\
\x00\xb4\xfa\x00\xb4\xfb\x00\xb5\xfc\x00\xb5\xfc\x00\xcc\xff\x00\
\xb5\xfa\x00\xb5\xfc\x00\xb5\xfa\x00\xb5\xfa\x00\xb5\xfb\x00\xb4\
\xfc\x00\xb4\xfb\x00\xb7\xff\x00\xb6\xff\x00\xb5\xfb\x00\xff\xff\
\x00\xb6\xfa\x00\xb4\xfa\x00\xb4\xfa\x00\xb4\xfb\x00\xb5\xfb\x00\
\xbf\xff\x00\xb4\xfa\x00\xbc\xff\x00\xbb\xff\x00\xb5\xfb\x00\xb5\
\xfb\x00\xff\xff\x00\xb4\xfa\x00\xb6\xff\x00\xb5\xfc\x00\xb7\xfb\
\x00\xb5\xfb\x00\xb4\xfb\x00\xb5\xfb\x00\xb5\xfb\x00\xb4\xfc\x00\
\xb5\xfa\x00\xb4\xfb\x00\xb4\xfc\x00\xb5\xfb\x00\xb5\xfc\x00\xb5\
\xfb\x00\xb6\xfb\x00\xb7\xfb\x00\xb5\xfa\x00\xb4\xfb\x00\xb5\xfa\
\x00\xb6\xff\x00\xb4\xfb\x00\xb5\xfb\x00\xb6\xff\x00\xb9\xff\x00\
\xb4\xfa\x00\xb9\xff\x00\xb8\xff\x00\xb4\xfa\x00\xb5\xfb\x00\xb4\
\xfb\x00\xb5\xfa\x00\xb5\xff\x00\xb5\xfb\x00\xb4\xfa\x00\xbf\xff\
\x00\xb4\xfb\x00\xb9\xff\x00\xb4\xfb\x00\xb8\xff\x00\xb5\xfc\x00\
\xb8\xfb\x00\xb4\xfb\x00\xb5\xfb\x00\xb4\xfb\x00\xb6\xfc\x00\xb5\
\xfb\x00\xb6\xfc\x00\xb4\xfb\x00\xb4\xfa\x00\xb6\xfc\x00\xb4\xfb\
\x00\xb7\xfc\x00\xb6\xfb\x00\xb5\xfb\x00\xb5\xfc\x00\xb4\xfa\x00\
\xb5\xfa\x00\xb5\xfa\x00\xb5\xfb\x00\xb4\xfa\x00\xb4\xfb\x00\xb5\
\xfa\x00\xb4\xfc\x00\xb6\xfb\x00\xb5\xfc\x00\xb5\xfa\x00\xb4\xfb\
\x00\xb4\xfc\x00\xb5\xfa\x00\xb4\xfa\x00\xb5\xfa\x00\xb5\xfa\x00\
\xb4\xfa\x00\xb5\xfa\x00\xb5\xfa\x00\xb4\xfa\x00\xb4\xfa\x00\xb5\
\xfb\x00\xb5\xfb\x00\xb4\xfb\x00\xb5\xfb\x00\xb5\xfb\x00\xb6\xfb\
\x00\xb5\xfb\x00\xb4\xfb\x00\xb5\xfb\x00\xb4\xfb\x00\xb5\xfb\x00\
\xb5\xfb\x00\xb5\xfb\x00\xb6\xfb\x00\xb5\xfb\x00\xb4\xfb\x00\xb6\
\xfb\x00\xb5\xfb\x00\xb6\xfb\x00\xb5\xfa\x00\xb4\xfa\x00\xb4\xfa\
\x00\xb6\xfc\x00\xb5\xfc\x00\xb7\xfc\x00\xb6\xfc\x00\xb5\xfc\x00\
\xb4\xfc\x00\xb6\xfc\x00\xb5\xfc\x00\xb7\xfc\x00\xb5\xfc\x00\xb4\
\xfc\x00\xb7\xfc\x00\xb7\xfd\x00\xb5\xfb\x00\xb6\xfb\x00\xb6\xfc\
\x00\xb4\xfa\x00\xb5\xfb\x00\xb5\xfb\x00\xb5\xfb\x00\xb4\xfb\x00\
\xb3\xff\x00\xb6\xfa\x00\xb5\xfa\x00\xb5\xfa\x00\xb4\xfb\x00\xb4\
\xfb\x00\xb5\xfb\x00\xb4\xfb\x00\xb6\xfb\x00\xb5\xfb\x00\xb4\xfb\
\x00\xb6\xfd\x00\xb6\xff\x00\xb5\xfb\x00\xb8\xff\x00\xb5\xfa\x00\
\xb8\xff\x00\xb5\xfb\x00\xb4\xfb\x00\xb5\xfb\x00\xb4\xfb\x00\xb5\
\xfb\x00\xb4\xfb\x00\xba\xff\x00\xb4\xfa\x00\xba\xff\x00\xb8\xfa\
\x00\xb6\xff\x00\xb5\xfb\x00\xb5\xfb\x00\xb4\xfb\x00\xbf\xff\x00\
\xb5\xff\x00\xb5\xfb\x00\xb5\xfb\x00\xb5\xfb\x00\xb4\xfa\x00\xb5\
\xfb\x00\xbb\xff\x00\xb7\xfb\x00\xb5\xfa\x00\xb4\xff\x00\xb8\xff\
\x00\xb4\xfa\xff\xff\xffd\xe65\x14\x00\x00\x00\xe4tR\
NS\x00\x0cY\xa9\xd7\xf1\xf9\xe0\xbfs\x1f\x04k\xea\
\xfb\x92\x12\xbd\xdf)\x11\xd8\xee'\x03\xbb\xd5i\x82\x0a\
\xe8\xceT\x1d\x0dA\xa7\xf2V\x98\x05na\xa5\xd1\xac\
K\xef \x1c\xf0\x01p\xda\xe1\x8c\xc5\x10\xd0\x17\x1eu\
\xe3\x02\xa41\x97<\x8a\xf5HxUh\xfdcrL\
\xf7\x81@4\xec\xa1*\xe5\xaf\x07!\xdd\x0b\x19\xd4\xc7\
\xc9\xd2\x18\xbe\xdb\x08\xb1(\xeb2\x95=\xe4\x87\xf6I\
\xfaW~fetJ\x84>\x943\xa3\xdc\xc8\xd3\xbc\
\xa2\x93?dgw\x96o\xa0\x9f\x9e\x9d\x9c\x9b\x9a\x99\
\x91\x90\x8f\x8e\x8d\x8b\x89\x88\x86\x85\x83\x80\x7f}|{\
zyvqmjb`_^]\x5c[ZXS\
RQj\xeb\xc6P\xd5\xf8\xfe\xef\xfcal\xa6\xa8\xaa\
\xab\xad\xae\xb2\xe9\xfbl\x15\xcb+\xd6/\xe7\xc6\xb4\xf3\
E\xc2\x1a\xde%6\x0e\xf4\xb7\xc3\x14-\xc1\xca\xba\xcc\
\xb2\x0fC\xcf\x22$M\x99\x98\x0e\x00\x00\x00\x01bK\
GD\xe5Xe\x0b\xbf\x00\x00\x00\x09pHYs\x00\
\x00\x16%\x00\x00\x16%\x01IR$\xf0\x00\x00\x00\x07\
tIME\x07\xe2\x05\x0b\x0a3\x0cx\xf3\xb4\x95\x00\
\x00\x06\x8aIDATx\xda\xed\xdd\xe9_UE\x18\
\x07\xf0\x01S\xbc\x02\x82\xa9\x88\x82\xa9\xa4\x22\xb8\xe6\x85\
PKQ4\x055PP1-E1%1e\x09\
Q+\x8cM\xdcp\x05\x95E\x10T\xc4\xbd2\xcc2\
\x97\x16\x0d\xd7\xdc\x97\xf6\xe5\xfc!\xc99\xcf\xbc\xe8E\
r\xcf\xb9\xcc\xdc\xe7\xce\xe7\xf9\xbd\x9ey\x9e\xfb\x85{\
\xe13\xe7\xcc\x9c\xcb\x18\x85B\xa1P(\x14\x0a\x85B\
\xa1P(\x14\x0a\x85Bq\x9fxx\xb6{\xa1\xbd&\
%\x1d\xbc:\xda:\x09\xe6x\xfb\xf8\xca\xc1\xf0t\xf6\
\xf3\x17\xe9\xf1\xef\x22\x97\xd3\x92\x17\xbb\x8a\xf3t\xeb.\
\xdf\xa3i\x01=Dy\x02{\xba\xc2\xa3i\xbd<\x04\
\x81\x82\x5c\xe3\xd1\xb4`1\x9e\xde/\x19\xe5\xfb\xf4\xed\
'\xea=\xf0\xdf\x84\xbc\xdc\xdf\xe88\xc0_H\xfd\x81\
F\xf5\xd0Ar8z\xc2\x8c\x9e\xe1B\x8a\x0f\xd6k\
\x0f\x91\xe9a\xcc\xf8\xd8\x0e\x15R\xbb\x97^{\xa0T\
\x0f\x1b\xa67\xed.\xa4\xf6p\xbd\xf6\x08\xb9\xa0W\xf4\
\xa6#\x85\xd46\xde\xcer=B\xbb\x12\x08{W\x02\
a\xefJ \xec]\x09\x84\xbd+\x81\xb0w%\x10\xf6\
\xae\x04\xc2\xde\x95@\xd8\xbb\x12\x08{W\x02a\xefJ\
 \xec]\x1d)m\x8f\x88|5\xaa\xb7B \x9f\x96\
!\xa3F\xab\x03\xea\xa3\x8f\x19\xf3\x9a2\xa0!\xc6\xa0\
\xc8\xd7U\x01\x8d5\x06i\xe3\xda\xec6\xa2\x8bA\xd1\
\xe3A\xe4;A\x0d\x10\x8b\x8e\x01\xd1\xc8\x89j\x80\x18\
\x9b\x04\xa27&+\x02bS@\xd4!V\x11\x10\x8b\
\x9bj\x0c\x9d:M\x11\x10\xf3\xec\x0c\xbf\xa4\xe9\x8a\x80\
\xd8\x9b\xf1 JP\x04\xc4f\x0c\x00\x91\x9f]\x0d\x10\
\x9b\x99\x08\xa2\xa4@5@l\xd6l\x10\xcdIV\x03\
\xc4\xe6\xbe\x05\xa2\x9e\xf3\xd4\x00\xb1\xf9o\x83\xe8\x9dn\
j\x80\x98\xff\x02\x10-LQ\x03\xc4<\x16\x81h\xb1\
\xf5\xad\xa3\xa8@,u\x09_N\xbc\xab\x06\x88y\xf3\
\xe5\xc4\xd2ej\x80\x98=\x0dD\xed\xdfC\x07Z\xde\
Ry\xb9\xe9i\xe9 Z\xf1>6PpKe\x0b\
\xdb?\xf9\xb2|\xe5*d \xef\x8c\xc5\x8b3\xbc-\
L\xcc\xe4\xcb\x89,\x5c \xebY\xb5\x12~I\xd9\x8a\
\x80\xd8\x07+@\x94\xa3\x08\x88\xad\xe6\xe7?r\xcd.\
'\x90\x82\xd8\x9a\xa5 Zk\xf2S\x88\x15\xc4\xba.\
\x07\xd1\x12s\xcb\x09\xb4 6b\x1d\x88\xba\x98:\xca\
\x80\x17\xc4R\x16\x82h\x81\xbf\x1a \xd6\xedC\x10}\
4_\x0d\x10\xf3\xf8\x18D\xeb\xe6\xaa\x01b\xc9s@\
4{\x96\x1a \xe6\x9d\x07\xa2\xc4\x99j\x80\x98}=\
\x88\x06|\xa2\x06\x88\xb1\x1c\x10\xc5\x0fS\x04\xc4l|\
9\xe1\xa9\x08\x88\xe5\xf3\xe5D\x81\x22 \x16\xcb\x97\x13\
\x85\x8a\x80\xd8d\xbe\x9cHW\x04\xc4&\x8e\x04QQ\
\xb4\x1a 6\x81\x9f)\x1f\xdc\xcar\xc22(\xb98\
)/i\xc3\x86\x92\x8d\x9b6m\xde\xb2ukih\
LLQZn\xeez\xbfm\xdb\xb6\xef\xd8\xb9sW\
\xd4\xee\xdd\x93\xca\xca\xcb\xd3\xf7\xec\xdd\x9b\xb3/88\
\xa1\xa2\xb22\xa3\xaa\xbaz\x7fMm\xed\x94\xc2\x03\x07\
\xc6f\xdbl\xd3\xeb\x22\x22\x8a\xc3\xea\xeb\xeb}\x0e\x1e\
\x0c\x8a+(\xc8\xcc\xca\xcf\x9fv(<\xfcp\xc3\x91\
#\x8dG\x8f\x1d;\xeey\xe2\xc4\xaa\x81\xb1\xb1}O\
\x9e:u\xfa\xd3\xcf@\xf4y\xaa\x10P\xe0(\xcdU\
\x89\x0f\x11\x01:\xe32\x8f\xa6}!\x02T\xecBP\
\x93\x08\xd0\x9a\xb3\xae\x03})\x02\xc4j\xcf\xb9\xcas\
\xf6+! \xd6\xefL\xe3\x91\x86\x86\xc3\xe1\x87\x0eM\
\xcb\xcf\xca\xca,\x88\x8b\x0b:\xe8\xe3\xf3u}XX\
qD]\xddt[v\xf6\xd8\x03\x85\x85Sjkj\
\xf6WWUUWVT$\x04\xef\xdb\x97\xb3w\xcf\
\x9e\xf4\xf2\xb2\xb2I\xbb\xa3\xa2v\xed\xdc\xb1c\xfb6\
?\xbf\xf5\xb9iiE1\xa1\xa1\xa5[\xb7l\xd9\xbc\
i\xe3\xc6\x92\x0dIIyk\xc7\x8f\x1f|\xbe\x7f\xff\
o\xda]\xb8pq\xe8\xa5K\x97\xbf\xfd\x0e<\xdf\xff\
\xf0\xdc\x97e\x1d$7W\xae\x82g\xdc\x8f\xcf\x1f\xe8\
&\xa0\xb9\x91\xe0in\xed\xd9\x0c\xee\x01\xbav\x1d<\
7\xfc[\x1b\xea\x16\xa0\x19\xfc\xc2\xf0\xcd\xd67\x10\xbb\
\x03\xa8o\x13xJ\x1c\xb8,\xec\x06\xa0 X\xdfi\
e\x8e\x8c\xc6\x0f\xaa\xe0\xff~\x22\x1c\x1a\x8e\x1d\x14X\
\x0a\x1e\xc7\xae(\xa0\x07\xa5\xf2+\x8d\xb7n;8\x03\
7h\xf4O\xe0\xf1u\xf4:#n\xd0\x1d~\xff\xe1\
\xee=\x87\xe7`\x06\xf5\xf0\x02\xcf\x98\x14\xc7'!\x06\
\xdd\xe7w%;>01\x0b/h\xf2C\xf0\x5c4\
uO\x12-\xa8\x91_\x5cLk\xed\xc2\x95{\x80l\
|E\x5cir\x22N\x90=\x0a8\xe72\xcdN\x15\
\x0a\xba\xd2\xd0p\xc5\xca\xbcAk\xc1\x13\x7f\xc6\xf4\x5c\
\x91\xa0e\x89\x9a\x96ha#\xdf\xbcG\xe0\x19na\
\xcf\x9cH\xd0\xe3\x96\xd2\x8fMO{\xc2\xf7\xd2\xce~\
j\xa1\xa9H\x90\xbe\x8ci2;\xab\x13\x7f\xf4fw\
K;iE\x82,\xd5~\xcaw\xd8/x\x22\xaf\xa9\
\xc0\xda\xab\x87\x83\xe7\x91\xc5\xfd\xf5\xc8@\xa7\xf9\xb9\x9b\
<\xab\x8fv\xc4\x05\xca\xe4\x97c\xa3,\x9f\xbaA\x05\
\xaa\xe2\xabm\x9b\xc4\xa6\xe2jG\x17\xf1\xd5\xf6Qy\
M\x05\xd6N\x1e\x0a\x9e\x87N\x9d\xffD\x03z\xd0\x11\
<K\xef\xcbk*\xb0v\xca\x18\xf0x9y*\x1c\
\x09\xe8\xde]\xf0,\xbc#\xaf\xa9\xc0\xda3\xf9M\xfb\
\x9f\x9d~V\x04\x0a\xd0\xed[\xe0\xb9\x9c\xea\xc0h\xfc\
 O\xbe\xda.u\xf2\xc8'\x12P\x04_m;\x7f\
\xcc\x18\x05\xa8\x1c8S\x83$6\x15W\xdb\xbb\x04<\
M'\xe55\x15X{\xd0M\xf0\xb4\x9f!\xaf\xa9\xc8\
\xda\x09\xe0\xb9~MbS\x91\xb5\x8d\xc7\xc0k\x91\x8e\
o4G\x0e\xfaE\x1fr\xd5\xd2\xc5.\x94\xa0\xc6\x96\
\x11\xbf\xb6\xe57i\xb8\xfa\xaf\xdc\xb1Q\xbf\x15\xb6\xe9\
\x17)\xb8\x1a\xe4VM\x09\x84\xbd)\x81\xb07%\x10\
\xf6\xa6\x04\xc2\xde\x94@\xd8\x9b\x12\x08{S\x02ao\
J \xecM\x09\x84\xbd)\x81\xb07U\x14\xe4\xec\x83\
K\xcd\xc5.\x12\x14\xa0\xd7n\xbb\xab\xbc\x8ed\x84\xde\
3@L\xf1f\xbd\xf8i\xa9 \xe3|m\xb3\x98\xe2\
\xc67\xcc\xde\x90\xf9\x9e\xb3\xeb\x9b\x0e\xb5\xf3b\xaa\x1f\
7\xde\xcf\x19\x12A\xf0\xecng\xf6\xd6<'!\xf0\
\xfc\xdf\xdfo\xff!E\x13\xf2'\xec\xae\x090\xb3\x15\
\xdfL\x0a5\xd7\xa4F\xd4\x8f,\xf9\xaa\xf3/\xceB\
\xfer~\xb7\xc3\xff\xa5\xd3u\xe7_\x9e\xe9\xf8\xfe-\
\xcc\xf3\xec\xdfB\xb3tO\xe4?\x02=\xcf>\xa8\xe5\
M\xce\xbfF\x13Y\xb9K\xf8\x1f\xa0;a=\xef\xca\
Au\xf0ZT'\xe9[\xef)\x14\x0a\x85B\xa1P\
(\x14\x0a\x85B\xa1P(\x14\x8a\x85\xfc\x0b\x22\x90:\
\xcezf\xdak\x00\x00\x00%tEXtdat\
e:create\x002018-05\
-11T14:51:12-04:\
00\x15S\x87\xc6\x00\x00\x00%tEXtda\
te:modify\x002018-0\
5-11T14:51:12-04\
:00d\x0e?z\x00\x00\x00\x00IEND\xae\
B`\x82\
\x00\x00\x04\xca\
\x89\
PNG\x0d\x0a\x1a\x0a\x00\x00\x00\x0dIHDR\x00\
\x00\x00D\x00\x00\x00C\x08\x04\x00\x00\x00\x8f\x1fk\x81\
\x00\x00\x00\x04gAMA\x00\x00\xb1\x8f\x0b\xfca\x05\
\x00\x00\x00\x02bKGD\x00\xff\x87\x8f\xcc\xbf\x00\x00\
\x00\x09pHYs\x00\x00\x0b\x13\x00\x00\x0b\x13\x01\x00\
\x9a\x9c\x18\x00\x00\x00\x07tIME\x07\xe1\x05\x12\x01\
\x170\x01\xa4\xac\xee\x00\x00\x03\xe9IDATh\xde\
\xed\x98\xcdk\x5cU\x18\xc6\x9f\xe7\xbd\xf3\x99\xa4i\xa4\
5\x85.\xfc(\x22ve\x89\x82\x1f\xa8$\x98.\xfc\
h\x17\x82\xc1\xbd\xb8r\xd5\x95\x0b\x11+\xfe\x05.\x04\
\xc5\x95\x0b7*\x0a\x0a\xa2\xa8IcD\x10\xb4\xed\xb2\
\x88k!\x15\xa36\xc9L2\x99\xf3>.\xce\x9d\xc9\
\xdc\xc9L\x93\xb63\xde.\xe6\x19\xb8s\xee{\xcf\xbd\
\xf3;\xcfy\xcf;\xf7^`\xa4\x91F\x1ai\xa4\xc1\
\x8a{C\xdf\x1e\xa9\xdc\xe3\x87IwI*\xf9\x8e\x12\
\xb9K\xe6R\xe2\xa1V\xbd\xfa\xc8_\xc3\x07\xe1\xe2S\
\xc9\xab|Le\x00\x10(\x00\xa0\x04\x80\x02\x04\xd6\xf5\
\x8b}\xd0\x5c\x9ak\x0e\x16\xa4\x90\xdd]\x9cI\xde\xe6\
\x93-\xbe]Jv|\xf3^\xdd\x8d\xd7\xf1\xdd`A\
,\xbb\x9b\x9c\xc1\xa3\x80\x84\x0d\xadk\x03\x1b\xda\xd4\xa6\
j\xaa\xa9\xae:\xb6\xb0\xa5m\x00\xc0\xc3\xc9KK\x13\
Ct\xe4\x9bq<\xc4\xa2\x84\x8bx\x97[\xa4\x93\x04\
eH[\xa0W\xed\x0cO\xc3\xfc\x94\x1f\xc1\xc6\xd0@\
JET\x00\xba\xff\xbe\xfa\xd1B\xa3W\xf7\xa5\x82\xaa\
<\x0d\xd8$J\x83u\xc4z\x06\xfb&\xe2\x05\xe7\xbf\
\x00\xa0jwv\x0d\x05\xa4\xbf\xder\xd5%\x00\x15+\
\x0e\x16\xa4\xe7\xb8\xc4\xeb\x9cQG\x13EV|~y\
\x0a I \x90\x04\xc8\xc0\x02\x02\x01\x12H\xf3\x0a\x00\
H\x02\xe9\x1e\x0bh\x0a\xff4\x7f\x9b_=\x00\xc8\xf5\
\xc4U\xfc\x8diL\xf0\x0d\xd4\x10\x8b\x0b\x0c\x22\x01\x18\
\x1d\x04\xd3\x81Xf\xd5'\xe9\x00\x1d\x04\x1b\xa5\x9f\x96\
\xde\x9b\xfd>V\xa9\x9b\x04\xd9\xbc<\xf1\x99^a\xc2\
)Lu\xe0ul{\x96\xeb\xae^z\xc1\x8e\xaf\xac\
\xe3\xe7[\x00y\xf6\xda\xd2;&\xcd\xeb(\x0b\x00\xda\
c\x8a\xa3S\xbb\xd5\xda\xdb\xed\xd1n\x11S$f\xf0\
\xdc-\x81\x00sW~|\xady\x9f\x9f\xb0\xc3\xa4d\
\x0a0A.\xc0D\x05\x98$\xc4\x18L\xa6\x00\xc8\x04\
HR\xa2\x00\x8e\xd99\x9fa\x19\x0f~1v\xb6\xd6\
\x07\xa4s\xd6\xfa\xeb\x89u\x5c\xc2\xa5\x1b\x1fB\xd4\xc7\
\xa5\xe9\xe7\xed\x14\x12T\x8fw\xac\xbc\x1b\x5c\xbe\x03R\
\x00\x00q\xbd#\x99\xf2\x01\xe9\xa1|@b\x02\xb0\xb0\
\xaf#<\xc8\xd5n^\xbd21\x03\xd2<P\xaa\x0e\
\x0a$[\xbfs\x98\x9a\x13\x8aSc\xd8\xcc=YS\
Gj\xb9\x83\xa4:\xd4\xd1\xee\x02\x11\xf6\xf9\xef\x1d\x8c\
!\xe9\xaa\xe9\x8c\xf5td\xe8(\xf1\xd9\x00\xfb/\xdf\
\x1c\x94\x0b\x88\xb47\x05\xf2\xac\xacH\xf2\x9e\x9a\xdb\xa4\
\xa0\xb5\x1c\xc9\xfetN9\x12\x1d\xa9\xe7=5\xbd\x94\
\x019\xa4\xf4\xe9\x7f\xe8\x96\x00\x00\xb8o\xb2\x0e\xbb\xa0\
Q{o\x04r\xbd1\x1a\xcf\x1b\xa4\xe5\xc7V\xde\xc9\
\xea\xd1\x96\xfeud-\xed2\x5c\xba_\xdbu\xc4\xf2\
vd\xdf{\xd6\xffMiA\xdb\xce\xdb\x91T\x1c\xbb\
=\x1c\xc9*\xf3\xec;\xa9\x10\xb3u\xe2\xae\xca\xfb\xba\
\xbf\xe7\xc3\xc5\xac>\xe9\x11}1\xed{>\x13=\xdf\
u\x858\x13w\xd0\x99\xa0\xbb~g@\xfe\xa8M\xaf\
B \x9en|z\xb2\x81 G\xfc\x04\xba\x9cA.\
_\x09\xc7\x5c\xce\x18Ic\xf2\x95 \x973\xcc9\x9d\
\xc1]n\x8e\xb0\xec\xf1<wy!\xb8\xff\xe0\x0c\xee\
\xa8\xe0$\x0c@\xc3w\xfa\x80,\x84\x0b\x8bx\x86\xd3\
*c\x1e\xa0\xd8*\x81\x02b\xdb\x040\xbej\x11 \
\x08\x14S\xaf\xd9n[\x87\x13T:\xff\x22\xd4\x9a\x93\
\x0a\x0cM\xbfxu\xad\x0f\x08\x90|\xa9\x07\xf42\x8e\
\x22\xbeW\xcd\xd8\x97\xb5\xf2 G\xfa\x9f\x01\xd7e~\
\xbe\x10\xfa]\x03\xc0W\x93\xd5\xb36\xc7c(\x80 \
\x19\xcc(\xca\xe2\x0b_X\x8c\xcaRT\xca@t\x1c\
k\xf7 \x8c\xd4\x9e# \xc8\xba\x96\xfd\xc3\xb9\xaf\xfb\
b\xb6\xf4\xa6\xcd\xda\x9d\xf6\xa7\x95\xb9n%\x16Y\xb7\
\x02\xb7-a\x81\x0d\x9b\xa4q\xc7\xae\xd98\x8d\xc6\xa6\
\x19\x9b\x16qw\xb7e\x92\xdb\xed\xa8\x19\xe9\x16X\xa4\
\x1bI\x06Z\xadx\xe5\xf15\x8c4\xd2H#\x8d4\
T\xfd\x07{h\x96y'9\xfb\xb3\x00\x00\x00%t\
EXtdate:create\x002\
018-05-11T14:51:\
12-04:00\x15S\x87\xc6\x00\x00\x00%\
tEXtdate:modify\x00\
2018-05-11T14:51\
:12-04:00d\x0e?z\x00\x00\x00\
\x00IEND\xaeB`\x82\
\x00\x00\x06\x1d\
\x89\
PNG\x0d\x0a\x1a\x0a\x00\x00\x00\x0dIHDR\x00\
\x00\x00D\x00\x00\x00C\x08\x04\x00\x00\x00\x8f\x1fk\x81\
\x00\x00\x00\x04gAMA\x00\x00\xb1\x8f\x0b\xfca\x05\
\x00\x00\x00\x02bKGD\x00\xff\x87\x8f\xcc\xbf\x00\x00\
\x00\x09pHYs\x00\x00\x0b\x13\x00\x00\x0b\x13\x01\x00\
\x9a\x9c\x18\x00\x00\x00\x07tIME\x07\xe2\x05\x0b\x0a\
3\x0cx\xf3\xb4\x95\x00\x00\x05<IDATh\xde\
\xed\x98[lTU\x14\x86\xbf\xb5\xcfL\xa7\x05\x0a\x94\
B\x05\x81B%@\x83`\x13\xaa\x04\xa4\xa5\x1d\xc04\
\xdc\xa2\x88\xf0b\x88 F\x13!\xa0\x10P\x82\x09\xa0\
(\x05\xa3\x02J\xe2\x03D\x1e\x08\x98\x22\xd1\x80r\x0d\
LK\x03\xfaP4\x02U\x0a\x15\x05\xc2Eji(\
m\xe9e\xe6,\x1ffZ!\xa1\xd33t\x8a\x09\x99\
\xff\xe9\x9c=k\xaf\xfd\xed\xcbY{\xad\x81\x98b\x8a\
)\xa6\x98\x1eQIt\xdc\xec\xf3$\xb8\xfdV\x82m\
\xfc\x07\x1bV\xdb\xff\x03\x88/\xde\xf4\xd1t\x93\xae\xfd\
\xe9)\x1e\xfczK\xafH\xb9]\xea\xbe\x98u\xfb\xa1\
\x81\xec\xeb\x9a0\xcaLe\xac\xa4\xd1\x1d\xab\xb9U\x95\
\x1a\xb9\xae%\xf6~\xf7\x91\xac\xab\x1d\x0e\xa2\xc67\xc6\
zU&ioi\xcdC\x9d\x16\xb2\xa3v\xef\xe4\xea\
\x0e\x04\xf9.1i\x01s\x18|\x17D@mlD\
\x8cZ\xff\xb5j\xb5\xec\xe0\xb3q\xe7:\x08\xe4pr\
\xdc\x0a\x16\x88;\xf4\xdaH\xa5\x9e\xe1\xbc\xfe\xcd-\xe2\
%ESM\x86\xf6\x93\x84\x16\x98=\xac\xcb\xf9\x11\x8d\
:Hq\x92\xbe\xaf\xf3C\xb3\xf6k\xa9\xeet\x1f\xb5\
\xcaF\xb7l@\x89\xbbf\xa0fY\xcfk\x1e\x9e\xa0\
\x95}\x94U\xb9\xc5Q\x06\xd9\xd3\xa9\xdb\x07\xb284\
\xd7\xdb\xb2\x81\xed\xf7_x_\x17k\xb6\xcegX\x10\
E\x0f\xc8;\xe3NE\x11D\xa5h\xa9|$\xc1/\
\xa4\x5c6\x5c\xfbrV\xa0u\xeb\xa2\xf12_\xa7\x87\
P\xbe2K\xb2\xab\xc2\xf9vE\x02R\x98af\x07\
1\xf4/]\x91[\x10\xde:\xe7\xa8\xef\x92\xb1\x99\x81\
\x80\xcc\xb4O\xb0%\x9c\xb5q\x8eq\x22A\xe6\xf1$\
\x00\xf5l\xcc\xdd\xd5v\x0fo\xb9n\xa2\x04\x80.\xcc\
\xf1\xa5G\x09\xa4q\xb8L\x15\x01U\xfb\x8b\xb3\x9b\xdb\
\xfe\x0e\x00r\x8b\xd9\xa4\x95\x002\xd2L\x8c\x0a\x88\xcf\
e&1\x00\x80\x0b\x81\xedo49\xedW\xb3\x87\x83\
\xaa@\x82L;\xd6+\x0a V\x92\x8e\x13\x01\x02\xba\
k\xc2\xaf\xce\xd7qr\xb5\xec\x92J\x00F\xf8\x87E\
\x01D\xd3d(\x80\xd6\x89\xcf9\x06@\xa0\x84\xf3\x00\
$\xb9FF\x01D\x06i2\x80\x94\xc7E\xb0\x1e\x00\
\x5c\xd7\x12UP\x8f\xa6\x97\xb8[3r\x08\xb2\xd2h\
_\xe2AU/\x1e\xa8\x88\x8c\xc3\xeb\x97r\xeaAD\
\xfb\xde\xe9\xd2N\x90i\x96I\x12\x01\x94\x9b\x91'>\
\x81\x0a\x9a\x00LW\xbf\xa7\x9d 7\x8c\xc6\x01\xa0\xd4\
D\x8a\x01R+~\x00\x8d\x0bX\xad\xd98\x04I\xb1\
\xb51\xe8S;G\x0eb:k0\x827Y\xad^\
\x09\x0eA\xf6\x06\xa8R\x05D\x925\xe2\x1b\xdb\xee\x85\
\x1b@n\xb9\x1a\xda\x09\xb2\xda\xd6\xab\xc1\x03'\xa9G\
R\x22\xc3(\xb0dP\xe8\xa0_\xb9V\xdbN\x10\x90\
rn\x02\xe8\x10wFd =z\xf3\x8c\x08\xd0\xa8\
e\xb3\x1a\xdb\x0f\xf2\xa7\x96\x01H\x82x#\x03qe\
2\x18@\xaa\xcc\xc9\xd6\xad\x1c\x83\x04\xaa8\xa6\x0aX\
:\xeb\xf8p\xe7\x18\x07;\x9bY\xd2\x13@\xcf\xf0[\
\x14@\xbc~\xff~.\x03\x90\x16xy\xa5\xe3~\xf1\
/\x90\x07\xa0\x0d\xbaw\x5c\x98P\x18A\x1a\xd0\xe94\
\xdf\x87\x1e\xdf\x1e\xbf\xd0YnW\x98\xcd\xa2\xd0\xd5\xf0\
\xb3\x1e\x0ag\x19\x01\xc8\xb3w\x9a\xb6\xea\x19\x10\xc1#\
\x0b\x0b_j\xbb\xc7\x91\xa1,\x94L\x11\xd0\x1a{\x9b\
\xf7l\x94@\xe0\xe6\xef\x5c\x08=\xa6\xc9\x9a\xc2\xd7}\
a\x13\xcd\xa2\xf1\xae\xb52=8\x82\xeen\xda\x1d\xde\
w\x049\xab\x9ac\xaf\xc8\xd8\xe67\x19\xc2\x1a\xd3\xfb\
x\xc1\xd8\xfb\xce\xd3\xd7\xdd\x9a\xae\x8b\x18!\x06\xc0>\
\xe4\xda\x90[\x19\xde{\x04Q\xb2\xf8E\xcd\x0f~\x88\
-j\xd03|\xadE5\xe5S[2t_\xbc\x95\
\xca(fj.\x89\xa1\x0c\xbe\xc8^\xe5-l\xcb\xbb\
c\x90\xc2l\xb3\x8e1\x00\xd4\xf3\x8bfJ\x5c\xe8\x87\
z\xbdA\xa9\x94Q\xa1\xd5\xc4\x9b\x9e\xf6\x00\xc9\xd0~\
\x92\xd8\xbc\x8cz\x80\xfc\x9c\xe2\xa8Uz\xbe\xe1f\xad\
L\x05\xa0\x91O\xdc\x1b\xeb\xe7\x9a\xb9w\xd7\xbej\xe3\
\xc7\x8f%.\xee\xba_\xb5\x8ao\xcc\xc6\xecR'#\
XN\x8c\x8aSy\x8f\x19\x22\xa0~\xdd\xd2\xf8aN\
\xc5\xc0\x13O\x9c\xc2%)\xda%\x08#\x22\x96\xb8\xc5\
\xd5|\xf8U\xa9\xd3b\xcd\xaf\xda\x9cw\xd9\xd9T\x1d\
\xac\xc8\xe1\xe4\xb8\x15\xbc)\x1e `\x7f\xab\xcb\xbd\xe5\
\xa1\xf6n\xae1\xd6\x14\xcd\x22\x95\xc4\x96\x92\x1c\xb5\xa9\
\xd5\x0a9\xc9\x0f\xc6\x97}\xc9\x19\x84#\x90=\x9d\xba\
\xbf\xc52\xba\x81*E\xf6r\xefO\xf7lY\xbc\xf4\
'\x9da\xa6\xbf\xf6\x10\x8f\xfa\xa5Z\xafr\xce.M\
\xb80\xda\xe1\xff\x22\x0eA\x0a\xac\xc7^\x93\x95\xf4\x01\
\xd0\xd3\xfan\xee\xbe\xfb\xdb\x95\xb8o{\x12\xadz\xbb\
\xa9\xc9[\x1f\x19@\xb3\xda\x88#\xc93dI\x08\xe3\
\xa2\xe6\xb7\x86\x01O7\xe1\xb8\xe4z\x00\x10\xdfD\xb3\
,\x189\xb4\x92\x8fsv\xb6o\xa8\xf0\x0a\x13\xe2\x8f\
=%K%\x13@\xeb\xe4s{\xab8\xaav\xa3\x0e\
r\xa2\x87\xbdX\x9e\x03\xc0\xcf\xb6\xc0\xe6\x07\xdd\xfbv\
\x834L13E@m{\xb7\xffS\xef?\x1d\x8b\
\x11\x06$X\x02\xa8\xeaaY?\xe1\x8f\x8e\xc6\x08\x13\
Y\xe7\xdd\xe1qzs\xd4^\x7fo\xe4\xe8(\x85\x89\
#\x87\x93]i\x8d\x97\xf2n<\x0c\x8c\x98b\x8a)\
\xa6\x98\x1ea\xfd\x0b8\xb5\xe6J\xe4\x06\x12x\x00\x00\
\x00%tEXtdate:creat\
e\x002018-05-11T14:\
51:12-04:00\x15S\x87\xc6\x00\
\x00\x00%tEXtdate:modi\
fy\x002018-05-11T14\
:51:12-04:00d\x0e?z\
\x00\x00\x00\x00IEND\xaeB`\x82\
\x00\x00\x1d&\
\x89\
PNG\x0d\x0a\x1a\x0a\x00\x00\x00\x0dIHDR\x00\
\x00\x00\xd0\x00\x00\x00\xd2\x08\x06\x00\x00\x00;lN\x7f\
\x00\x00\x00\x04gAMA\x00\x00\xb1\x8f\x0b\xfca\x05\
\x00\x00\x00 cHRM\x00\x00z&\x00\x00\x80\x84\
\x00\x00\xfa\x00\x00\x00\x80\xe8\x00\x00u0\x00\x00\xea`\
\x00\x00:\x98\x00\x00\x17p\x9c\xbaQ<\x00\x00\x00\x06\
bKGD\x00\xff\x00\xff\x00\xff\xa0\xbd\xa7\x93\x00\x00\
\x00\x09pHYs\x00\x00\x16%\x00\x00\x16%\x01I\
R$\xf0\x00\x00\x1c(IDATx\xda\xed\x9dy\
x\x5c\xc5\x99\xee\xdf\xf7tK\xb2-\x1b[\x82\xb0/\
\x09&C \xcb\x84a\x0c$N&\xdb\xcdp\xb5b\
\x98\x88d&\x84!\xe1\x82\x17luK\x16\xb6Y\xdd\
@\xc0\xbb\xbb%/\xd8\xdcL\x08a\xb8w\x06\xcd\x80\
\xb1\x16Oraro\x02db&\x84,l\x13\x93\
\x10\x96\x00\x01,\x03\x96\xac\xa5\xfb|\xf7\x8fn\x19\xd9\
\xaej\xe9H:]\xa7\xbb\xeb\xf7<<\xb2\xfa\xed\xfe\
\xceW\x85\xdeS\xa7\xcf\xa9\xaa\x0f\xb0X,\x16\x8b\xc5\
b\xb1X,\x16\x8b\xc5b\xb1X,\x16\x8b\xc5b\xb1\
X,\x16\x8b\xc5b\xb1X,\x16\x8b\xc5b\xb1X,\
\x16\x8b\xc5b\xb1X,\x16\x8b\xc5b\xb1X,\x16\x8b\
\xc5b\xb1X,\x05\x05M'`9\x12i\x88MG\
\xef\xbe\xaf\x00\xee\x5c\x08\x8f\x06\xb1\x17\xc0\x13(\x9b\xf6\
/|p\xd5\xdb\xa6\xf3\xb3\xbc\x8f5P\xc0\x90\xaa\xc8\
\xe5\x00\xe2\x80T*\xe4\xfdp\x9c\x9b\xd8\x95H\x98\xce\
\xd3\x92\xc61\x9d\x80\xe5}\xa4:\x1a\x03\xe4\x1e\x8dy\
\x00`:\x5c7.U\x8d\xcbL\xe7jIcG\xa0\
\x80 5\xd1K\xe0\xba\xff:\xf6O\xf0\xef\xb9\xab\xf5\
\xfb\xa6\xf3.v\xac\x81\x02\x804,\x9f\x89\xde\x03\xcf\
Ap\xbc\x87\x8f\xbd\x0b\x96\x9d\xc9\xeeu\xaf\x9b\xce\xbf\
\x98\xb1\x97pA\xa0\xaf\x7f\x9dG\xf3\x00\xc0Q\xc0\xe0\
\x06\xd3\xa9\x17;\xd6@\x86\x91\xda\xe8\xa7 \xb8R\xad\
r\x0f\x1c\xe7J\x00\xcf\xa8?,\x7f'\xb5\xd1\xcf\x9b\
nC1c\x0dd\x10i\xb8?\x84\x94\xbb\x05\x22\xaa\
\xff\x0f\x820\xbe\xc9\xae\xc4w\xe1\xe0\xab\x00\x93\xca \
)w\x8b\x5c\xbd\xbd\xc4t[\x8a\x15k \x93\xf4=\
\xde\x04\xe0\x1c\xa5F\xde\xc5\x8e\xd6G\x01\x80]m\xbf\
\x81\x83VM\x94\xb3\xf1\xf2\xd3M\xa6\x9bR\xacX\x03\
\x19Bj\x9bN\x82\xc8\xcdJ\x91|\x0be\xd3n8\
\xe4\xb5P\xd9-\x00\xfe\xa8\x8e\xc6\x9b\xe5\x92e'\x9b\
nS1b\x0dd\x0a\xd7m\x85\xc8\x0c\xa5F4\x1d\
>\xe3\x80;\xd7\xbe\x07\xb0Y\x1dL\xca\xd1?\x900\
\xdd\xa4b\xc4\xde\xc66\x80T7]\x04I\xedP\x8a\
\xe4\x8f\xd9\xdd\xfa9\xedg\xab\x22\x0f\x03\xf2%\xa5\x18\
\x0e]\xc8\x8e\xf8\x0fM\xb7\xaf\x98\xb0#P\x8e\x91\x86\
\xa6\xa9\x107\xa1\x91\x87P\x12^\x985@8\xbc\x18\
\xe4\xa0RK\xb9\x9b\xa5!Vj\xba\x8d\xc5\x845P\
\xae\xd9\x9f\xba\x15\x90\x0f\xaaE\xae\xe2C\x1b\x9e\xc9\xf6\
qvlx\x0e\x10\xf5\xf3\x1f\x91\x0f\xa3\xb7\xc7N\xf3\
\xc9!\xd6@9D.Zz6\x80\x88R$~\x8f\
\xe9\xce\xea1\x05\x0aU~\x1b\xe4K\x1a\xf5z\x99\x17\
\xfd\xa0\xe9\xb6\x16\x0b\xd6@9BD\x88\xa1\xa1m\x00\
\xd4\xcfl\xc4\xb9\x86\xed\xf1\x03c\x89\xc5\x8eX\x1f\x84\
j#\x8aL\xc5\x80\xdbf\xba\xbd\xc5\x825P\xae\xa8\
\x8d\x5c\x05\xc1g\xd5\x22\xff\x89\xbb\x12\xbb\xbc\x84\xe3\xae\
\xc4\x0e\x90\xba\xcf\xd4Iu\xa4\xd6t\x93\x8b\x01k\xa0\
\x1c \x17_w4\x5c\xdc\xa1\x14\xc9\xf7\x10rZ\xc6\
\x15\xb8\xb4t\x09\x80\x01\xcdQ\xdb\xa4\xa1i\xaa\xe9\xb6\
\x17:\xd6@\xb9`\xa07\x0e\xe0h\xa5F\xac`g\
\xfc\xd5\xf1\x84\xe5\x8eu/\x80\x9a\xefM\x82\x0f\xa1\xd7\
\xbd\xdet\xd3\x0b\x1dk \x9f\x91\x9a\xa6\xcfBp\x99\
Z\xe5\x93\x986w\xfb\x84\x0ep\xec\xac\xd5 \x7f\xa7\
>\xb8\x5c+\xf5Mg\x98\xee\x83B\xc6\x1a\xc8G\xe4\
\xea\xed%pS\xdb\xa0z`M\xba\x08c\x01\xdb/\
MM\xe4\x18\xfc^\xac\x1fd\xa3F.\xc3\x90\xbb\xd9\
t?\x142\xd6@~\xf2\xf2\xd3+\x00\x9c\xad\x16\xb9\
\x89\x1d\xadOL\xc6a\xd8\x95\xe8\x02\xb9C\xad\xca\x85\
R\x1d\xf9\x1b\xd3]Q\xa8X\x03\xf9\x84\xd4\xb5|\x08\
\xe4uJ\x91x\x1d\xe5e+'\xf7\x88\xe1(\x88>\
u2\x88\xcb7Z\xcaM\xf7I!b\x0d\xe4\x17\xc9\
\xa1\xcd\x10\xd1\xdc\x05\xe3b\xb6\xafyg2\x0f\xc7\xee\
\x0d\x7f\x00\x9co\xabU9\x05o'o\xf6\x16\xd12\
\x16\xac\x81|@\xaa\x22_\x05\xa4Z#\xff\x90\xdd\xad\
\x1e6\x0f\xf1@\xf9\xac\x0d\x00\x9fW'\xe56IM\
\xf4,\xd3}ShX\x03M2R\xbfl\x06\x08\xdd\
^\x05\xfd(\x09]\xe3\xd7\xb1\xd9\x1e\x1b\x84\xe3,\xd6\
\xc8%\x10w\x8b\xe9\xfe)4\xac\x81&\x9bd\xff*\
\x88\x9c\xa4\xd4\xe8\xdc\xca\x9d\xf1=~\x1e\x9e]\xf1\x87\
A\xdc\xaf\x14\x05_\x90\xea\xc8\xdf\x99\xee\xa2B\xc2\x1a\
h\x12\x91\xfa\xe6s\x00,P\xab|>}\x89\x95\x03\
\x9cP3\x80\xfd\xea$\xb1^\xea\x97\xcd\xf0\x16\xd0\xa2\
\xc3\x1ah\x92\x90X\xcc\xc1Pj;\x04!\xe5\x1b\x9c\
\xd0B\xb6\xc7\x06=\x86\x1d\x17\xe9\x99\x0d\x8ci2=\
\x01C\x03\xb7\x9a\xea\xa7B\xc3\x1ah\xb2\xd8\xdd\xb3\x18\
\x909J\x8d\xbc\x9b]\x1b\x7f\x94\xd3|\xce\xafh\x05\
\xf8\xb4F],\xf5\x91O\xe4\xb8\x87\x0a\x12k\xa0I\
@\xaa\xaf=\x1e\x02\xf5Y\x9d\xe8AY\xc9\x8a\x5c\xe7\
\xc4X,\x09b\x91&\xe30\x86\xb0ED\xec\x92\xfe\
\x09b\x0d4\x19\xc8\xc0&@f*5:-|p\
\xfd\x9fL\xa4\xc5\xee\xd6\x1f\x83\xb8W\x93\xf4gP\xd3\
\xf4\xf7&\xf2*$\xac\x81&\x88TG\xbe\x0c\xe0+\
j\x95?Eg\xfcn\xa3\x09\x86y-@\xf5C[\
\x9152/:\xcbh~y\x8e5\xd0\x04\x90+b\
S \xd8\xaaV\x99D\x09\x16\x90\x14\x939rg\xeb\
\x1b\x00n\xd4\xb4\xe0X\x0c\xc8\x1d\x9e\x02Z\x0e\xc1\x1a\
h\x22\xbc\xd9s\x13 \xea\xe5\x02\xc4z\xeel\xfd\x95\
\xe9\x14\x01\x00\xd3\xe7\xde\x09\xf2)M\x9e\xf3\xa5\xa6\xf1\
\x5c\xd3)\xe6+\xd6@\xe3D\xea#gB\xa0^I\
J\xbe\x84\xa3K\xbe\xed1\xa4o\xb0\xfd\xd2\x14\x1c.\
\x02p\xe4h(\xe2@\xb0\xd5\xdeP\x18\x1f\xd6@\xe3\
%\x89\xad\x10\xd1\xec\xc1\xe64\xf2\xde\xf5\xbd\xa6S\x1c\
\x09;\x13?\x05\xf9]\xa5(8\x0f\xb5\x91\xabL\xe7\
\x98\x8fX\x03\x8d\x03\xa9\x8e^\x01\x91/*E\xf2\x01\
v\xc7\x1f2\x9d\xa3\x92Px\x05\xc0\xbdJ\xcd\xe5*\
\xb9\xf8\xba\xa3=F,z\xac\x81<\x225+* \
\xb2F\xad\xb2\x17!\x04\xb6R\x02;6\xbc\x05G\xd4\
k\x94 \x95\x18\xe8[\xe3-\xa2\xc5\x1a\xc8+r`\
\x1d \xc7*5\x877\xb2\xa3\xf5%\x8f\x11s\xcb\x9c\
\xca\xef\x00T\xaf\x84\x15\xf9\x96\xd45_`:\xc5|\
\xc2\x1a\xc8\x03R\xd7|\x01D\xbe\xa5\x14\xc9_c\xce\
\xac\xc0\xef?\xc0X\xcc\x85#\x0bA\xba*\x19\xc9\xe4\
Vi\xb8?\xe49p\x91b\x0d4F$\x16\x0b#\
\x99\xda\x0euE\x0b\x81\xc3\xf9\x8c\xc5\x92^\xe3\x9a\x80\
]m?\x07\xb0M#\x9f\x83\xbe\xc7\x17y\x89W\xcc\
X\x03\x8d\x95'z\x96\x02\xa2\x99\x80\xc9m\xecL\xfc\
\xd4t\x8a\x9e\xe0\xd4\x1b\x01\xbc\xa9\xd4\x5c\xb9M\xea#\
\xc7\x99N1\x1f\xb0\x06\x1a\x03rQ\xf3)pq\x93\
F~\x13\xce\xd4\x1b<\x05\x0c\x00\xecZ\xdd\x03:\x9a\
J\x0e2\x13I\xac7\x9dc>`\x0d4\x16\x86\x92\
\x9b\x00Q\xefjCF\xd9\xb5\xba\xc7t\x8a\xe3\xa2+\
~\x0f\xc8\xc7\x94\x9a\xc8eR\x1d\xf9+\xd3)\x06\x1d\
k\xa0Q\x90\xda\xc6\x8b!\xb8H)\x12?bw\xeb\
\xff2\x9d\xe3x!)\x08c\x11\x08\xdd\xe6\x8e[$\
\x16\x0b\x9b\xce3\xc8X\x03eA\xbe\xd1R\x0e\x97\x09\
\xa5H\x0e\x22\xcc\x85\xde\x22\x06\x0f\xeel\xfd\x15\x84\x9b\
\xd4\x1d \x1f\xc3\xcfz\x22\x1eC\x16\x15\xd6@\xd9x\
{\xe86\x88\x9c\xaa\x16\xe5\x0e\xeel}\xde[\xc0\x80\
RY\xb1\x12\xe0kJ\x8dX)\xf5\xcbN4\x9db\
P\xb1\x06\xd2 \xd5M\x1f\x87`\x89F~\x01\xc7V\
\x16\xccS{\xde\x17{\x17\xe4RuG\xc8\x0c$\xfb\
\xe3\xa6s\x0c*v\x06\xae\x02\x11!j\x22\x8fB\xf0\
i\xe5\x1b|\xaa\x86-\xb5Mup%\xfb|\xb4\xae\
\xf8=~\xad1\x92\xea\xc6\x7f\x87\xe0\x0bJ\xd1\x09}\
\x99]\xf1\x87\xfd8n>c\xbf \xaa\xa8\x89\xcc\xd7\
\x9a\x07\xb8\xcf\xb7R\xf2n\xeaF\x08\xce\xd3\xea\xa4K\
\xf2{\xbe\xb5\x9b\xce5\x10\xf7\x97P\x95\xa1t\xdd\xcd\
\xd2\x10\xfbD\xaev\x16\xca\x17\xec%\xdcaH\xc3u\
\x1f\x004\xd5\xe4\xc0w0\xd5\xb9\xd6\xc7\xc3\x0fdU\
E\x86\xfcl;\xbb\x12\xcf\x82\x8e\xe6rM\xce\xc4\xfe\
\x9e\xf1U\xd2+`\xac\x81\x0e\xa7\xb7/\x01A\x85R\
\xa3\xac\xe0\x03\x89\xd7<F\x1c;\xc2\xecgw\xd2\xff\
\xb3\xff\xd1\xe1[\x01\xbc\xa2i\xff\x0dR\x179\xd5[\
\xc0\xc2\xc6\x1ah\x04R\x1b\xfd<D\xd4[\xdf\x92\xff\
\x89\xf3*\xef\xf29\x85\x81\x09\xea\x13\x86\xf7\xae\xef\x05\
\x19Uw\x10\xa6!\x85V\xbfs\xc8'\xac\x812H\
C\xac\x14\xae{\xa7R$R\x08q>c1\xd7c\
X\xaf\x187\x10\x00\xa4\xabG\xf0\x07JQd\x9e\xd4\
6V{\x0cY\xb0X\x03\x0d\xd3\xbb\xf7:\x08>\xa2\
Q[\xd9\x91x\xd2\xf7\x1c\x88Q.\xd1$w_\xe0\
C\xa2\xaf\x00\x9eB\x9b\x5c\x11\x9b\x92\xb3\x5c\x02\x8c5\
\x10\x00\x99w\xedl\x08t\xbb\x87\xfe\x11\xe1)\xb1\x1c\
\xa5\x12\x88\x11\x08\x00\xd8\xd9\xf6[8\xceZ\x8d<\x1b\
\x7f\xda\x97\xf3\xddV\x83\x885\x10\x00\x0c\x0cn\x01\xa0\
>\xa3\x86\xb0\x98;\xd7\xbe\x97\x93<\x18\x1c\x03\x01\x00\
\xa6q\x15\xc0\x17\x95\x9a\xb8\xcbe\xde\xb5\xb3s\x9aO\
\x00)z\x03\xa5\xeb\xe5\xc8\x85J\x91\xdc\xc5\xce\xb6\x07\
s\x98\xce(\xb7\xb1sp\x17nd\xf3\xdb\xe3\x07\x10\
rt\x15\xc0\xa7``\xb0-\x97\xf9\x04\x91\xa26\x90\
|=v\x14D\xb3\xee\x85<\x80P\x89o\xd5\xe4\xd4\
\x09\x8d\xfa\x1d'\xb7#\x10\x00v\xc6;\x00th\x12\
\xae\x96\xda\xc6\x8bs\x9dS\x90(j\x03ao\xcfj\
@NPj\xc4-\xecX\xff\xfb\x1cg\x14\xacK\xb8\
a\xc2\xa5\x11\x90\x07\x94\x9a\x8b\xb8\xd4\xc5\xa6\x19\xc9+\
\x00\x14\xad\x81\xa4\xba\xe9/A\xccW\x8a\xe4\xb38\xe9\
\xec\x8d\x06\xd2\xcan\x90Q\xef\xd2\xf9C\xe6D\xa2\x9e\
\x9d!8\x0d\xa9\xbd7z\x8bX8\x14\xa5\x81\xa4\xe1\
\xfe\x10\xc4\xdd\x0e\x11]\xfb\x17\xf0\xae\xf9\xbeN\x9bQ\
\xe3\x04\xee\x12\xee \xb3g\xaf\x03\xf9[\xb5\xc8\xa5R\
\x1f9\xd3Xn\x06)J\x03\xa1\xf7\xb1F@\xfeB\
\xa9\x91\xff\xc0\xee\xd6\x1f\x1b\xca,\x98\x97p\x00\xb8\xa9\
q\x00\xd4,\xef\x10)ER\x02\xbf\xa5\x97\x1f\x14\x9d\
\x81\xa4~\xd9\x89\x10\x89i\xe4\xb7\xd3\xdb\xdf\x1ac\x14\
\x83\xe4\xf0A\xaa\x02v\xb5\xfe\x00\xc0\xbf\xa8S\xc3\x7f\
\x93\xaa\xc8WM\xe6g\x82\xa23\x10\x92\x03\x9b\x00\x1c\
\xa5\xd4\xe8\xb4\xb0c\xc3[\xc6r\x0b\xe0]\xb8#(\
\x0d7\x03To\x9cOl\x90\x86\xd8t\xd3)\xe6\x92\
\xa22\x90T7\xfdw\x88\x5c\xa2V\xf9(\xba\xe2\xf7\
\x18N1\xb0\x97p\xc3\xf0\xa1\x8d/\x03\xa2\xae\x07+\
r\x12z\xf7\xdeb:\xc7\x5cR4\x06\x92\x86\xa6\xa9\
\x80\xbbE#\x0f!\xec\x18\xaf&\x87<0\x10\x00\xe0\
\x94\x8f\xc6A>\xab\xd4\x84\x8dR\xd3\xf81\xd3)\xe6\
\x8a\xa21\x10\xf6\xbb+!r\xba\xba\x17\xb8\x8e\x1d\xf1\
\xa7=F\x9c|B\xa3]\xc2\xe5v&\x826\x8b\xbb\
\xe6\x0f\x81!\xcdCf\x09C\xb8\xc5[\xc4\xfc\xa5(\
\x0c$5\xd1\xb3\x00iV\xab|\x11N\xc5\xed\xa6s\
\xcc0\xca\x08\xc3`\x8c@\x00\xd8\xb5\xf1G \xd5{\
\xe2\x89\xfc\x95TG\xbfa:\xc7\x5cP\x14\x06\xca\xac\
\xf3)Qj\x0e\x17\xb3#\xd6g:\xc5\x0c\xf9q\x09\
7\xcc\x14\xb6\x00xW-\xca:iX>\xd3t\x8a\
~S\xf0\x06\x92\x9a\xe8\xb7\x00|N)\x92\xed\xecJ\
t\x99\xce\xf1\xfddC\xd9/\xd1F\xbfK\x97S\xf8\
@\xe25\x107kr=\x0e}\xfd\x81\xa9\x13\xeb\x17\
\x05m ih\xaa\xd4W\x93\xc3~L)k\xf6\x14\
\xd0o\x82\xb6\x9ca,\x94\x7ff3@u5r\x91\
\x85R\xdf|\x8e\xe9\x14\xfd\xa4\xa0\x0d\x84^w=D\
\x8eQj\xe4\x0d|`\xed+\x1e#\xfa\xcc\xa8\xdfq\
\x02g \xb6_\x9a\x02t\x15\xc0\x11\xc2P\xb2\xa0+\
\x80\x17\xac\x81\xa4*:\x17\x22W(E\xf2)\x94\xcf\
\x0d\xde\x9d\x22\x8eb 'X\x97p\x07\xd3\xde\x95x\
\x0c\xa4\xee\x19\xda\x05\xa8i\xba\xd2t\x8e~Q\x90\x06\
\x92\xab\xb7\x97\x80\xb2\x0d\xaa\x9dWI\x17\x8e3?}\
\xe6\x0c\x18\xae\x1b\xfc\x99\x08:\xca\xa7-\x03\xa1)\xf3\
\x22\xab\xa4\xa1\xa9\xd2t\x8a~P\x90\x06\xc2+\xcf\xb6\
@D\xf30O\xeedg|\xb7\xe9\x14\x95\x8c\xf6\x1d\
h\xf4\xefH\xe6Ro_\xf5&\xe8\xa8\x0b\x8d\x89\x1c\
\x83\xfd\xa9U\xa6s\xf4\x83\x823\x90T/=\x0dp\
\xd5\xebS\xc87P\xea\x04w\xed\x0a\x9dQ\x96t\x8f\
\xba\xdc\xc1,sfm\x07\xf1su\xdb\xf8?\xa4\xb6\
\xe9<\x8f\x11\x03O\xc1\x19\x08Hn\x86@\xbdBR\
\x10\xe1\x8e\xc4>\xd3\x19j9j\xc6h3\x11\x02;\
\x02\x01\xc3\x15\xc0C\x8b\x94\x15\xc0E\x1c\xb8\xa9\xad\x12\
\x8b\x15\xd4\xdf\x5cA5Fj\xa3_\x81H\xadR$\
\x1e\xe6\xae\xd6\x7f6\x9dcV*+\xf3\xee.\xdc\xe1\
d.\x8f\xff\xa7R\x14\x9c\x8b'z\x16\x98\xceq2\
)\x18\x03ICl:R\xae\xae\x8e\xcd\x00\x1c\x04\xbf\
t\xfb\xd1{\xb3\xaf\x82\x95Qo2\x04\x83r\xe7z\
\x90\xeae!\x82\xdb3\x1b\xf8\x17\x04\x05c \xf4\xee\
\xfb6\x80\x935\xea\xed\xecl\xfb\xad\x97p&\xc8l\
\x1d\x9c\xc5D\xc1\xbe\x84;\x98e{|/\xc8\xe5J\
Qd\x16\xf6\x1fXg:\xc7\xc9\xa2 \x0c$\xd5\xd1\
O\x02\xeeb\xa5H\xfc\x17\xce8c\xad\xb7\x88F\xd1\
\x9b$\xc0w\xe1\x8e\xa03~7\xc0\x9f\xaaE\xf7r\
\xa9\x8a\xce5\x9d\xe2d\x90\xf7\x06J\x7f)\x95m\x10\
\x844-\x5c\xc4M\x8d\xf9\xf3\x87\x97\xf5{N~\x8c\
@@\xa6\x028\xa9\xab\x00N@\xb6J\xc3\xfd!\xcf\
\x81\x03F\xde\x1b\x08\xbb\xf7-\x84\xc8\xf9J\x8d\xb8\x97\
\x9dm\x8f\x98N\xd1\x1bY\xd6\xfc\x94\x95\xe4\xc7w\xa0\
\xe1\x96t'\x9e\x82`\xabZ\x95O\xa0\xef\xf1%\xde\
\x22\x06\x8f\xbc6\x90\xd4G\x8e\x03D=\xe3\x97\xdc\x87\
0\xfd\xac&\xe7\x17\xfaQ&\x14\xca\x9b\x11\xe8 \xd3\
\xa7\xde\x04\xf2\x0d\xa5\xe6\xba\xb7\xc8%\xd1\x13<F\x0c\
\x14ym \x0c!\x01\x91YJ\x8d\xb2\x9c;[\xdf\
\xf0\x160\x10\xe8MRZ\x96w\x06b\xfb\x9aw@\
\xe8JC\x1e\x85~\xd9`:\xc7\x89\x90\xb7\x06\x92\xda\
\xc6/\x01\xf25\xa5H\xfe\x0cs*\xbfc:\xc7q\
\x91m\xf7\xd1\x123;\x93N\xb8I]\xad\xff\x08R\
\xbd\xd7\x9e\xc8\xdfJM\xf3\x17<\x86\x0c\x0cyi \
Y\xd2V\x06\x97\xfajrN(\x17\xd5\xe4\xfcB?\
\xca\xdc\xbd2\xefF\xa0\x83\x84\x9cE\x00\x93JMR\
[\xe4\xea\xed%\x1e#\x06\x82\xbc4\x10\xf6\xbcp=\
D>\xac\xd4\x04qvn\xfc\xa5\xe9\x14'\x80\xce$\
C\x01\xd85h\xdc\xa47m\x91\x84R\x149\x0b\xaf\
>\x13\xac\xc5\x8dc$\xef\x0c$\xb5\x8d\x1f\x06d\xb9\
F~\x05\xd3+\xf3}_2\x8d\x81\x82\xb1#\xcf\x84\
\x98^y\x0b\xc8W\x95\x9a\x8b\x9b\xe4\xa2\xe6SL\xa7\
\xe8\x95\xbc3\x10R\xbc\x13@\x99Rch1\xdbc\
\xfbM\xa781\xb4\x8b\xe6\xf2\xf7\xf2-C\xfa\xff\x8d\
\xa3\x19i\xa4\x1cC\xa9\x84\xe9\x1c\xbd\x92W\x06\x92\x9a\
\xc8e\x80|I)\x92\x9d\xec\x8e?d:\xc7I`\
\xc0\xe3\xeby\x05\xbb\xe3\xf7\x83xX)\x8a\x5c\x225\
\x91\x0b=\x864J\xde\x18H\xe6Eg\xe9\xab\xc9\xa1\
\x0f\x08/\xf6\x182\xa8\xa8\x8d\xc2`.\xe7\x1e\x17a\
.\x065\x97\xa4.6\xcb\x92\xb62\x8f\x11\x8d\x917\
\x06\xc2\xa0\xac\x86\xc8qJ\x8d\xceJvo\xf8\x83\xe9\
\x14'\x07\x16\xec%\xdc\xc1\x16\xeel}\x1e\xd4\x9c\x0c\
!g`\xcf\x9ee\xa6s\x1c+ya \xa9\x8e\x9c\
\x0f\xe0*\xa5H\xfe\x06sf%L\xe78\x89\xe8n\
\x22\x14\x8c\x81\x00\x00N\xc5\xed \xd4'=\xf2:\xa9\
k\xf9\x90\xe9\x14\xc7\xd4\x0c\xd3\x09\x8cFf\xc2\xe16\
M59\x81p\x01c\xb1\xa4\xd7\xb8\x01Fc\x94\x02\
\xba\x84\x03\x90\xde\x0d6\x14Q7U\xa6\x225\x94\x17\
\x15\xc0\x03o \xec\x7f,\x0a\x91O\xaa\xb3\xe7w\xb8\
+\xf1\x98\xe9\x14'\x15A\xc1_\xc2\x0d\x93\xbe\xe9\xc3\
nu?H\xad\xd4D\xeaM\xe78\x1a\x816\x90\x5c\
\xb2\xecd@SM\x8e|\x0b\xd3\x1c\x93\xd5\xe4\xfc\xa2\
\xa0\xef\xc2\x1d\x81\xe3,\x01\xd0\xaf\xd4\x5c\xb4\xa6\xcb\xd2\
\x04\x97@\x1b\x08\xfd\x03\x9b\x00h*\x9e\xb1\x99\xed\xf1\
\xbd\xa6S\xf4\x81\xa22\x10\xbb\xe2\xbf\x03\xb1Z\xad\xca\
\x07\xb1?u\x83\xb7\x88\xb9%\xb0\x06\x92\xeaH-D\
\xe6i\xe4\xff\xc7\xee\xc4\xbd\xa6s\xf4\x05Gs\x17N\
\x0a`&\x82\x8ec+\xd7\x00xA\xa3\xb6\xa4g\x9f\
\x04\x93@\x1aH\xeab\xd3\x00M\xd5gr\x10\x8e\xb3\
\xd0t\x8e>\xa2y\x0eT\x98#\x10\x00\xf0{\xb1~\
\xc0\xd1-\xae+C\x0a\x81\xad\x00\x1eH\x03!\xd5\x13\
\x83\xe04\x8d\xba\x96]\x89g=\xc5\xcb/\x8a\xea\x12\
n\x18\xeeJ\xec\x02\xf8\xa0F\xfek\xa9\x8d~\xc5t\
\x8e*\x02g \xa9i\xfc\x18D\xa2J\x91\xfc\x1d\xca\
\x9d;L\xe7\xe8o\x07hnW\x07\xac6\x90/\x84\
\x11M\xcf*Q\x90r\xe3\xf2\x8d\x96r\xd3)\x1eN\
\xa0\x0c$\x22\xcc\xac\xf3\xd1\xac\x0dq\xaea{\xfc\x80\
\xe9<\xfd\x85\xc5\xf1 U\xd5\xc2\x8e\xd6\x97\x00\xde\xa6\
\x91O\xc6\xdbC+M\xe7x8\x812P\xba\x0c\x86\
|F\xa9\x91\xff\xcc\xee\xf8\xbf\x99N1\x07\x14\xe5%\
\xdcA\xca+6\x02|^\xa9\x89D\xe5\xa2\xa5g\x9b\
Nq$\x811\x90\xd4-=&K5\xb9w\x11\x0e\
X59\xbf\xd0\xdd,`\x01\xdf\x85\x1b\xd9\xcc\xf6\xd8\
 B\xa2\xa9\x00\x8e\x12\x0c&\x03U\xd7)0\x06B\
*\xb9\x01\x10M\x0d\x19\xde\xc0\x9dk\xffh:\xc5\x9c\
\xa0\xfb\xaeS\xc0w\xe1\x8ehjg\xdb# 5\xfb\
\x98\xcb\xe7\xa56\xfau\xd39\x0e\x13\x08\x03I]\xd3\
\xe7 r\xb9R$~\x8e\xf3+\xb6z\x0c\x99\xcf\x14\
\xf7%\xdc0\xe1\xb2f\x90\xef)5\xd7]/_\x8f\
\x1de:E \x00\x06\x92\xab\xb7\x97 \xe5j6\x08\
\xa1\x0b\x84\x16\xe4\xf1\x06!\xe3Am\x94b\xb8\x0b7\
\x82\xf4\x15\x07c\xea\xbe\xc0\xf1\xe8\xd9w\xab\xe9\x1c\x81\
\x00\x18\x08\xaf>\xbb\x0c\x22gi\xd4\xcd\xec\x8e\xff\xa7\
\xe9\x14sJ(T4\x93IG\xe5\xbcYm \x7f\
\xa3\x16\xdd\xc5R\xdb\xfc\xe7\xa6S4j \xa9i:\
\x1d\x22\x9a\xb9N|\x0d\x15\x157\x99\xcc\xcf\x08\xb4\x97\
p\xc30\x16K\x82\x8e\xba,\x8d \x04\xd7|\x05p\
\xb3#\x90\xb8\x9b!\xa2\x9em\xeb \xc2\xfbb\xef\x1a\
\xcd\xcf\x04\xdaJ\xdd\xc5u\x097\x0c\xbb\xe2?\x01\xf9\
}\xa5(\xf84j\x22W\x98\xcc\xcf\x98\x81\xa4\xba\xe9\
R\x88T\xa9U\xfe\x80]\xad\xed\xa6r3\x8a\xb6\x88\
V\xe1?H\xd5\x12\xc62\x80\xef(5\xc1\x1a\xa9Y\
Qa*5#\x06\x92\xfae3 )]5\xb9~\
\x94\x95^\xe3)`!\xa1\x1d\x81\x8a\xef\x12n\x98\xcc\
\x1e\xe7\xba\xe2\xd0\x1f\x80\x1c06\xbd\xcb\xcc\x084\xd4\
\x7f;\x80\x13\xd5\x22o\xe3\x8eu/x\x8aWH8\
e}\x00\x7fu\xc4\x7f!\xe7\xad\x89\x07\xcfc\xa6\xcf\
\xbd\x13\xc0/4\xea\xd5R\xdd\xf4\x97&\xd2\xca\xf9\x17\
0\xa9\x8b\xfe\x05R\xeeneA,\xe29\x94W\xfe\
9\xdbcEy\xbdo\xc9\x8e\xd45_\x80d\xf2q\
(\xffn\xf9\x04\xce\xaf\xb8 \xd7\x8f<r:\x02I\
,\xe6 %\xdb\xf5\xd5\xe4\x9c\x85\xd6<\x16\x1d\xec\xd8\
\xf8\x1f \xfeA\xad\xca\x1c\xec\xee\xb9\xca[\xc4\x89\x93\
\xdbK\xb8'\xf6]\x03\x11\xcdP\xeb\xdc\xc3\xce\xc4\xff\
\xcdu\x07X\xf2\x8c\xb2\xf2\x15\x00\xd5K\xf9\x05wH\
\xdd\xd2cr\x99N\xce\x0c$\x97DO\x80\xeb\xaa\xab\
\xc9\x81{1}j>V\x93\xb3\xe4\x18>\xb8\xeam\
\x00\x9a\xcdd\xa4\x12\xc9\xa15\x9e\x02N\x90\xdc\x8d@\
\xfdn\x02\x80z\xfe\x92\x83el_\xf5f.\x1bn\
\xc9c\xba\x13\xdf\x01\xb1[\xa3~Sj\xa3\x9f\xcaU\
*91\x90\xd4D.\x84\xe0R\xa5H<\x8e\xce\xc4\
ws\xd5`K\xfeCR\x10r\x16\xa6\xe7J\x1e)\
\xc3\xcd]\x05p\xdf\x0d$W\xc4\xa6\xc0\x15\xcd\x1a\x0e\
&\x81\xd0\x82|.\x1ce1\x03;\x12O\x02\xd8\xa6\
\x14E>\x89\xde\xc7r\xf2,\xd1\xff\x11\xe8\x8d\xbd7\
\x02\x98\xad\xee\x05ndw\xfc\xd7\xb9h\xa8\xa5\x00)\
\xe5\x0d\x00\xff\xa4\xd4\x04\xb7J\xf5\xb5\xc7\xfb\x9d\x82\xaf\
\x06\x92\xba\xa5\x1f\x015\xa5\xe6\x89?\xe0\xe8p \xa6\
\xa4[\xf2\x13\xeeH\xec\x83#\x9aJ\x0e2\x13\x18\x5c\
\xe7w\x0e\xfe\x8e@\xc9\xe4\x9d\x10)U\x1f9\xb4\x84\
\xf7\xae\xef\xf5\xbb\x81\x96\x02\xa7\xb3\xf5\xfb\x00\x1fUj\
\x22\x97I]\xd3\xe7\xfc<\xbco\x06\x92\xaa\xc8\xe5\x80\
|^\xad\xf2Av\xc6;\xfcl\x98\xa58 )\xe9\
%\x0f\x9a\x0a\xe0Iw\x8b\xc4ba\xbf\x8e\xef\x8b\x81\
\xd2\xb3cES@\x09\xfbQ\xaa)ka\xb1\x8c\x03\
v\xc7\x7f\x0db\x93Z\x95\x8f\xe2\x89}Q\xbf\x8e\xed\
\xcf\x08$}k\x01|@\xddZg%\x1f\xda\xf8\xb2\
_\x0d*\x14$\x16s\xa4\xae\xe5C\xf9T\xee\xd0(\
\xe1\xb2\x95\x00_Sj\xae\xbbRj\x9bN\xf2\xe3\xb0\
\x93n \xa9i\xfe4\x04W*E\xe2\x978oV\
^\x14N2\x85\xd47\x9f#\xd5\x91G\xf0\xb3\x9ew\
\x91\x1c\xfc\x1d\xf6\xecyO\xaa\x1a\x9f\x94\xaa\xe8<\xd3\
\xb9\x05\x19\xee\x5c\xfb\x1e\x1c\xd1m}6\x1d\xae\x1b\xf7\
\x14p\xac\xc7\x9d\xcc`\x12\x8b\x85\xb1\xbb\xe7I\x88|\
\x5c%#\x1c\xfe4;6\xfe\x87\x1f\x0d)\x04\xa4*\
\xb2\x18@\x1c\x10\xdd5\xfbw\xb9\xab\xedJ/1\x8b\
\x0d\xa9\x8e<\x02\x91/*E\xf2\xaf\xd9\xdd\xfa\x7f&\
\xf3x\x93;\x02\xed\xeei\xd2\x98\x07 \xb7[\xf3\xe8\
\x91\x9a\xc6s\x91\xdd<\x00\xf0-\xa9\x8a\xe4|\xc6q\
^A.\x060\xa4\x16e\xb34\xc4J=\xc5\x1b\x85\
I3\x90\xd4EN\x85@\xb3w1\xff\x04N\xbd~\
2\x13/8\x84kG1\xcf0\xebr5M%\x1f\
IW\xee\xe0F\xa5(\xf83\xec\xefi\x99\xcc\xe3M\
\xde\x08\x94\xc4&@\xd4\xbb\xe7\x87\xd8\xcc\xae\xd5=\x93\
\x99x!!\xb1\x98\x03\x91\xf3\xc6\xf8\xee\x99\xe8{\xf4\
\xac\xb1\xbd\xb7H9\xa6\xe46\x80\xea\x1bU\x94\x1b\xa4\
z\xe9i\x1e#j\x99\x14\x03\xa5\xbf\xe0\x8a\xba ,\
\xf9\xef\xecL\xdc\xe7C7\x15\x0eO\xf6\x1d\x0fm)\
K\x05D`+\xb6\x05\x01\xde\xbb\xbe\x17\x0e\xa3JQ\
0\x0d\x18j\x9d\xaccM\xd8@\xe9\x9a-\xa2\xbb\xb3\
6\x00\x84\x0a\xb9\x9a\xdc\xe4\xf0\xd0\x9a\xd7\xb4\xbb\xce\xa8\
`I!\x17\x18\x9b\x14\xd8\x95x\x00\x84\xba\x9a\x87\xe0\
\x22\xa9\x89\xd6L\xc6q&>\x02\xed\x1d\xba\x05\x90S\
\xd4\xadpV\xb3{\xe3\x7f\xf9\xd8O\x05A\xfai\xba\
v}\xcbaoF\x0f\xce\x9da\xfbt,\x84CK\
\xa0\xdf*\xb9M\xae\x88M\x99\xe8!&d \xa9\x8f\
|\x02.4\xb3\x0a\xb8\x07\xb3O_\xe5\x7f/\x15\x08\
\xe1\xd0rh\xef\x1e\x8d\x80NK\x91\xed\x15>n\xb8\
3\xbe\x07\xa0z\x85\xaa\xc8\xe9x\xa3\xe7\xba\x89\x1ec\
\xdc\x06\x12\x11b\x08\xdb\xb4w\x8e\x88E\xdc\xd4X\xb4\
{\x99y\x85;7\xfe\x02\x8e\xb3T;\xa7\x0b\x00\xc8\
\xef\xb1\xcb.>\xf4\xc4q\x15\xab@\xfc^-\xcar\
\x99w\xedlo\x01\x0fe\xfc#PM\xf4j@\xd4\
Kg\xc9\xff=\xd9\x0f\xac\x8a\x01v%6\x81\xce\xa7\
@\xfc\x04@\x7f\xfaE\xa4@\xfe\x06!\xa7\x81\xdd\xad\
\xdf4\x9dc\xbe\x91\xae\x00\xceF\x8d\x5c\x86\xc1\xc1M\
\x9e\x02\x1e\x1e\x7f<\x1f\x92\x8b[\x8e\xc5\xc0\xe0s\x10\
(\xb6T\xe5;`\xe9G\xd8\xbd\xee\xf5\x9c\xf7V\x01\
!\xb1X\x18O\xf6\xcc\x86T\xbc\xcc\x8eX\xdf\xc4#\
\x167R\x15yH{\xa78\x84K\xd8\xd9\xf6\xa0\xc7\
\x90\x00\xc6k\xa0\xea\xc8\xbd\x10\xb9L):\xce\x22v\
%\xee\xf4\x18\xd2b\xf1\x15\x99\x17\xfd \x06\xe5\x19e\
1\x03\xf2%\x84*\xce\x1a\xcf\x89\xca\xf3%\x9cTE\
\xbf\xa85\x0f\xb1\x1bsfm7\xddY\x16\xcb\xe1p\
G\xe2E\x90\xb7+E\x91S\x91\xea\x19W)\x1dO\
\x06J\xcf#\x12u\xb9E\x22\x85p\xb8\xd8\xaa\xc9Y\
\xf2\x89i\xb3\xd6\x81P?\x02\x10Y*uK?\xe2\
5\xa4\xb7\x11\xa8\xafg\x05 g\xaa\x13\xe0&\xee\xdc\
\xf8\x0bO\xf1,\x96\x1c\x92\xae\x00\x1eZ\xa2\x91K\x90\
Ln\xf6\x1as\xcc\x06\x92\xfa\xa63\xe0\x8a\xfa\xbe9\
\xf9*J\xcan6\xddA\x16\xcbh\xb0#\xfeC\x90\
\x9a\xdaS\xf2%\xa9i\xfc\x9a\x97xc\x1f\x81\x92\xee\
V\x00\xea'\xb7d#w\xae}o\xcc\xb1,\x16\x93\
L)k\x06\xb0_\xa9\xb9\xd8 \xf5\xcbf\x8c5\xd4\
\x98\x0c$5\x8d_\x83\xc8\x97\x95\x22\xd9\xc5\xae\xc4\x03\
\xa6\xfb\xc4b\x19+|`\xed+ u[\xaa\x9d\x88\
\xe4\xc0-c\x8d5\xaa\x81\xa4a\xf9L\x08\xd4\xcba\
\x89>\x94r\xb1\xe9\x0e\xb1X<s\xf2\xd9\x09\x00\xcf\
(5\xc1\x12\xa9n\xfa\xf8X\xc2\x8c>\x02\xf5\xf6\xdf\
\x01\x81f\x87G\xde\xc6\x1d\x89\x17M\xf7\x85\xc5\xe2\x15\
\xde5\x7f\x08!G\xb3\xfd\xaf\x84\x81\xd4\x96\xb1\xc4\xc9\
j \xa9\x8b\xcc\x01\xb0@\x93\xc2\xd38\xf9\xec\x0d\xa6\
;\xc2b\x19/\x99zT\xea\xb5j\x82\xcf\xa6\xf76\
\xccN\xf6\x11(\x89V\x88\xa8\xde#p\x9c\x85\xbck\
\xfe\xe8\xb3\x87-\x96 \xc3\xb2\x16\x00\xefj\xd4u2\
/:+\xdb\xc7\xb5\x06\x92\xaa\xe8\x5c\xeddQ\xe0n\
v\xc5\x7fb\xba\xed\x16\xcbDa\xf7\xba\xd7Ajf\
!\xc8\xb1\x18p\x97d\xfb\xbc\x93E\xb9P\xa3\xbc\x8d\
)\xe5\xcb`\xb1\x14\x0a\xe5s\xb7\x80\xf8\xa5Z\xe4\xc2\
l\x9b\xb8\xe8\x0d$\xa2\xd9x\x81\x1b3e\xf6,\x96\
\x82\x80\xed\x97\xa6\xc0\xf0\x22\x00\x8a:Ur\x02\x86\x1e\
?E\xf7\xd9l\xdb(\xa5\xd4/\xcb9R\xd3t:\
Bn/B%\x82p\x89\xa0\x7fP\x10.\x15\x84\xfb\
\x05}e\x82\x92~AI\x99\xa0t\xaa\xe0\xbd>A\
\xd94\xc1\x94\xfd\x82}\xd3\x05S\xde\x11\x94\xcf\x14\xcc\
\xa8\x14\xbc\xbeWPq\x82\xe0\xc4\xd7\x04O\x9f-\xf8\
\xe83\x82\x95+\xc5\x16\xdc\xb2\xe4\x1avm|\x5c\xaa\
\x1a\x9f\x02p\xce\x11\xe2\xa0\x9c\x0a\xe0E\xe5\xe7t\x01\
\xa5&\xda\x02\xd7\xf5\xbd\xbe\xca\xf8Z\x8b\x14\x04C \
\x05\x10\x81d~\x92\x02\x11\x01( &\xae1\xf3\xda\
\x985\x08\x04\x0am\xf8w\xbf\xb4\xe1c\x8f\xa2\x91\x04\
$\xa5\xd1\xd2m\x03G\xb4\xef0\x8d\x14\xb8\xc3\xbfc\
D\x8c\xc3\xb5L\x9ec\xd5\x00@\xe0\x1e\xfa>\xf7\xd0\
\xcf\x1d\xa2e>\xaf\xd5(\x107\xd3\x17#c\x0c\xb7\
\xcf}\xbf\x9f\x5c\x0e\x1f\xef$\x08oT\xae\xb0\xa6s\
\x0e\xbb\x13O\xa9\xfe\x14\xf5#PI\xc9\x83\x18\x18X\
\x8bq\xae\x19\xf2\x15A\x08@\x08\x22\x07_H\xff\x18\
\xf1\xbb`\xe2\x9a\x8cx\xcf\x985h4\xf1Y\xc3\xe8\
\xda\x11\xfd\xa5\xd3D\xad\x1d\xfe\xf3\x90\x94Fj\xe2]\
\xcbv\x1c\x11\xc5k\xc8\xa2\x8d\xec\xa7\x9114}x\
x\xbf\x1c\x02{q\xec\xac\xe7\xa0A\xfb\x1d\x88;\xd6\
\xbd\x00\xf2\x1eX,E\x8d\xdc\x97^\x16\xae&\xfbs\
\xa0P\xc55\x00~h\xba\x09\x16\x8b\x19\xf82\xa6O\
\xcdz\xc79\xab\x81\xd8\x11\xeb\xc3\xf4\xca:\x80\xffd\
\xba)\x16K\x8ey\x17!^\xce\xf65Y7\xbc\x1c\
\xf3\xf7\x1b\xa9i<\x17.\xaf\x04\xf1Q@N\x038\
\x05\x02\x02B\x90\x84\x08\x01\x12\xcc\xfc\xcc\xaa\x09\x01d\
\xd7,\x16c\xf0\x07(\x0d]5\x96Bpy\xf9\x87\
*\x0d\xf7\x87P\xfeL\x09z\xdf!\xfag\x12\xb3\xf6\
\x13\xfd\xd3\x89\x81>b\xc64b\xf0\x0014@\x0c\
M!\xa6\x0d\x10\xc9)Dr\x90\x98RJ$\x87\x88\
\xd4\x10Q6\xcdE\xea@\x18\xc9R\xc2\x1d\x22JK\
\x88T\x92pSD*L\x94f~\xba)\xa2$L\
\xb8\x19\xcd\x0d\x13\xe1\x14!\x19-\x1c\x22\x5c7\xfdo\
\x09\x11a\x97p3\xaf\x85\x1dB\xdc\xf4\xbf%D\x84\
\x5cB\x9c\xf4\xef\xa1PZ\x1b\xfe=,\x84\x9by\x7f\
\xc8I\x9fH\x0e\xbe7\xf3\xf9a\xcd\xcd|N\xe4\xfd\
\x98\x22\x84\xe3\xbc\x1f\xf3\x08\x8d\xef\xc7\x14\x97p2\xff\
\xc6H-\xf3\xf3\xa0\xe6\x12\xcc\xbc\xe7\x10\x8d\x99\x93\xe3\
\xe1\xda\xf0\x090\xa3\xc9\x88\x93\xe2\xc1c\x0c\xff\x1b#\
O\x98\x00\xe1\x1c\x1a\xc3\xd1|n\xc4\x09\x9a\x99<<\
kH\x9f\xa4\x0f\xd5\x06!x\x15\xc4#\xecn\xfd\x99\
\xe9\xbfq\x8b\xc5b\xb1X,\x16\x8b\xc5b\xb1X,\
\x16\x8b\xc5b\xb1X,\x16\x8b\xc5b\xb1X,\x16\x8b\
\xc5b\xb1X,\x16\x8b\xc5b\xb1X,\x16\x8b\xc5b\
\xb1X,\x16\x8b\xc5b\xb1X,\x16\x8b\xc5b\xb1X\
,\x16\x8b\xc5b\xb1X,\x16\x8b\xc5\x12d\xfe?8\
z\xb8\xfc8}\xdc\x22\x00\x00\x00%tEXtd\
ate:create\x002018-\
05-11T14:51:12-0\
4:00\x15S\x87\xc6\x00\x00\x00%tEXt\
date:modify\x002018\
-05-11T14:51:12-\
04:00d\x0e?z\x00\x00\x00\x00IEN\
D\xaeB`\x82\
\x00\x00\x13\xe4\
\x89\
PNG\x0d\x0a\x1a\x0a\x00\x00\x00\x0dIHDR\x00\
\x00\x01\x00\x00\x00\x01\x00\x08\x04\x00\x00\x00\xf6{`\xed\
\x00\x00\x00\x04gAMA\x00\x00\xb1\x8f\x0b\xfca\x05\
\x00\x00\x00 cHRM\x00\x00z&\x00\x00\x80\x84\
\x00\x00\xfa\x00\x00\x00\x80\xe8\x00\x00u0\x00\x00\xea`\
\x00\x00:\x98\x00\x00\x17p\x9c\xbaQ<\x00\x00\x00\x02\
bKGD\x00\xff\x87\x8f\xcc\xbf\x00\x00\x00\x09pH\
Ys\x00\x00\x0b\x13\x00\x00\x0b\x13\x01\x00\x9a\x9c\x18\x00\
\x00\x00\x07tIME\x07\xe2\x05\x0b\x0a3\x0cx\xf3\
\xb4\x95\x00\x00\x12\xd7IDATx\xda\xed\x9dy\x98\
\x15\xd5\x99\x87\xdfs{\xb5\x9bUhiVE\x85F\
1cF\x9d\x8c\x93\xcc\xb8MF\x1d\xf7\xb8\xa0\xe0\x12\
\x97\xc8\x98L#\x01\x5cZ\x92\x99<OT\x1e \xd1\
\xb8\x8e\x11\x13\xe22F\xc5\x05\x97H\xa2Q\xc7\x84<\
q\x89\xb6\x1d\x03(h\xc4\xb8\xa0\x806\xd0tCC\
\xdf\xbe\xdf\xfc\x01BU\xf5\xbd\xdd\xb7\xea\xdeZ\xef\xf7\
\xfeW\xf5\xf4\xad\xfe\xaa\xce\xaf\xbe:u\xbe\xdf9\x05\
\x8a\xa2(\x8a\xa2(\x8a\xa2(\x8a\xa2(\x8a\xa2(\x8a\
\xa2(\x8a\xa2(\x8a\xa2(\x8a\xa2(\x8a\xa2(\x8a\xa2\
(\x8a\xa2(\x8a\xa2(\x8a\xa2(\x8a\xa2(\x8a\xa2(\
\x8a\xa2(\x8a\xa2(\x8a\xa2(\x8a\xa2(\x8a\xa2(\x8a\
\xa2(\x8a\xa2(J\x08\x98\xb0\x03\xe8\x1d\x89x|\xe1\
b\xa4\x08\xc7\x08\xfb$\xb2#\x86\x01\xd4\xb17\xa3\x19\
LeT\xa3\x0c\x95\xedl\xe2c\xdeg\x1d\x1bM\xc6\
\xfba\x22xi\xc50\x9c\xa39\x9aC\xa9\xa7\x9a2\
RaG\x14I\x84n:\xf9\x8c?\xf3{~\xcbj\
\xaf\xd9 r\x02\x90\x81\x1c\xc3\x14\x8ea\x10&z\xd1\
E\x0eA\xd8\xcaR\x1e\xe47f\xad\x97\x03D\xec\x12\
\xcb(\xa6q6c\xa2\x16W\xc4\x11\xd6\xf2\x08\xb7\xf2\
\x8e\xfb<\x10\xa9\x0b-\x0d\xcc`\x0a\xfd\xa2\x15UL\
\xe8\xe4W\xcc\xe75\xb7\x12(\x0f;\xee\xddH=W\
\xf2\xcd(E\x14+\xaa9\x9d\x0c\xff\xcdJw?\x8b\
L\x07K\x06r\x19gP\x16v\x1c1&\xc5\xa9\xcc\
\x90a\xee~\x14\x9d\xfb\xedH.d\x90c\xdf\x16\xd6\
\xd1Nw\xd8\xa1E\x92\x14\xb5\x0ce\x80m_\x15\xa7\
\xf2\x8a\xdc\xe3\xe6\xb50\x22\x02\x90:\xcea\x8cm\xd7\
\x16^\xe2\x09^\xe5C\xb6\x86\x1d]$\xa9b\x04\x87\
p\x22G1\xd0\xd2g\x1a\xc69,\xe5\xdd\xb0\x83s\
\x89\x189Y\xd6\x88\x95\x0d2O\xc6\x85\x1dW\xf4\x91\
Q\xf2_\xb2\xd6v\xe5:\xe4;\x12\x99\x07{\xbe\xa7\
\xd1On\x92N\xcbIl\x95[dL\xe1\xc7-\x05\
d\x88\x5c-\xad\x96k\x97\x91\x07dH\xd8Q\xb9=\
\x89\xd1\xf2\xb2d,'\xf1\xa2L\x0c;\xa6\xf8 \xf5\
\xf2\x98\xed\xea\xbd%\x07\xe6\xff\xebh$\x8bQ\x0c\xb7\
<\xc7\xb6\xf04o\x85\x1dR|0\x9f\xf2\x14\x1b-\
;\x8606\xff\x87@4\x040\x82\x1a\xcb\xd6\x06^\
+\xa4\xbcQ\x82\xbc\xce\xc7\x96\xad*7#\xa9\xd1x\
\x0b\xe8o\x8b\xa3\x93\x0f\xc3\x0e\xc8\x1bR\xc9\x00\xaa\x10\
:h+F\xa96o\xd6\xd0f\xd9*cp\xdc\x04\
Pi\xcbD\x99\xb8\xbd\xf8I%\xf5L\xe4\xef\x19\xcb\
\x10\xaa\x11\xdaY#\xabh\xe6]Z\x03\x11B'i\
\xcb\x96\xa1*\xff\x9fFC\x001F\x0c\xe38\x89\x13\
9\x90\x81T\xef\xba\xf32\xb4\xb3\x8e\x97yJ\x9e3\
\xad\x81\x07\xe5\xa2\x96\xa2\x02(\x08\x19\xc4q\x5c\xccW\
\xa9q\x14\xafS\x0c`\x00\xfb\xf0u\x1e\x97{x\xdd\
t\x85\x1di.T\x00\x05 \x83i\xe4[\x8c\xcey\
\xc7\x95S\xcf%4p\xbb<\x19U\x09\xa8\x00<#\
\xc3\x99\xce%\x0c\xed\xe3\xcf*8\x92:*\xe51\xb3\
-\xec\x88\xb3\x11\xb0\x00r\x98<cX\xff\x97J\xce\
\xe7\xdb\x8ebLvRLd\x06m\xb2$\xd07\x83\
<\x09H\x00}\x98<\xbf\xe2\xa6\xdf\x1a\x05\xa4\x8cS\
\xf9\x8f\x1e\xcd\x9f!M\x06(\xa3\xdcv\x8e\x86C\xb8\
\x94U\xbc\x13v\xdc=\x09@\x00y\x98<\xcb\xa9\x0c\
\xfbB\xb8d,\x17\xb0\x8fc\xdfz\x96\xd3\xc2'T\
\xb0?\x7fG\x035\x16\x11\x94q<\x7f\x969\xd1{\
\x0c\xf8.\x80\x84\x9a<\x8f\xe1k6!w\xf2\x02w\
\xf3G6\x92\xc6P\xc5(N\xe2\x22\xf6\xb7\x18\x5c\xaa\
8\x89\xc5\xb4\x84\x1d\xb8\x13\x9f\x05\x90L\x93\xa7\x0c\xe3\
8\x9by%\xcd\x83\xccc\xe5\xaeg|'\x9b\xe4]\
\xfe\xc6,\x0e\xb5\x9c\xf9x\x8e\x91e&\xed\xe6?\xf9\
\x8f\xaf\xb5\x00i\xe0\xfb|;i\xcd\x0f\x1c\xc4a\x96\
s\xea\xe6\x05n2o\xdb\xbbxf\x1b\x8b\xb8\x19\xab\
U\xbb\x86\x7fa`\xd8\xa1;\xf1Q\x00R\xcf\x95\x5c\
B\xff\xa45\xbf\x943\x81\xe1\x96\x1d\x1b\xb8\x9fe=\
\xff\xcedx\x9a%l\xdf\xb5#\xc58\xf6\x0d;z\
'\xbe\x09 \xc1&\xcfj\xf6\xb3\x9d\xd72\x96\x9a\xec\
\xbe\xc5M<i+\xd3\xd41:\xec\xe0\x9d\xf8\xd7\x07\
pc\xf2\x1c\xc2\xf0\x18I\xa5\x12\xbb\xf3v%9\xe6\
\xe4\x98\x8c\xac\xe03\xcbPQ\x7f\x22\xe7\xd5\xf1I\x00\
.M\x9e\xdf\xe4\x87\xf4\x0f\xfbR\xe4M\xca\xf6\x82\x07\
\x1b{\xa9^v\xb2\xc1\xb2UIu\xd8\xc1;\xf1E\
\x00b8\x9c\xa3\x1c\x17i\x01?39\x06Bd\x0b\
\x11\x1c#\xcb}z\xd8{\xf2\x95\x94\x91\xabo\x9f\xb2\
\x0dqe\xa2gq\xf7\xa7\x0fP\xcb\xbf\xb2\xa7e\xbb\
\x93\xfb\xb8\xddDp\x1c\xcc\x13\xddl\xb4\x09vT\x8f\
G\xddn\xea\xa9\xb3lmes\xd8\xc1;\xf1G\x00\
\x839\xdc6\xb6\xf7\x0aw\x9a\x0f\xc2>\xd5\xa2\xd1\xc9\
\x076\x01\x1cLC\xf6?\x94*\x8ed\xb0eG+\
\x9f\x84\x1d\xbc\x13\x7f\x04\x90h\x93\xa7\xe9\xe4\x1d\xb6X\
v\xec\xcd\x199\x8c\xd8\x138\x99~\x96\xed\x8fy/\
\xec\xe8\x9d\xf8#\x80\xa4\x9b<\x97\xb1\xdc\xb2U\xc9$\
N\x97\x1a\xfb\x9f\x88\x911L\xe3+\x96]\xdbif\
M\xd8\xa1;\xf1G\x00\x091y\xe6d%/Z\xba\
}\x86\x11\xcc\xe6?e\xcc\xeeb\xb7Tp\x18W3\
\xc9\xf6 \x5c\xc7s\x94H1(\xe6&\xcf\xbe0]\
\xf2kN\xa3a\xd7c\xce\xb07W\xf2O</+\
h\xa5\x9c\x91\xfc\x03\xc7\xf2e[\xf3\x0bKy%z\
\x8e\x00u\x04y\xe3u\x9e\xa0\x91\xda]\xdb\x86:N\
\xe3X>e3e\x0ca\x18)\xc7\x10\xf8_\xf9%\
\xeb\xc2\x0e\xbb'*\x00O\x98\x0eYH\x03'\xdb\xc6\
/\x0d\xb5\xec\x97\xf5\xcf\x856~\xca\xf3\xd1\xbb\xff\xa3\
23(\x86\x98U\xdc\xcc\xef\xc8\xaf\xb8\xbb\x85E\xdc\
o\x22\xf9 \xd4\x0c\xe0\x9d\xa5\xcc'\xc3\xd1}T1\
\x84\xcd\xdc\xc9\xed\xe6\xd3\xb0\xc3\xcd\x8e\x0a\xc03\xa6[\
\x9e\xa5\x95i\x1cG]\xce\x92w7\xabx\x80\x05\xde\
\x96p\x0b\x82\x22\x08 \x8b\xd37a\x0e\x80\x5c\x18\xe1\
Or5K9\x83\x7f\xb4\xad\xd3\xb1\x83\x0c\x1f\xf2,\
\x8b\xf8\xbd\xd9\xee\xe9\xf0\x81P\x80\x00zq\xfa\xc6\xce\
\xe5\xeb\x1d\xf3\x89\xfc\x82\xe78\x82\xafr0\xa3\xa9&\
\x05\xa4i\xe3\x1d\x9aY\xca\xcbl\x8cb\xd7o7\x1e\
\x05\xd0\x87\xd37~.\xdf\x020iV\xcb\xfb,f\
\x10C\xd9\x8b~d\xd8\xc0:Zi\x8d\x9e\x07\xb8'\
\x9e\x04\x90P\xa7o\x01\x18\xa1\x8d6>\x90\x1do\xff\
\x99h\xdf\xf5V<\x08 \x99N\xdf\xe2\x10\xbf\x9a\x87\
k\x01$q9W\xa9a/j\xf9\x9c\xcf\xa2f\xda\
\xf6\x1f\x97\x02H\xe2r\xae2\x8e\x8b9\x86\x1a>\xe2\
q\xf9\xa5\x89\x9ce\xc3_\x5c5e\x12\x9d\xbeR\xcf\
\xe5\x9c\xcf\x00\x0c\x072\x9e\xb4\xfco\x1c\xban\xc5\xc3\
\xdd\xbd\x9c\xaf\xd376._\x19C#\x17\xec\x9c\xe4\
\x99b,\xb3H\xcb\xa2h\x0e\xda\xfa\x83\x0b\x01\xb8p\
\xfa\xc6\xc4\xe5+\xf54r\x91e\x8e\xaf\xa1\x81Yd\
\xe4\xa1(\x0f\xdd\x14\x97\xbc\x05\xe0\xc6\xe9\x1b\x0f\x97\xaf\
\x8c\xa1\x91\xcb\x1cBMq\x10\xdf#U:Y \xff\
\x0c\x90\xdd\xe9\x1b[\xab\xa7\xd43\x8d\x0b\xb3\xe4)\xc3\
8f\x22\xf2`id\x81\xfc\x05\x90(\xa7\xaf\x8c\xa6\
\x91\xa99\xd6\xf7H\xf1%f\x83<b\xb6\xb8<l\
\x0c\xc9\xdf\x0f\x90 \xa7\xaf\x0cg\x1a\x97\xf4\xb2\xbc\x8b\
a<\xb38KJ\xa0\xa2\x91\xbf\x00\x12\xe3\xf4\x95\x91\
|\x97Km\xb3\xf4\x84V\x96\xd1i\xd9c8\x88k\
\x98${\x84\x1d\xad\xdf\xe4/\x80\x848}e\x04\xd3\
\xf9\x96\xedeVh\xe36\x1ay\x0a\xab\xa4S\x8c\xe7\
J\xceNz\x16\xc8\xbf\x0f\x90\x08\xa7\xaf\x8c\xe4r.\
u4\xffZ\xee\xe0\x0e\xb3^6\x91\xe2\x04v\xdf\xf3\
\x86\x89\x5cEZ\x1e1\x9d\xae\xffQl()O\xa0\
\x8cd:S\x1dCY\x9bY\xc8mf=\x98\x16\xae\
g\x89#\x0bL\xa0\x89\xc9I\xce\x02\x89\x1a\xd5\xef\x1d\
\x19\xc1t.q\xdc\xfd\xeb\xb8\x85\x05_\xac\xe6k\xde\
\x90\xeb\xc8p\x92-\x0b\x1c\xc0\x15t\xc9\xc3I\x1d \
.\x99\x0c \xa3\xf9.Sm#\x19\xb0\x91\x85\xdci\
>\xdb\xbd\xc3\xb40\x97%6\xafo\x8a\x03\xb8\x86)\
I\xed\x0e\x96H\x06\x90z\x1a\xb9\xd8\xb6D\x93\xf09\
7\xb2\xc0|n\xffK\xd3,\xd7\xd1\xcd)\x96\xa5\x1c\
\x0c\x13\x98\x95\xd4,P\x12\x19@\xc60\x93\xcb\x1c\xcb\
\xb3|\xce]=\x9b\x1f\xc0\xb40\xafG\x168\x90\xd9\
LNb\x16(\x81\x0c\xd0\xa3\xe4\x03\xc2\xa6lw\xff\
\x17\x98f\xb9\x96.\xbea\x19\xf9440\x93nY\
\x94\xb4,\x90x\x01d-\xf9\xacca\xee\xe6\x070\
-2\x8fJN\xb4H \xa1e\xa2\x84?\x02\xa4\x9e\
i\x5cdk~\xa1\x8d[\xb9\xa1\xb7\xe6\x070op\
-\x8fa]\xe5\x7fG\x99\xe8,I\x94\xe39\xd1\x19\
 K\xc9GX\xcbB\xee\xec\xab\xf9\x01\xcc\x1b2\x8f\
JN\xb0t\x07\x13X&Jp\x06\xc8R\xf2\x11\xda\
\xb8\x83\x1b\xac/~\xbdaZ\xb8\x9e'\x1c\x1fdJ\
X\x99(\xb1\x19 \xc7\xa0\xef\x02\xeep\xf3\x11'\xd3\
,s)w\x0c\x10\x7f\x89k\x10y\xb8\xb0\xbe\x80T\
1\x92\xa1t\xb0\xc6l(\xe48\x85\x92P\x01d\x1d\
\xf5kc\x017\xbb\xfd\x86\x97i\x919d8\xc3\x92\
+\x0d\xe3\xb9\x82\x94<\xe0\xfd\x8d@\x06r1g1\
\x92m,\x95\xdb\xcc\x1b\xe1]\xa9D\x0a\xa0\x97\x92\x8f\
\x87O\xb8\x99f\x99\x93\xb5L\xd4-\x0f{+\x13I\
\x0d\xe72\x93\x91\x18\x84\x91T\xc9\x0f\xcd\xaa\xb0\xaeU\
\x02\xfb\x00\xbd\x97|\xbcP\xdc2\x91\xd4p!3\x18\
\x89\x01\x0c5\x9c\xc5l\x99\x10\xd6\xd5J\x5c\x06\xe8\xbb\
\xe4\xe3\x85\xace\xa2\x09^\xcaDR\xc3df\xb0\x9f\
\xc5]U\xc9\xe9\xa4e~8Y a\x02\x90\xd1L\
c\xaa\xe3\xb3\x0c\x1b\xf3}\xf1\xeb\x0d\xd3\x22sIq\
\xaa\xe5\x8a\xed(\x13U\xc8\x83\xf9w\x07\xa5\x96\x0b\x98\
\xc5\xbe\x8e\x89u\xfd9\x9f\x94\xcc7o\x07\x7f\xc5\x12\
%\x80\xfcK>^\xc8Q&\xba\x82t\xbe\x03\xc4\xb2\
\x07\x93\x99\xde\xa3\xf9\x01*9\x13dn\xf0Y A\
\x02\x9014\xf6\xf8\x94[\xce\x92\x8f\x17L\x8b\xcc\xa3\
\x9cSzd\x812Y\xd4\xf7\xd0\x90\xd4r>W2\
6\xc7\xb4\xda\xfeL!#?\x0e:\x0b$\xa6\x13\x98\
\xb5\xe4\xb3\x91\x1b\xfb\x1e\xf4u\x83i\xe6Z\x1e\xc5:\
c`\xc7l\xa23\xfb\xea\x0eJ5S\x98\xeeh~\
\xb1M\xa0\xa9b\x12M2>\xd8\xeb\x96\x90\x0c\xe0\xad\
\xe4\xe3\x85\xace\xa2\x89\xcc\xc6\xc8\xc3\xb9\xb3\x80\xd4r\
\x1eM\xecmk\xfe\xad\xac\xa0\x9e\x11\x96}\xfd\x99L\
\x97\xdc\x10d\x16HD\x06\xf0^\xf2\xf1B\xd62\xd1\
\xf8\xde\xcaDR\xcd\xb9Lw4\x7f\x17\x8b\xf8\x0e\xf3\
Xc\xcb\x02\x95\x9cC\x93\xe4X~\xde\x0f\x12\x90\x01\
\x0a+\xf9x!K\x99\xc8\xec,\x13e\xc9\x02R\xcb\
\x14\xaeq4\x7f\x07O0\xdf\xac\x90\xe5\xc0\xe5\xb6\x97\
\xc2~\x9cM\x97\xfc\xd8\xac\x0c\xe6\xea\xc5>\x03\x14^\
\xf2\xf1B\xd62\xd18f2\xc9\xd9\x17\x90=8\x9f\
\x99\x8e\xe6O\xf3(s\xcc\x0a0\x1d\xdc\xcdm\x8e,\
P\xcd\x14\x9a\x82\x1a\x1a\x8ay\x06(N\xc9\xc7\x0b9\
\xcaDMd\xace\x22\xa9er\x8f\x9e\x7f;O2\
\xcf\xac\xd8\xf9\xa3\xcd\xf23\xd2\xcc\xb0\xbd\x1c\xd60\x89\
t0Y \xd6\x19 \xc7,\x9f\x05\xdc\xecu\xd0\xd7\
\x0d\xa6\x859\xfc\xca6@\xbc\xa3L\xb4k6\x91\xd4\
p\x01W8\x9a\xbf\x8b\xc5;\xee\xfe]?\xea\xe0^\
n\xe7#[\x16\xa8\xe1<\xae\x09\x22\x0b\xc48\x03\x14\
\xb7\xe4\xe3\x85\xde\xcbDR\xc3\xe4\x1e\xa3~\xed,f\
\xae\xb5\xf9\x01\xccf\xb9\x8bm\x5c\xc1>\x96\xbf\xad\xe6\
\x0c\xba\xe4G~\x0f\x0d\xc5V\x002\x92\xe9\x8e\xe6\xff\
\xa2\xe4\x13P\xf3\x03\x98\x16\xb9\x1e\xf8\x86%\x93\xee(\
\x13\x95\xcb\x13\x9c\xe3H\xec\x90\xb6&\x7f\xdbq\xda\xe5\
^\xaa\x99\xceh[w\xf0\x02*d\xae\xbf/\x851\
\x15\x80?%\x1f/\xe4,\x13\xfd3G\xd8z\xf7\xd0\
\xc1\xa3\xd9\x9b\x1f\xc0\xb4\xcb\x02\xb6\xd2d\x93@\x00e\
\xa2X\x0a\xc0\xbf\x92\x8f\x17r\x94\x89\x1a\x1c\xdf\x0c\xe9\
\xe2I~\x94\xab\xf9\x01L\xbb\xdcG5\xd3l\x0f\x02\
\xdf\xcbD1\x14\x80\xbf%\x1f/d-\x13\xd9WI\
\xdb\xca\x22\xe6\xf7\xd6\xfc\x00\xa6]\xeeb\x1bM\x8c\xb2\
e\x01_\xcbD\xb1\x13\x80\xff%\x1f/d)\x13Y\
\xd9\xc6\xe3\xbd\xdf\xfd\xbb\x8e\xd3.\xf7RI\xa3\xad\xef\
\xe0k\x99(f\xaf\x81\xc1\x94|\xbc\x90\xa5L\xf4\x05\
\xdbx\x90\xeb\xcd\xf2<\x8f\xd3\xce\xcf\xf9\x89ch\xc8\
\xc72Q\xac2@p%\x1f/d)\x13\x01t\xd3\
\xc2\xad\xf96?\x80\xd9,wSN\xa3\xad\x0b\xe9[\
\x99(F\x19 \xd8\x92\x8f\x17\xb2\x94\x89 E\x1d\x07\
\xb9\x9bMd:X\xc8-\xc1\x94\x89b\x93\x01\x82/\
\xf9x!k\x99h,\xb31\xf9XF,\xc7\xd9,\
\x0b\x09\xa4L\x14\x93\x0c\x10N\xc9\xc7\x0b\xf9\x97\x89\xfa\
8N@e\xa2Xd\x80\xf0J>^\xc8Z&:\
\x88&2\xee\xe6\x14\x06S&\x8aA\x06\x90\xbd\xb8<\
\xbc\x92\x8f\x17v\x96\x89\xac+\xa8\x1b/\x8b\xce\xe5,\
\x135\xc9\xbe\xc5\x8a5\xf2\x02\x10\xc3\x09\x5cd[\xdb\
GX\xcb\x8d\xc1\x8e\xf9\xbb\xc543\x87\xc5\xb6\xa5\xf4\
\x0c\x07r\x95\xdb\xa5'\xcdf\xeeb.\xef;\x1e\x04\
\xa7q\xa6\x14i9\xfe\xc8\x0b\x80\xfe|\x8d\xa1\xb6=\
\x05\xcd\xf2\x09\x0a\xd3\xc2\x9c\x1e\xb3\x89\x1ahb\xb2T\
\xbb:N;\xf7r\x1b\x1f\xda$0\x88#\x1c\xd7\xc4\
3\xd1\xef\x03\x949>\xc2\x1eJ\xc9\xc7\x0b\xbd\xce&\
r1\xa70G\x99\xa8\xa28QF?\x03lb\x85\
\xa5O\xddca\xb7(\x93u\xd1\xb9\x09\xee\x17\x9d3\
\xed\xdc\xc7M\x96\x07A\x9a7)R\x06\x8c\xbc\x00L\
\x86'YL\x07\xddt\xb1\x86y\xd1\x19\xf6\xc9+\xfa\
f\xae\xe31\xc72\xd4\x0d\xee\x97\x980\xed\xdc\xc5|\
\xde\xa3\x8bn:\xf9?\x1e)\xd6bU\xd1\x7f\x04\xc0\
\xdb|\x8fW\x98H;/\xb1\xc4\xb4\x85\x1d\x8e;z\
\x99M\xf4\x90\xab\x97\xc2v\xb9\x87\x8f8\x92\xa1\xacb\
\x09o\x16+\xbe\x18\x08\xc0\x08\xef\xca\xed\xecA\x86\xf6\
8.Q\x9fu\xd1\xb9\xf1\xcc$\xed\xee\xdbDf\xab\
<\xcd\x8bT\xd0Y\xccu\xcab \x00\x00\xb3\x8d\x18\
\xaf\xcf\x97c6\xd1U|\xcc\x0b\xae\x8e#\xb4\x17;\
\xb6\xc8\xf7\x01\x92A\x8e\xd9D_\x97\xda\xb0#S\x01\
\x04\x84y\x83y<e\xeb\x0e\x961\x22\xfc\xaf\xac\xab\
\x00\x02\xa3G\x99\xa8\x9b\xd5\x84\xfee\xb2\x98\xf4\x01\x92\
\xc1\xce2\xd1\xf1\xd4`\xe8\xe6u\x9e!\xf4\x05'U\
\x00\x81bZ\xe4\x07\xac\xe6(*x\x93\xfbx\xd5\xf8\
\xf3\x81M\x17G\x8d\x86\x00\xd2\x8e\x09V\xa1?\x19\xfd\
\xc3,\x97\x1fPO%k\xd9T\xb4\x97\xdaJ\x9b\x07\
Y\xdc<X\xa2!\x00\xfb\xc7\xa7\xab\x18\xc1\xea\xb0C\
\xf2\x0f\xb3\x85\xf7\x8a|\xc8a\xf4\xb3le\xd8\x94\x7f\
\x0e\x88F'\xf0S[\xe1t\x10\x87\x88\xf1|\xacR\
\xe4`FX\xb6\xb6;\x1c\x04\xbd\x12\x0d\x01|\xc0:\
K\xc8\xfd8\x9e}\xc2\x0e)>\xc8\x10\xfe\xdd\xf65\
\x94\x0d\xac\xce\xff\xe1\x12\x0d\x01\xb4\xf2\x9a\xe5\xf5\xc8p\
\x04Sep\xd8A\xc5\x03\xa9\xe1\x5c\x8e\xb5\xb4\xa3\xb0\
\x8cO\xf2\xff}4\x04\xd0\xce\xf3l\xb2l\xd7r!\
\x17\xc9\xf0\xb0\xc3\x8a>\xb2'\xe71\x83a\x96]\xdb\
\xf9\x03.\xea\xa5\x91\xe8\x04\x9a\x8c\xfc\x91\x978i\x97\
\xe1\xc1P\xcf\xf79\x5c\x16\xf3'\xd6\x90\xe0\xefv\x16\
@%\xc3\xf82\xa7p\xbc\xed\xa3\xdeB3\xcf\x98\xee\
\xfc\x0f\x13\x09\x01\x00\x1f\xf3\x10\x87a\xbd\xe7\x07s&\
G\xb1\x92O\xd9\xe6\xe6\xbd\xb6d\xa8\xa4\x8e\xf1\x0cw\
\xe4\xf0V\x16\xe1j\xf6PD\x04`D\x9e\xe5`\x1a\
\xb1:e\x0cu\xd4\x85\x1dY\xacH\xf3k\x1e7i\
7?\x89F\x1f\x000\xeb\xb9\x93\xdf\xe0\x22y)\x0e\
2\xfc\x8e[\xf8\x9b\xbb\x1fEF\x00`\xfe\xca\x1c\x1e\
q\xcc\xacS\xf2\xa5\x9b\xe7\x99\xcb\xebn\x07\x97#\xf2\
\x08\xd8I3\xd7\xd2\xc1\xc9\x0cE\x07\x82\xdc l\xe4\
\xb7\xfc\x84\xd7\xdc\x0f.GJ\x00&\xc3ri\xe2U\
\xce\xe5P\xf6P\x11\xe4\x85\xd0\xcd_X\xc4C\xc6\xd3\
\xf0y\xa4\x04\x00`\xd6\xcb/\xf8\x03\xff\xc6Q\x1c\xcc\
\x9eT8V\xda)\x15*lg\xdd\xdd\xa3o$@\
\x864\x9bX\xceR\x9ea\x99\xb7\xaf\x17EP\x00`\
\xb6\xb3\x5c\xde\xe2~F1\x8e\xfd\xa9\xa3:J=\x95\
@\xa8\xe0x\xcb+q\x9a7i\xc6\x9e\xdc3l\xa3\
\x95\xf7x\x87\x0fX[HU1\x82\x02\x000\x19\xd6\
\xb3^\xfeByIf\x80Z\xc6[\x04\xb0\x9dg\x99\
\x8b\xf3\xe5N\xc8\x90v\xf7\xca\x97\x8d\x88\x0a`\x07&\
M\xc1'\x18G\xc48R~\x17\x1d\x857uvJ\
-\xb9*\x0eT\x00%\x8e\x0a\xa0\xc4Q\x01\xc4\x01\x1f\
\x8ba\xfe\x08\xa0\x84L\x9e\xbeP\x80\xc9\xd3-\xfe\x08\
\xa0\xa7\xc9SqC\x01&O\xb7\xf8#\x005y\x16\
F\x01&O\xb7\xf8#\x005y\x16@a&O\xb7\
\xf8#\x005yz\xa6P\x93\xa7[\xfc\xea\x03\xa8\xc9\
\xd3\x13\x85\x9b<\xdd\xe2\xcbP\xb0\x9a<=P$\x93\
\xa7[\xfc\xaa\x05\xa8\xc9\xd3-E2y\xba\xc5'\x01\
\xa8\xc9\xb3(x0y\xba\xc5\xb7\x91@5y\x16\x8c\
'\x93\xa7[|\x1c\x0aV\x93gAx4y\xba\xc5\
_?\x80\x9a<\xbdQ\x80\xc9\xd3-\xbe\x0a@M\x9e\
\x1e(\xd0\xe4\xe9\x16\xdf\x1dA%f\xf2LQ\xb6\xf3\
\xfc2t;\xdevz3z\x16\xcd\xe4\xe9\x96\x00,\
a%e\xf2,g\x04#\xa8f#\x1f:\x86oz\
7z\x16\xcd\xe4\xe9>\xe0@(!\x93\xa7\xa1\x86\x0a\
\xb6\xe1\x5c\xce\xb5/\xa3g\x91L\x9en\x09\xd4\x14Z\
\x22&\xcf\xac\xcb\xb9\x06i\xf4tCr\x93\xb1\x92\x17\
*\x80\x12G\x05P\xe2\xa8\x00J\x1c\x15@XD\xa4\
\x22\x9a\xff[@I9}\xa5&J\xcb\xb9\xfaI\xfe\
\x02\xd0\xe5\x5c\x0b#@\xa7\xaf\x1b\xf2\x7f\x04\xa8\xd3\xb7\
0\x02t\xfa\xba!\x7f\x01\xa8\xd3\xb7\x00\x82u\xfa\xba\
!\x7f\x01\xa8\xd3\xd73A;}\xfd9\x89\x94L\x92\
\xf5\xb2\x9b\x8c|\x223\xd5\xe9\xdb7\xb2\xa7L\x95\xd5\
\x92\xb1\x5c\xbbN\x99U\xac\x8f?\x17\x8a\x8b\xe7\xb8\x8c\
\xe2\x7f,N_\x80\x0d<\x87:}s\x93\xcb\xe9\xfb\
2S\xcd\xb2\xb0\x83\xdb\x81\x9bb\x90:}\xdd\x12\x92\
\xd3\xd7\x0d.\x04\xa0N\xdf\xa2\x10\x80\xd3\xd7\x0d\xaeF\
\x02\xd5\xe9[0\x818}\xdd\xe0r(X\x9d\xbe\x05\
\x11\x90\xd3\xd7\x0d\xae\x07s$\xc5\x01\xccT\xa7\xafk\
v;}#\x93\xfe\xc1\x83\x00\x00\xa4\x8e\xd3\xd5\xe9\xeb\
\x82\x80\x9d\xben\xf0\xd8\x80R\xc9\xb8\x92q\xfaz%\
4\xa7\xaf\x1b\x0ah8I1\xa4$\x9c\xbe^\x09\xcd\
\xe9\xeb\x86\x82\xef\x5c)/\x01\xa7\xafWBr\xfa*\
\x8a\xa2(\x8a\xa2(\x8a\xa2(\x8a\xa2(\x8a\xa2(\x8a\
\xa2(\x8a\xa2(\x8a\xa2(\x8a\xa2(\x8a\xa2(\x8a\xa2\
(\x8a\xa2(\x8a\xa2(\x8a\xa2(\x8a\xa2(\x8a\xa2(\
\x8a\xa2(\x8a\xa2(\x8a\xa2(\xb1\xe5\xff\x01\xbf\xe1y\
\x7fN\xa9\xf7*\x00\x00\x00%tEXtdat\
e:create\x002018-05\
-11T14:51:12-04:\
00\x15S\x87\xc6\x00\x00\x00%tEXtda\
te:modify\x002018-0\
5-11T14:51:12-04\
:00d\x0e?z\x00\x00\x00\x00IEND\xae\
B`\x82\
\x00\x00\x05\x1f\
\x89\
PNG\x0d\x0a\x1a\x0a\x00\x00\x00\x0dIHDR\x00\
\x00\x00C\x00\x00\x00C\x08\x04\x00\x00\x00m\xc3p\xf8\
\x00\x00\x00\x04gAMA\x00\x00\xb1\x8f\x0b\xfca\x05\
\x00\x00\x00 cHRM\x00\x00z&\x00\x00\x80\x84\
\x00\x00\xfa\x00\x00\x00\x80\xe8\x00\x00u0\x00\x00\xea`\
\x00\x00:\x98\x00\x00\x17p\x9c\xbaQ<\x00\x00\x00\x02\
bKGD\x00\xff\x87\x8f\xcc\xbf\x00\x00\x00\x09pH\
Ys\x00\x00\x0b\x13\x00\x00\x0b\x13\x01\x00\x9a\x9c\x18\x00\
\x00\x00\x07tIME\x07\xe2\x05\x0b\x0a3\x0cx\xf3\
\xb4\x95\x00\x00\x04\x12IDATh\xde\xed\x98]h\
\x1cU\x14\xc7\x7fwf\xf3\xd1m\xd1\x88$\xc4\x8fT\
\x11\x8dE\x91F\x0cX7\xbbK+\x9aT\xab\x18L\
\xd4\x88/F\xc4\x07\xa1\x15\x09\x22\x08\x16D\xdf\xd4(\
X\x14\xfcz\xa8m\xad\x11\x9bVll\xd2\xda\xe2\xee\
\xec\x12\xdbbL%5\x18\x1fJ\xa54Rc\x8dM\
\xa3\xeb\xee\xcc\xf1a\xd3dw\xbb)\xbb3\x93\x9d \
9o{/\xf7?\xbf\xf9\xdf{\xcf\xce9\xb0\x14K\
\xb1@\x11\xbb;r2\xda7V\xe1LEs\x8aa\
m\xa4N\xee\xfb-\xe01\x06\xcb\x01\xf0y\x8c!:\
\x802\xbdv#\xedC\xcac\x0c\xa5\x03\x98\x8b\xc3\x0d\
\xcds\x0c\x1d\xf0~S\xd2G\xb4\x84n\xc4W\xc5W\
\xe5\x19\x9e\xe7\x88\x0e/\x8f\xae\x95\x82\xafq\xc1\x18F\
(\xf5\x93y<\xba)w<}DS9n\x187\
O\xfe\x22\x87\x8c\xf7]\xc7\x90kA\x14oG:r\
&\xf2l\x8a\xb1\xd2\xdaO-P\xe7:F\xed.\x15\
\x03Qjk\xf4\x9e\xac\x09\x1f\x80\xca\xd8\x94X\x8d\xec\
\xa7\x0e\x98\xd2^r\x1d\xe3\xa6\x04\x0f\xaa\x11\x902\xe9\
\x8d\xde\x91\xe1R\x8e\x1bCU\xd6\x80\xd4\x03\x09Z\x9b\
\x8e\xb8\x8e\x01\xa1\xb3z\x8b:\x09\xac\xa0/~c\xb6\
\x1b\xfa\x0c\xc6Q\xff\xb9\xbd\xb2\x1aH\xd1\x11\xfe\xa6p\
\xed\xa2.l\xe0\x94\xde\xc2\x04H\x8d\xd9\x7f\xb8vf\
0\xedF\x0a`\xa4|\xba\x97\x00(QO\x85w\x17\
\xa3\x5cd\xde\x08\x8cj\x0f\xa8i\x90\x1b\x12_\x0f^\
\x06\x17nJ\xc2\x04\xd1'v\xd0\x0c\xa06\x85>)\
N\xb7\xe8\xf4\x15\x1cT\x8f\x90\x02iH\xee\x1e\xab`\
\xf6\x88\x8a2>\xa0\x0d@\xbd\x1c\xdcR\xac\xaa\x8d,\
\x1a\xec\xd3\x9e\x06\x90u\xe3\xdbDK\x1f\xd1r3\xda\
-\x9d\x00\xea\xcd\xd0k\xc5k\xea\xc5/\x81\x8f\x87;\
\xff\xe6^\xe0\x96_\xab\xb9\x9dr0-y\x01\x80\x0f\
\xc3\x1b\xed(*;\x8b\x00\x8cn\xeby\x00\x95\x94\xb2\
Y\xb1\xcf\x83\x1d\xca\xb2\xa3f\xfb\xaf\xad\xa9K\xed\x00\
\xc8\x80\xd8\xb7\xec\x09{\x10\x0e0\x94,{\x92\x81\x8c\
\xdf\x86\xfepc\xd2\xb6\x9a\xdd\x85\x00#+\xfe8$\
\x8d\x00\x0c\xf9\xd75N\xdaWr\x84\x01\x91jN\xa3\
crU\xf8\x8c3%\x87q\xb8\xd6\xd8\xf2}\xb5\xa7\
\x08\xff\xbb\x98\xe7l\x882v\xd2.\xce?\x98\xb3\xe3\
\x04\x1b\xc2\xc7\xf3M\xcc\xf3\xa0\xef\xae\x91G]\x87\x80\
\xeb\xb5\xb6\xfc\x13\xf3<\xea\xceS\xaa\xc7n*\xba\x94\
\x1b\xd6\x17\xaek.\xb2\xf8\xa1\xfe\xd8\x15N5\x1c\xef\
\x7fd\xe7\xb9\xd1?'\xe2\x8f;Sq\x9aE\xdb\xd5\
g\xa2\x81\x9a.kX3\xe6\x91\x1b\xf1\x16\xb5=}\
\x9f\xc4\xff\xef\xdc\xd7ii\xdd\x884\xa9\x01\xf1gH\
\x0d\x97\x85\xd7\xfcUb7b\x0d\xec\x15?p\x1e\x00\
\x13dur\x8f\xddV\x9cM\x8ch\xbd\xd5\xcf\xe5\xc0\
\xb8\x16\x01\xe0=% k\xc7\xb7\xd9Kz\xb6\x16\x19\
+\xe5\x80\xd4\x80:\xebk\x96\x7f\x00\xd4A\xf5\x22\x80\
\xb4\x1b\xef\x94\x08c\xb6F=\xaf\xee\x0f\xfcx\xa1\xb1\
\x10|]{\x0b@\x9e\x8dl.\x01\xc6P\x95\xd5\x9f\
\xaeQUkp0\xb3\x13\xd8\xd4\xc5v\x00^\x89>\
\xb3\xc0\x18G\xfdS_I\x03`\xd2\x11:\x00d4\
\x16\x94\xf8;\xd3_\xa7\xf2n\xa4u\x011F\xca\xa7\
{\xa5)\xbbFU>\x80T\x0a\xa01ye\x1bG\
\x00\x9dO\x8d\xd0\x02a\xcc\xd5\xa8\xf2\x5ch\xeb\xecp\
V{\xf6\xd6)6\xa8\x9f\x81J\xeb\xcb\xf8m\x0b\x80\
1W\xa3j\x9b\xc3\x99\xb7\xc1\x97\x89\x01\xe13\xbe\x16\
N\x03U\xe6\xbe\xd8u\xaec\xc4\xd6\xcf\xd4\xa8\xdd\xc1\
W\xb3=\x82\xecn\xcf]'X\xcf$\xc8\xd5\xd6\x1b\
\xee\xbbQ\x09\xa0>\x0au\xe5L\xe4\xe9\x99\x87\x8f\xf1\
\x10\x09\xa0\xb2P\xf5\x82[\x86\xc1=\xb1\xc7,+\xb8\
+\xbf\x82\xcaiH\x86\xbf\x8d7\x98\xcd\x15=\xaec\
(\x8b\xbc\xa2J\x17.nHB`\x94\xd1B\xb5]\
kV{\xdf3\xcf\xbb)%\xc7(y\xcf\xfcRn\
$\xbd\xc6P\x17\xe5\x0do\xdcX$\x9b\x02@y\xc2\
c\x0c\xd5\x03\x1cl\xfc\xdd\x9d\xd7q\x10\xb1\x1aqX\
\xed,\xc5R\xcc\x1f\xff\x01\x8b\x0aX\xcdiT\xadA\
\x00\x00\x00%tEXtdate:cre\
ate\x002018-05-11T1\
4:51:12-04:00\x15S\x87\
\xc6\x00\x00\x00%tEXtdate:mo\
dify\x002018-05-11T\
14:51:12-04:00d\x0e\
?z\x00\x00\x00\x00IEND\xaeB`\x82\
\x00\x00\x14S\
\x89\
PNG\x0d\x0a\x1a\x0a\x00\x00\x00\x0dIHDR\x00\
\x00\x00\xd2\x00\x00\x00\xd0\x08\x03\x00\x00\x00E\x8f\xcf{\
\x00\x00\x00\x04gAMA\x00\x00\xb1\x8f\x0b\xfca\x05\
\x00\x00\x00 cHRM\x00\x00z&\x00\x00\x80\x84\
\x00\x00\xfa\x00\x00\x00\x80\xe8\x00\x00u0\x00\x00\xea`\
\x00\x00:\x98\x00\x00\x17p\x9c\xbaQ<\x00\x00\x03\x00\
PLTE\x00\x00\x00\x00\xff\x80\x00\xbd\x84\x00\xb6\x80\
\x00\xb8\x80\x00\xb9\x80\x00\xb7\x80\x00\xb6\x81\x00\xb7\x81\x00\
\xb8\x80\x00\xb7\x80\x00\xb7\x80\x00\xb7\x80\x00\xb8\x80\x00\xb6\
\x80\x00\xb8\x80\x00\xb7\x80\x00\xb8\x80\x00\xb7\x80\x00\xb6\x80\
\x00\xb7\x82\x00\xb6\x83\x00\xbf\x80\x00\xff\xff\x00\xb6\x80\x00\
\xb8\x81\x00\xb7\x80\x00\xb7\x80\x00\xb7\x80\x00\xb7\x80\x00\xb7\
\x80\x00\xb7\x80\x00\xb6\x80\x00\xb7\x80\x00\xb8\x81\x00\xb9\x83\
\x00\xc4\x89\x00\xb8\x80\x00\xb7\x80\x00\xb7\x80\x00\xb6\x80\x00\
\xb6\x80\x00\xb7\x80\x00\xb8\x81\x00\xb8\x80\x00\xc3\x87\x00\xb7\
\x80\x00\xb6\x80\x00\xb6\x80\x00\xb6\x80\x00\xb7\x80\x00\xb6\x80\
\x00\xb6\x80\x00\xb7\x81\x00\xbc\x85\x00\xbc\x80\x00\xb7\x81\x00\
\xb7\x80\x00\xb7\x80\x00\xb6\x80\x00\xba\x80\x00\xbd\x84\x00\xb7\
\x80\x00\xb6\x80\x00\xb8\x81\x00\xb8\x80\x00\xb7\x80\x00\xb6\x80\
\x00\xb6\x80\x00\xb7\x80\x00\xb6\x80\x00\xb7\x80\x00\xb8\x80\x00\
\xb7\x80\x00\xb6\x80\x00\xb8\x80\x00\xb6\x80\x00\xb7\x80\x00\xb6\
\x80\x00\xb7\x80\x00\xb7\x80\x00\xb6\x80\x00\xb7\x80\x00\xb7\x80\
\x00\xb8\x85\x00\xb9\x80\x00\xb7\x80\x00\xb7\x80\x00\xb7\x80\x00\
\xb8\x81\x00\xbc\x86\x00\xbb\x88\x00\xba\x80\x00\xb7\x81\x00\xb7\
\x80\x00\xb6\x81\x00\xb6\x80\x00\xb7\x80\x00\xb7\x80\x00\xb7\x83\
\x00\xb7\x80\x00\xb7\x81\x00\xb8\x80\x00\xb7\x80\x00\xb7\x80\x00\
\xb6\x81\x00\xcc\x99\x00\xb6\x80\x00\xb6\x80\x00\xb7\x80\x00\xba\
\x80\x00\xb6\x80\x00\xb6\x80\x00\xb6\x81\x00\xcc\x80\x00\xbf\x80\
\x00\xb7\x80\x00\xbb\x80\x00\xb6\x80\x00\xb7\x80\x00\xff\xaa\x00\
\xb6\x80\x00\xb9\x82\x00\xbb\x83\x00\xb7\x80\x00\xb6\x80\x00\xbf\
\x80\x00\xb7\x80\x00\xb6\x80\x00\xb7\x82\x00\xb6\x80\x00\xb7\x80\
\x00\xb7\x81\x00\xb6\x80\x00\xb8\x81\x00\xb6\x92\x00\xb8\x81\x00\
\xb9\x80\x00\xb7\x81\x00\xb7\x80\x00\xb7\x80\x00\xb7\x80\x00\xb7\
\x80\x00\xb7\x80\x00\xb6\x80\x00\xb7\x80\x00\xb7\x80\x00\xb7\x80\
\x00\xb9\x80\x00\xb8\x82\x00\xb7\x81\x00\xb8\x80\x00\xd5\x80\x00\
\xb7\x80\x00\xb7\x80\x00\xb6\x80\x00\xba\x83\x00\xb6\x80\x00\xb7\
\x80\x00\xb9\x82\x00\xb9\x81\x00\xb7\x80\x00\xb7\x80\x00\xb9\x8b\
\x00\xb7\x80\x00\xb7\x81\x00\xb7\x80\x00\xb7\x80\x00\xbf\x80\x00\
\xb7\x80\x00\xb6\x80\x00\xb6\x80\x00\xb8\x80\x00\xb9\x80\x00\xb6\
\x86\x00\xb6\x80\x00\xb7\x80\x00\xb8\x80\x00\xb6\x80\x00\xb6\x80\
\x00\xb7\x81\x00\xb8\x82\x00\xb7\x80\x00\xc6\x8e\x00\xb6\x80\x00\
\xb6\x82\x00\xb9\x84\x00\xb7\x80\x00\xb6\x80\x00\xb7\x80\x00\xb8\
\x80\x00\xb6\x80\x00\xbf\x80\x00\xb6\x80\x00\xb8\x81\x00\xb7\x80\
\x00\xb7\x80\x00\xb7\x80\x00\xb7\x80\x00\xb7\x80\x00\xb6\x80\x00\
\xb7\x80\x00\xb6\x80\x00\xb6\x82\x00\xb7\x80\x00\xb6\x80\x00\xb9\
\x81\x00\xb6\x80\x00\xb8\x80\x00\xb6\x80\x00\xb9\x80\x00\xb6\x80\
\x00\xba\x82\x00\xb7\x80\x00\xb6\x80\x00\xbb\x82\x00\xb8\x82\x00\
\xb8\x81\x00\xb9\x81\x00\xb8\x81\x00\xb7\x81\x00\xb7\x80\x00\xb7\
\x80\x00\xb7\x80\x00\xb9\x80\x00\xb8\x81\x00\xb7\x80\x00\xbc\x80\
\x00\xb7\x80\x00\xb7\x80\x00\xb6\x80\x00\xbf\x80\x00\xb7\x80\x00\
\xb7\x80\x00\xb7\x80\x00\xb7\x80\x00\xb7\x80\x00\xb6\x81\x00\xb6\
\x80\x00\xb9\x80\x00\xb7\x80\x00\xb7\x80\x00\xb8\x80\x00\xb6\x81\
\x00\xb8\x80\x00\xb7\x80\x00\xb8\x80\x00\xb7\x80\x00\xb7\x80\x00\
\xb7\x80\x00\xb8\x80\x00\xb7\x80\x00\xb7\x80\x00\xb7\x81\x00\xb6\
\x7f\xff\xff\xffR|z \x00\x00\x00\xfetRNS\
\x00\x02\x1f8DP\x5ciu\x81\x8d\x99\x9b\x8f\x82v\
j^RF9#\x04\x01\x1cAf\x8b\xb0\xd5\xf8\xfa\
\xd9\xb4k!\x0dH\x86\xc5\xf6\xf9\xccO\x12\x11N\x8c\
\xcb\xfc\xfe\xd2\x93U\x17&\x7f\xd0\xd8\x890\x1br\xd6\
}$\xc0\xfd\xee\xbb\xaf\xa3\x96\x8a~dp\x95\xa1\xad\
\xb9\xc8\xea\xca\x19:\xae\xf1\xa7]\x13\x0f4Y\xedM\
\xc4\xe3\xa4' _\x9d\xdc\xd1[\x05\xdd\x9e`\x1a\x97\
\xe0m\x0a\x0c\x80\x1e\xcf\xec\x03\xe43)\xdb\xf5\x08@\
\xef5\xe8\xdfQ\xa8s\x07e(y\xf4\xc9J\xb7\xe6\
\xc1<.\xb1,=g\x88\x06\xf3\xaa\xb6%\xa5\xbe7\
I\xfb\x9f\x0b\x8eG\xe9\xcd\x18\xbc\xba\x90z\x16\x15\xe1\
\xc32\xe7\xf2C+\xb2\x09\x9a?\x1d\xf0\x85\xc6lT\
\x14\xb3o\xa2|\xa0\xb5\xe2\xda\xc7*1\x83\x0eE\xbd\
\x84\xacB\xeb;\x94\xd3-/KWSc\x9c\xf7\xa6\
La\xa9\x22\xce\xdet\x10\xe5\x92\xc2\xbf\xb8{b>\
\xd4\xd7Vw6\x87ZXn\xabh\x91xq\xb0\xd4\
\x80\xac\x00\x00\x00\x01bKGD\xff\xa5\x07\xf2\xc5\x00\
\x00\x00\x09pHYs\x00\x00\x16%\x00\x00\x16%\x01\
IR$\xf0\x00\x00\x00\x07tIME\x07\xe2\x05\x0b\
\x0a3\x0cx\xf3\xb4\x95\x00\x00\x0f1IDATx\
\xda\xed]y\x5cUU\x1e\xbf\xb8\xa7\x09*\xc43\x15\
P\xb1\x04E\x02L\xcd%\xa0\x90\x9c\xd4\x12\xb7\xa0\xdc\
\xc2\xc2\x05\x97Pr\xc4\x14D\xadL\xc9%\xb7p\xb2\
\x94L%\x195\xc5%E'5Sq_\x8a\x16K\
\xad4[&\xcb\x19\xab\xa9\x99\xb9\x9f\xc1\xf3\xfb\xdd\xf7\
\x1ep\x97s\xee=\xf7\x1d\xe6\xf3y\xdf?9\xe7\xfc\
\xce\xef{y\xf7\xdcs~\xdb\x91$/\xbc\xf0\xc2\x0b\
/\xbc\xf0\xc2\x8bj\x04\x9f\x1a5k\xd5\xaeS\xb7\xde\
m\xf5\x1b\xdc\xde\xd0\xd7\xafQ\xe3&\xfe\x01w\x04\x8a\
\xd6\xca\x1c\x1cM\xefl\xd6\xbcEP\xb0\xac\x82\x90\x96\
\xad\x1a\xb6\xf6\x0f\xf5\x11\xad#\x03\xda\xdcuw\xdb0\
\xd9\x10\xe1\xed\xea\xb7\x8f\x10\xad+\x05:D\xde\x13\x15\
mLGAL\xc7{;u\x16\xad\xb3\x1e\xba\xdc\xd7\
5\x86\x9e\x8e\x13\xdd\xba\xf7\x10\xad\xb9:\xee\x8fmg\
\x82\x0e\x22.\xfe\x01\xd1\xfaWFD\xb3\x07\x13Tu\
\xed\x19\x95\xf8P\xaf?=\xdc;\xb6Y\x9f\xbe\xf1\xdd\
\x1fy\xb4_R\xff\x01\xea\xac\x06\xf6\x1d$\x9a\x85\x1b\
\x06?\x16RE\xc3\xe4v)\xbe\x8f\xd7|B\xad\xfb\
\x90\xa1\xc3z\xf7\xea?\xbc\xca\x90\x84\xc4\xbbD3\x01\
8F<YY\xb7\xd4\x91\xcd\x9e2\x1e\xf8t\xda\xa8\
\xd1\x95G\x8e\x19+\xfe\xa3\x95\x9e\x16TQ\xa9q\xe3\
'\x84\xd2\x0f\x9f8\xec\x99\xb8\x8a\xe33&M\x16J\
(36\xb5\x82>-\x9f\xa5\xf8\xefT\xc6\x14\xbf?\
W\x102\xf5\xbe'\xd8\x85pB\xd6\xa4\x9e\xee\xaaL\
\xab\xff\x9cYI\xd3}g\xb8K\xca\xbe/G\x0c\xa3\
\x99\x1d\xdd\xb4\xc8m0\xd3\xda\x06gV\xc3\xd9n\xe2\
\xe6</\x80P\xd3\x17\xdc\xffA/\xb6\xb1.q\xee\
K-\xddD&\xcd\xf30\xa1\xb9\xf3\xf3\xdc\xbe\x93\x13\
\xd2\xf9H\xf5i\xf2\xb2KjHs\x0e\x8f\x89\x1e\x0b\
\xdc~\xfam#\x1d\x1c%\xcf\x5c\xe8\x92\xbc\xa8\x8e\xc7\
\x08M\xbe\xdd5\xed\xe2WxK_\xb2\xd4%}\xa9\
\x87v\xea\xcb\x5c_\xa2i\xc3\xec\x98\xe0.\xd7;\x95\
\xba\xdc\x13\x8cV8\x8fB\xe1\xaff\xda3E\xbe\xdf\
Je\x8e\xe8x\xdbO\x8aC\xfe\xe2|\x82\xaf\xad\xb2\
o\x9a\x89\xaf;\xa7yc\xa2\xbd\x8cV\xcfqn|\
\x22\xed\x9diyWe\xa6\x01k\xec\x9c\xa7o\x812\
\xcf\x9bk\xedeT\xbe{\xec\xae\x1c'c\xba\xf3\x5c\
S+\xc0\xf1\x96Bh\xe5X\xbb\x09\xdd\xc2\xba\xf5\xca\
|)\xf9\xf6\xcc\x90\xee\xfc}o\xb0\xf1-rG\xe1\
\xdb\xca\x8c\x89\xb6|v37*\xf2\x8blzfU\
\xe1\xf3W\xe5\x97\xbea\x13\x7f\xe9\x9b\xa3\x94\xbd\xff\x08\
O\x11\xba\x85\xc1[p\xda\xd1w\xf0\x16\x1d\xaal\x81\
\x82\xa6x\x92\x91$E\xbc\x83\x13\xcf\xde\xcaWp\x8f\
m\xca\x8e\xae\x83g\x19IRN\x0b\x9c\xbax;O\
\xb1;\x94\xb3\xde\xce]\x9efT~\xd2|\x17'\x0f\
\xde\xcdO\xe8\x1e\xe58>*\xcb\xf3\x8c\xca\xe1\x8b\xd3\
\x97,\xe1%1B\xb1x\xec\x15B\xa8\x1c\x8d\xd0H\
\xb8\xe8i>\xf2v\xed\x03y\x09\x7f\x13\xc5H\x92\xde\
\x0b\x06\x1dZ\xee\xe7!-\xeb\x00nK\xd2\xc41\x92\
$\xffp\xd0\xe2e\x1e\x1b\xb1Q\xf8\xab\xab'\x92\x91\
$\x0d\xc3\x1d\xdfB\xebF\x81\xbb\x91Q}\xb1\x8c$\
\xe9 *\xf2\xbe\xd5=lc\x144\xd2\xb6\xcd05\
^EU\x0eY\x13\xf3\x14\x1a\x82\x928\xd9\x80,\xe1\
\x03<\xe8Z2w\xccE\xd3n\x94M'r6\x04\
\x1e\x06m\x8eX1\xb2\xdc\x0b2\x8en\x16\xcd\x060\
\xb9\x14\xf4ia^Dm\x90\x90}L4\x17\x05\x85\
x(\x9cdV\xc0\x1e\xdc\xd9\xf5\x11\xcd\xc4\x85u\xb0\
\x94\x07\x1f77<\x0b]a)\xa2y\xb8\xe3a\xdc\
E\x98{\xb9O\xa0)\xe8\xa4h\x1a\xeeH\xef\x0fZ\
=jf\xf0\x0e8#\x87\xcc\x12\xcd\xa2\x22BK\x80\
\xd3)\x13cO\xc3\xd0\x17Es\xa8\x8cN\xa0W\x1c\
\xfb\x97\x12G\x1e\x16\xbfk\xa8\x8c\x06&\x9f\xf5\xe4#\
d\x5cr\xa1h\x02*\xaa\x81\x85\xa5\x98U\xb53\xf0\
(bE\xeb\xaf\x86\xf7p\xff\xca6\xea\x0e8r\xc5\
\x89\x8fBP\x03X,c\x063\x0d\xda\x09\x0f\x82\xab\
M\x86\x1f\x8e\xc1b\xbc\x81\xc5O\xb3\x06\x18\x9d\x15\xad\
\xbb\x16\xd08\xbf\x82a\x08XV\xc3<l\x85\xa4\xc7\
I\x08(H\xa5_\xc8\xcf\xc1C\x88\x17\xad\xb96&\
\x80\x86\x13\xa8\x07$\x91\xfe\x19\x82BDh\xe0\x80h\
\x82 \xda\xaff\x0fx\x04\xadE\xeb\xad\x87\x11\xa0#\
\xad+2\x85\xf4>/\xc0VL\x0f\x07\xb8\xf5\x9f\xa4\
\xeb\x1d\x1a]\xdd\xdf\xa4[\xc0\xb7\xe9C\xaa\xce\x1f\x91\
\xbey\xd5<\xde9\x1d\xec\xf4;i\xfan\x86\xb8\x86\
\x22\xd1:\x1b!\x16\xb6\x104F\x84\xf9\xa4kA\xb5\
\xfd&)\xc8\x043\xc23\x14]\xcb\xcc\xec\x09E\x00\
v\xd6S\x8d?\xb7\x1f\xc3k\xf7\x89h\x85\x8d\xd1\x19\
\xc2\x9e?5\xec\x086\xf02\xd1\xfa\xd2\x00,\x95#\
\x0d\xfbAD\xcd|\xd1\xea\xdeB\x87u\xfa\xb6\xad\xb1\
D\xd5\x95F\x11\xcb\x01\xf0\xbbc\x88\x8b\xb6\x0d\xcf\xe7\
\xcar+\xbd\x10\x8b\xccl\xa2\xebg\x06r\xc0d\xbc\
O4\x9dr\x5c \x87\x22?\xbd.\x10^\xbbT_\
N\xd6zk\x06Z~\x88\x84\x97\xff\x80^\x9f\xf6\xa4\
K\xb8~\xdc\xc2)pw\x88O)Z\x80\x8e\xccG\
\xf4:\xe5\xe7\x92>\x9f\xebJ\x82\xe3\xe2F\xd1\x84$\
\x7f\xb0}\xc8%\xfa_\xfc/(\x0e\xdf\xed(h{\
\x00\xe70\xd8te\x80~?\xf8Q\xad\xd7\xebr\x12\
6\xe1\x9c\xa2\x0bLc7,er\x9eQ\xb0\xee.\
\xf8yN\xd7\xe9\x02f\x94-\x82\x19}\x88\xc1\xbaa\
w\x1av}\xc7\xd0\xac\x02\x1e\xde^b\x19\xd5,\x06\
F\x17k\x19\xf7\xddKz^\xd2\xe9\xb1\xaf\x1a\xb8\xc8\
\x86\xa2k\x22\x98&\xe5\xcc\x9ft\x9d\xa6\xdda2|\
\x0b\xba\x88dt\x1c]\x8f!\x97izg\x82\x91R\
;\xfcp;i\xdf&\x92\xd1\x92\xa9\xc0\xa8\xa06]\
\x7f\xb0\x14}\xa9\xd9~\x1bi\xffJ \xa3\x1d\x98\xce\
\x19\xfd\x1e\xe5\x80\xe6\xa4\xfbx\xcd\xf6\xb3\xa2\x8d]\xf3\
0-+\x9a:\x97\x03\x8c_\x035\xdb\xc7\x90v\x8f\
dn\xa8b\xd5\x22`\x94\xf08\xf5\x90\x1ad@O\
\xcdv\xf8\xc2\x09\xf3\x92}\x8d\xc1\x991_\xd2\x8f\xf1\
\x81\x9d\x93VB\xe4D\xd2Z,\x8a\xd1\xd3\x18?\x1d\
\xd3\x8ce\x14\x98(kj\xb4\xee&\xadW\x041\xda\
sU6c\xb8\x86\xf8d\xad_j\x1f\x91\x0b\xde\xfd\
J&\xf4A\xb6q\xb0\xe4\xf9j\xb4v'\xadg\x84\
0*T2\xcb\xbea\x1c\xd8\x8c\x8c\xd2\x8a\xa0y\x8c\
\xb4\x0a\x09a\xdd\xa4\x0493\xdbq\xee$\xc3\xdai\
\xb4B\xea/\x9bS\x97\x0f\xf6\x97!\xa3x\xe6\xa1M\
\xe1\xa8\xa8\xd1:\x8d\xb46\xf5<\xa3\x08%\xa3\xec\x04\
\xfbX\x07\x84\x90kx\xa2a\x0b<\xc4\xe3\x8c\xaem\
@F\xaf\x9a\x19\x9dL\x86j\xc4n\xc1\x91\xd6\xe39\
\x08'\x95\x94gsA\xce\xdf\x92\xb1\xea9\x909p\
\xf0\xf24\xa36\x98, \x7fgn|K\x9d\x03\xd1\
f\xd26\xc0\xc3\x8c\xd6~\x8f\x8ch\xbc*j\x00\x0b\
\x90z]\x86P\xd2v\xd5\xb3\x8cv\xfd\x80\x8cn7\
\x1bR\xf6 \x19\xae\x9e\x07\x04n\x98\x8e\xcc2\x1d\x16\
\xe2\xdbr\x12\x91\xd1\x07\xa6\x93\x9c[\x91\xf1\xea.\x19\
\xb0\xf0\xb3\x9a\xc3\x07-\x0d\x99m:\x1el\xee\xdf\x91\
\xd1H\xf3i\xdb`\x18W\xb7\xf5\xd7\x22m\x89\x8c\x12\
\xdb\xde\x1a\xf4\xa39m\xf2[!\xa3\x17,,\xb3\x90\
\xe6r]\xb5\xed'\xd2\xb6\x98M \x1c\xc1\x12\x8c]\
q*HW\xb2\xfc\xfaY\x89\x91\xebED\xa8\x97\x86\
\xd8J\xda6\xb0\x09\x843\x96\x5cb\x22y8\xf0,\
2Zj)\xa1\xe3!\x22C\xdd\xfa\xd2\x85\xb4\xb5d\
\x94\x88y\x10A\xcc\xe9\xc9Y)\xc8\xe8\xb0\xb5\xccc\
X`\xd4\xcd\x98\x83H\xdb\x22F\x89\x83\xd0^\xf0\x10\
\xe3\xba\xe7\xd3\x0b\x19%\xcd\xb5\xc4H\x82\xc0\xf1\xd5\xaa\
mm\xcc\x9d\xd3\x03\xd0\x13\xd4\x9bi\x94c<2:\
m5T\xe9g\x22f\x87\xfas\x837\x9dY\xe6K\
h2\xb8\xcc\xc2H\xc9\x95}\xd0r\xb9\xab\x0c\x22\xa7\
\x86z#\x18\x88\xd8\xe7x\x06\xb4Kf(~\xf5\x08\
2z\xd2zb\x14\x98g5LD\xe0\xa7eO\xd9\
\xcfo\x0b\xfa\xdd\xa0\xce\xce(BF\xa5\x1cj\x1e\x04\
\x13I\x1a/\xe4h\x9d_\xa5.\x0a\xbf\xc5\xd5\x98r\
\x89h\x8e\x8c\xa28\x9c\xcd`\x05\x08\xd1h}\x83\xb4\
\xb67!w5<*\xf9Y\xaa\xdeJ\x12\xe8\x15\x1e\
)\xfc\xc7\x89\xa8\xd1\x1a\xad\x90\xcc\xc0j\xa2!\xf8\x1c\
\x97\x08\x9a\xc0L_d4\x86K\xcd\xb8\x7f\x10Y\x0b\
5Z\xbf!\xad\x0dLI\xc6\xf7=\xd9\xb8\xb8\xd8!\
d\xf43\x9f\x04\xc3\x1fu\x8f\x8f\x10\x19\xf1\x86)\xc9\
\xe9Xi\xa2\x9b\xd1\xeb\xf1Odt\x83Sl\x05d\
\xa6j\xc5\x9e\x1c#\xad\xa9\xe6Dw\x06\xfb\x92|@\
\x7f\x89\x88EFGy\x95\xff\x84\xd5V\xcb\x09:\x97\
\xd8\x8fbL~\xceo\xe2\x12\xa1k\xb8\x9a\x84\x8c\xc6\
q3\xad\x81\x8fM\xd3\xb3\x09\x1f\xe2\x8fM\x0a\xff\x12\
\x97\x08\x9d\x02\x84u\x91\xd1\x1cna\xa6C`\x0d\xd7\
<o\xc1\xa6\x96\xd6\xa7X\x05\x98X\x5c\xac\x19A\xdb\
\x07\xab\x01\x1c\xe1\x17\x1bw\xd3\xe0\xf8\x00\xcb\xd6[f\
\xc5\x07.\xc6\xf7Dc\x89HCF\xd38\xd6\xdf\xe9\
\x0b/\xb0f;\x94\x0d`<\x04\xbaa\xd3\x11<\x01\
\xa9Z\x12\xc6b\xb5\x90m<\x83\x10\xe0\x00\xa8]\x5c\
\x00N\xdd\xd1\xe6\x13i\x87^\x04\xad\xd5\x8a\xac|\x86\
5\xb9\xd7Og\x16\xab\x0d\x07lZu\xdc\xcb\xe0Z\
\x5c`~\x0a,\x0f\x11s\xa1J\xcb\x05,eu~\
\x19GF\xd22\x22\xf3\xa2\xce)\xf2}\xd2\xc3\x94\xb5\
\x1d\x81{\xec\x95\x957\xbf\x18\x04)\x0f\xe7\x1b\xad\xdd\
\x08\x0e]:=\xc0\xb5Yja\x8e@\xb4\x9e\xce\xb8\
V\xe1\xcfJ\x10d.\xe7*V_\x11\xa9\xbe:=\
V\xc1*o\xa5\x8a\xccf\xf4\x8b/t_\x22\xd6\xe1\
g8\xf9&_F\x12\xd4\xe5\xd2\xcd\xc2\x04\xdb\x08E\
\xd4\x986\xb6b\xc4\xe3/\xae?m\xc7U\xa38\xc0\
\xbcXU\x80Q+D\xf7 \x0e\xd6\xd8\x8f,\xcdS\
\x07\xb7\x08\x9d\x94?8\x83 \xb9\xd7x\xf5#r\xf5\
m\xde+`\x9d\xb5\xe66\xc3\x14\xd1<\xdcY\xbd\x82\
%e\xb2g\xf2f$u\xd5\xfcd\xb8\xb0\x09>\x1e\
\xeb,M\x94\x85E\x08\xc6\x91S+K\x10$#\xa6\
\x83d\x83\xfb\x17\xc0\x95\xf0\x81\xb5\xa9\xf6\xc3\xfeWN\
*\xffo\xcfb\x09\x82d\x84/\x91\x1cg\xd0+\x0d\
V&\x8b\xf9\xa7=p\x89x\xd8\x19\x04\x19~\x99?\
#\x09*+\xc6\x1b\xf4:\x09\x8b\xd3\x05\x1a\x89:\xf8\
\x15\x97\x88\xae\xb82\x84P\x06A2a\x16\xc86\xbc\
!\x03\xdc\x09\xfd\xacNw\x8f\xec\x8e\x02\xd3\x07\x16=\
4$\xb2\x07\x1a\xf6k\x02\xef\xb2\xd5\x1a0Y\x89n\
\x8c\xa2\x7f\xb3\x83\x91\x0f|D\xfb\x1av\xccI\xa6\xec\
h\x80'\x5cwX$\xd8S\xea\x1c\x1e~\x02\x85\x11\
\xe3M8xZ\xaeK6\xe5(2\xba\xf8\xab-\x8c\
0\xf8\xf84E\xcf\xe5\xa0\x08}x\xa9\x16&\xef\xbd\
u\x98\x099kS\xd8\xf9L\xd0\x93\xaa\x1a3\xd4\x02\
+\xe3P\xda&\xeb\xe3S\x83m+\xcc\xf4\x1aQ3\
\x83\xca\xcd\x8b\xc5\xc9Ly\x94=\x87%\xa0\xe5\xbf\xa8\
:;n\x90\xce\xdf\x8bVZ\x1f#\x89\x92S)\xbd\
a\xd7\xe1\x01\xf0>\x09pE\x0d8\xf7\xd3\xb9J$\
)\x1f\xdcE\x16\x0a\xeb\xd9\x8f\xef`s\xbf\x9f\xb6?\
\xb80\xe4\x9fD\xeb\xad\x8d.p\xf0\xa7\x8fwk\x03\
\xbb\xe71b*\x1e\xd3`!\xec\xb3\x182\xfc\xb0\xfc\
\x95\xc0\x0a\xc1\xfa\x88\x04\xfdX\xca\x1dd\xc2\xdb\xd4s\
\xbfh\xdd\xd5\x913\x0e\x8e\xcdL\xee\x0f\xc8h\x97\xdf\
\x15\xad\xbc:\xe2A;\xc6\x98rp\xea%\x0c\x15\xad\
\xbd\x1a\xa6\xc0!l\x06c\xecQ\x0f0B\x94V\xbf\
\x8a\x7f\x92\xf4;\xfc\x93\x98\xed\xdc\xe8O\xae+Z\xff\
\xaa\xf8\x144;\xc0<0\x02|\x02a\x5c\xad\xf2<\
0\xf1<\x98gL8\xa9\xc0\xa4'\x07\x89\xbd\xa6\xaf\
\x0a|\xd0\xe8~\xc6\xcc\xd8\x810\xf6\x0b\xd1$*\xa2\
7h\x95a\xeaI\xafB\x9b\xa2-\x86\x03\xb3X\x0e\
\xcbV\x81\xc9\xfc\x1d\xfc8%\x7f-\x9a\x87\x0b\x11\xa9\
\xa6>I.\x80\x19B\x1eX\x1d\xea\xa3\x03\xf0\xea\xb6\
D\xd3a\xe5k\xbb\xc9\x8c\x1b^\x9bQ\x0f\xf4Yo\
!O\xf6\x93`\x90!\xf8\xf6\x04\x05x\x8bB\x8c\xbf\
\x15!\xad\x81R\x8cu{\x11\x07\xd4B\xef\xa8\x15_\
\xb2\xa4\xa4<\xca\x05kD\xf3\x91\xa4\xe7\xb0XG\xa9\
\xc5\xfa\xb8\xd7\xf0^\xc3<\xde^Vf<\x80E\xec\
\x17Y\x8e?Rn\xf59o\xe2r]\x9e\xe8\x0cg\
$.\xb7\xfb(w/e\xd8|\xe5\xa0>\xda\x5c\x01\
-\xf8\xdc\xc1\xf4!\xfa\xbf\xe2\x04\xa4\xa7*\xe8\x80\xf7\
\x04$4\xe1#/\x12\xa3\x7fR\x85]\x0eq\xff\xcf\
\xe82\xf8\x83\x97D\x8c/\x96{\x8a\xc8\x8c.\xc7t\
\xe5\xda\xb9\xdb\xf8\xc9\xfc\x11E\x86y\xf4\x02=\x05\x01\
\xc3qzs\xc1\xd1\x1aP\xe2\xef\xa3\x05\x94\xfb\xfa\x14\
\xfd\xbd\xf2%\xbevE?\xe5\x0eO\x93i\x7f\xe61\
A\xb9\xc0\xf1\xdf\xbc\xed \x8d\x15\xc9\xe3=z\xcc\x0d\
\xfc\x05\xa7\x95\xff\xc3_\xf8\x1a\xe5N\xee \x0f\x9a#\
j`\xd2\x8d\x5c@_:\x9c\x01\xab\xb1\x90\x93|\x91\
\xa5\x80\xbc%4Q\xaeX\xcc\xb6\xc9\x81\xf7T\x86\xf2\
#\xf8\xdd#\x15\x14r\x94\xc4-y\xb8m\xbe\xae\x89\
\x1d\x959\xe6\xd4\xb4.\xcd\x08\xf3\xc6(\xb3m\xe1\x19\
\xe1[\x09k\xdfTf)8d\xf3\xa5\xb5>u\x95\
wWn\xb5\xdf\xd6\x99\xc6\x16+\x13\x1d\xb5\x10\xa8l\
\x8c\x00\xa5R\x87\x1c\xfe_\xbb\x8d\xd8\x0f8\xe7\x92w\
r\xbf\x15WA\xe1\xa3\xcagP\x1e\xfd\x9cuqF\
\xc8/rr\x0a>c\xcb7*=6\xd99\xc5%\
[.}\xae\x82\x11S\x9d3\x1e\xe9d]\x5ce\xd4\
\x8as\x8a\xcf\xben]\x1c\x1d\x9a.tN*_\xf9\
\x8d\xef\xcek\xc1b\x97\xecR\x1bW\xba*h\x7f\xd5\
5\xf1\xd5\xd6\xdc\xae\x8f\x08|\xbc\xa3K\xee\xec\x09\x9e\
un\xe5\xc4\x87\xb9&\x1f\x10\xcf\xe5\xba\x85\xb5\x07\xb7\
\xb8d\x164\xf4|A\xa4)g]\xf3\xcbyE\x96\
7~_\x9f\x18\xee&\xf0\xb4\x89\x8ce\x0e\xd8\x1e\xe4\
\xa6\x83\x5c6\xdfB\xeeX\xe1\xc1\xfe\xee\xb2\xecXu\
\xe8\x10\xb8b\x86\xbb\x22\xf2\xbeI\xa62K\xaf]\x7f\
;\xc1]\xcc\xb7\xf5D\xba\xe9|:\xb5\xab@*z\
c\xdf\xadL^\x05\xc7\xb1\xba-\xc2+\x88\xe8\xf6\xb9\
\xcd[-clO\x92+\xa2\xe4\xb0_M*\x1b\xaf\
O\x8f\x83\xfd\xceW\x1a\x5cZ\xbbZ\xf8\xf0\x8f\xa7D\
WRL\xceK\xdc\x9b6X'c\xbb\xc3\xcd\xb1\xcf\
\x1e\xc8\xad<J>\x5c}\x22\xb1j\xcc/\x93UP\
\x12\x95\xe2\x9b\x16y\xee\xe6\xf4=\x1d\xd2\xcb\xdf\xbck\
M\xe7\x0d\x9dy\xb9N\xfc\xfb\xa5S\xd5z\x8f;c\
\x9c\xe0\xeeQ,\xbb\xfb\xaa\xac\x87\xf0\x8b\xba\xcd\xdb\x8a\
V[\xd7\x81?\x02\xbe\x9b-\x9bB\xee\xa8\xed\xe6\x0b\
`\xd9\x8c\xac\xe5\x876\xe6\xb1\xd1\x09\xfe\xfe\xc4)\x8b\
e{lG\xe0j\xbfV%tt\xb2\xdf\x8e\xdf]\
\x8d\xef\x80\xab\x00\x9f\xe3}\xba?V\x16\xa6M&\xfc\
\xc6\xce\xfa\x7f\x04T\x1fO=-\x1c{\xce\xad\xb8\xe7\
\xf5\xa5\xa7_\x8e;\xd23\xa4|#\x9a\x9bz#\xea\
\x87\x03\x97\x8aZ\xfb\x87V\xdf\x10S\x06\xe4\xff\xbf\xfc\
\xc2\xbc\xf0\xc2\x0b/\xbc\xf0\x82+\xfe\x07&b\x11\x90\
o\xe2\xf9d\x00\x00\x00%tEXtdate\
:create\x002018-05-\
11T14:51:12-04:0\
0\x15S\x87\xc6\x00\x00\x00%tEXtdat\
e:modify\x002018-05\
-11T14:51:12-04:\
00d\x0e?z\x00\x00\x00\x00IEND\xaeB\
`\x82\
\x00\x00*\xcb\
\x89\
PNG\x0d\x0a\x1a\x0a\x00\x00\x00\x0dIHDR\x00\
\x00\x00_\x00\x00\x00_\x08\x02\x00\x00\x00\x01.\x8c\xa2\
\x00\x00\x00\x09pHYs\x00\x00\x0b\x13\x00\x00\x0b\x13\
\x01\x00\x9a\x9c\x18\x00\x00\x00\x07tIME\x07\xe3\x03\
\x0b\x15\x0b\x05E\xd6r\x82\x00\x00 \x00IDAT\
x\xda\xe5\xbd\xdb\xcf$\xd7\x91'\x16\x11\xe7\x9c\xbcU\
}\xf5]\xfb\xc6&\xd9$EQ\x14G\xa3\xa1f%\
\x8c\xbc\xbb\x9e\xfbH\xf0\x18c\xac!\x8c\x01c\xb1\xef\
\x0b{/\xb6\x01?-\xb0\x80\x1f\xfc\x07\xd8\x80\xed]\
\xbf\xda\x0f^x\x805\xd63#\xdb\xa3\x19\x0d\x87\xd2\
\x8a\xdd$\xbb\xc9nR$\xfb\xc6\xbe\x91}\xfbnu\
\xcd\xccsND\xf8\xe1T\xd5W\xdf\xa5[\xdd\x5cy\
0\x82\x13\x85DV~\xd5\x99'#\xe3\xc4\xf9E\xc4\
/\xa2\xb1\xdfoE$\xaa\x08(\x222\x02\x00\x08\xa8\
 \x00\x00) \x22*\x00\x00\x01*\x09\x00h\xfa\xbe\
\x7f#\xa2\xc3'\x05\x80%(\x00*!b\xfa\x05\x02\
\x01@T\x00\x80t!%\x93\x8e\x91\x149\xa6\xc3\x83\
\xd7G\xbb\xf8m~\x07\x12\x05\x10x\xf2M\xf5\xc8\xd3\
D\xa4\xaa\x00\x90\xf6\x88\x88\x88VU\x19\xa6\xdf\x15\x11\
\x11\x80\x10\x11\x80\x19\x00\x04\xc1\x00(\x02\xc1T$,\
\x22\xa8\x04 \x00\x8b{{\xe8L\xda\x8b\x88&\xc9\xce\
\xee\xaa*\x00\x00H\x00@\x88\x0a\x80\x0aJ\x88\x00\xa0\
\x8a\x88\x00\x80\x8a\x8a\x80\x0a\x8a\xf3\x87Z|*]8\
x\x1a\xd1\x00\xa4\xeb?\xeaO\xf3A\xa636\x89F\
\x11\x04@Auzg\xc4\xb9.\xa4\x9f\xea\xec\xdf \
 *( \xc2\xe2^\x01\x01A\x15\x16\xf7\x08`\x8c\
\x99\xdf\x9b\x94\xf6\x06\x17%\xa9\x0d\x10\x02\x08*\x02\x00\
\xce^-\x81\x8a\x02)\xca>E<(\x9b/\xb0=\
J:\x87E\x03\x00V@\x01A\x14X%23(\
 *\xe1\xfc]M'\xd7\xfc\x9f\x91\x0a*)\x08\xc2\
\xe2\xde\x00\x1e8CI\xccG\xbd[D\x14\x91\xf9S\
#b\xba\x02\x80$\xcd\xd1\x99\xa4\x92\xc6\xca\xc1'b\
E\x00%\x049<\x07\x1f\xbf\x1di\x01\xf6\xcf\xbc=\
\xe1[ET\x04Q\x0d,m\x0c\x9e\xa3\x22\x10Q\x08\
a.H\x02\xa4\xd9(\x89`\xae\xf3\x8b{\x02<|\
\x1eP\xcd\xde\xe4\x98^\x0d\xc1\x00\x80#\x9bf\xd6\x5c\
\x83X\x01P0i\xe3|\xacx\xf0\xa9dO\x7f\xe6\
\x9a\xfet3\xe8g\xfe^g\x13\xdc\x0a%\xa5B\x0e\
\xe29\xb6\xc1+\x00\x98\xe9P\x10\x80\x14\x14Tf\xff\
XD\x8e\x94\x8eA\x9aZ\x90\x85=\xa8&\xd5\xdc\xbb\
\xf7\xcc\xc6#\x12)H\x12\x90N5\x08\x00\x90DQ\
\x17\xaf|`\xf4\xb87\xc7\xd2\x85\x0c\xfc<\xb6#\xa5\
9\xb3;\x00\x82 \xa0\xa2*\x08\x84\x8b\x1a\x88\xc9\xac\
\xce\xbe\x1d\xad;\xc6\xd8\xc33\x0bUI\x14\x01\xe7\xcf\
\xa0\x84\xa4\x98\x96E%D%P\x98\xaef\x0a\x88\x9a\
\x04\xb5h\xd7\xa7RP\x9d\xafU\x0b\xb3\x95\xf4\x11\xda\
\xf3(\xddQ\xfd\x19\xbf\xdf7\xb3X\x04\x0c\xa5gV\
\x00%DB0\xd4\xcef\x16\xcd\x96\xf3\xa9\x1dq\x08\
\x0a\x02p`\xcfFA\x81\xd3\xf1lO\x00 \x82\x88\
\xa0\x22\x08\x08\xa4\x92\x96HJ\xd6\x9a\x10A)]\x1f\
\x81\x18\x05\x09d6\xb7\x04\x01P\xa6&\x08\x01u*\
\xb2\xfd\x98\xe1\xe9t\xe7Q\xd29r\xb3JH3s\
\xcd\xa0\xac\xa2\x8aFi\xbef)N_Pz_F\
\xe9\xb0\xbc\x11Qx\xbfq\x99\xfeI\x80L\xf0\xbe\xaa\
*V\x0d\xa2J\xc8\xcce\xa7j\xdb6MTR \
@D0\x08\x00(\x0a\x02b`~\x91\xa9e\xca\x8c\
\x9d\x8cF\xce\xd9NY\x85\x10D$wFU\x85\xf5\
\xc0H\x0e\xd8\x8e\x03\x7f\xc5\xa3\x06?\xb5\x18\x0b\xdb\xd4\
\xee\xccE\x90D*xp\x0d\xd0C\xb2?\xac\xb4\x87\
ON\xcf(eY\xa6\x8amPrvg\xb0\xbd~\
\xe28(\x0c\x9b\xb6\xbb\xbc\xac\xaa\xc0\xa2, 8\xb3\
&2\xf1-Yc\xadu\xd6\x00\x22\x08\x83\xaar\x14\
$\xb0F\x91\x02GV\x01U\x91=d\xf7\xf8Q-\
\x1e\xcc\xc5q\xf8\xafG\xe8\xce\xd3\xdb/R\x9d\x03\x84\
\xc5w\x85\xb3\x9b\xcdo\x0f\xaaP7Q\x19\x19ee\
\xa5[pT\xe7b\x88c\x89\xa3\x9d\x1d\x11afa\
\x96\xa0\xca\x0c\xa2\x02\xea\xca\xc2f\xa6(\x8a\x82rg\
,\x02jda),R\x96\x83B\xcb\x8c,D\x14\
X\x00\xc0\xeeW\x96\x03\x8f\xfa\xe4R;\xda*\x1fz\
\xf4\x85\x15x\xb6F<j\x02\x1f\x18\xcd\x02\x1a\x9e\x9f\
$\x22R\xb0\x0c\xd2\x04\x11\xb4\xff\xfa\xff\xfc\x93\xcf\xef\
?\xc8;U\x1b\x99E\x989\xc6\xc8\x81\x95YY\x04\
\x94\x0d\x8c\xea\xc9x0T\x89\xab\xcb+/>\xf7\xec\
\x97_|\xe9\xd4\xc6\xc6\xa9c\xc7V{KdL\x98\
L\x08\xc8 \x8a \xa1\x1eV\x87\xb9e9|\xf2\xf0\
\xbc{\x8c\xe2\x00\x80\xa5\xa3\x8c\x14>Z4(\x0b\xb7\
\x99N\x9ft\xe6\x88\x93\x80\xa0\x82\x02\xa8@u\xeb\xc9\
\xe4\xff\xcf\x9f\xff\xe5\x83\xfe\xce\xd7\xbf\xf1\xfa\xea\xb1c\
Q\x91\x8da\x226\x0c, \xaa\xa0-\x87|uu\
ic\x9d\x10c\xdd^\xb9u\xe7\xc2\xa5\x9f\x86\xd1\xe8\
\x9f\xfc\xe7\xffY\xd9\xedf\x99c@C\x06\x0d\xa9\x08\
\x22\x80\xca\xa3\x9e\xf6\xf0\xdbZ\x14\xdc\xe2_\x1f\xb9\xa2\
\xcfW\xc5\x04mp\x06O\xf1\xb1\x80\xfd(59z\
410\x92\x052>\xc8g[\xf7\xb7\xfa\xfdS\xa7\
\x9f\x7f\xf1\xd5\xafn\xf7w\x05P\x98\x95\x08\x04@\x18\
\x05\x81\x84\xb4\x08\x12Z\x1f\xa2oI\xd4u\xca\xe3\xdd\
\xa5\x0c\xf1\x93\xab\xd7N\x9f<\xb5Tu\x14\x08\xc8\x00\
\x12\x03\x1b\xb4*\x0a \x87E\x80\x87f\xdc\x17\xd1\x9d\
\xc7 \xca$\xaf)\xe0\x99\x1d\xc3\xc2mp\xc1\xebE\
\xc2}\xea6\xbd+:\x97\xbb,\x1f\xc7X\xd7\xe3\x7f\
\xf5\xbf\xffQ\x7f<y\xed\xd4\xa9\x07[\xdb\xe2\x8c(\
2\x91\x00\x08\x80\xaa\x80!E\x18\xb7\xad\x12\x98,\xb3\
\xd6A\x0c\xa1i\xdaz\x82\xdeK\x88\xbf\xf2\xcb_?\
\xb6\xbe\xc1\x00\x8a\x04@\xc2\xa045\x03\x8f\x99\xe6\xff\
.V\x99\xe6\xe6\xe6\xc8y\x94\x1c\x1cER$A\x12\
$M\xc8\x08\x93\xe3\xaa\xfb\x8f\xa7\xd0\x07P\x00E\x81\
\x01t\xdc6\xd1\x18r\xd6\x16\xf9\x8f\xcf\x9e[?q\
\xf2k\xaf\xffJ\x14\xb1.\xb7\x99#g\xd1\x1ac\x8c\
q\xd6\x18\x83\xc6\xe5y\xeeLFJ\xaa\x0aJ\xc6f\
E\xa7[\xae\xac\xdczp\x7f\xa7\x19{\x94\x80* \
\xaa\x0a1\x900\x80\x08\xc2\xfc\xc3\xfb5\xfeHt3\
?y\xf8\xe0\xa0\xeeXK>\x06C\x8e\x88\xbc\xf7\x91\
\xa3\xcb\x8b\xe0\x99\x88\x14\x011y\xc94G\x0a\x11\x22\
,x\x06{\xce>\x19E!\x01BM! D\x14\
\x14\x0f\xd0\xa8\xb2\xa1\xef\xff\xf0/(s\xaf\xbe\xf6\xd5\
\xcd\xed\xad\xac\xc8\xcd\x14}\xa3\x01\x12UQPQ\x14\
\xad\x14Y\x80\x15@I\x09\x05\x94\x99\xbdp\xbe\xd6\xfb\
\xd7\x7f\xf6\xfd\xd3gN/\x19\xd3\xedU\x9b\xb7?[\
\xcd\x8b\x82\xb0\x91\xd92\x823\xe4\xa5\xfb=\xef\xb9\xd6\
\xcf\x00\xca\xcc\x99\xd9w\x10b<,\xc1G:\xac:\
\xb3\xb0:\xd3\x17A\x14\x04\x01X|W{\x1fH\xb0\
L\x04\x14@\x01\x15U\x00 \xebVc\x09#\xdf\xfc\
\xdbsg\xbb\xab\xcbyYfY\x96e\xd9,\xa6\x85\
\xa4@\xa8V\xd1\xa0ZP\x0bh\x013E\xabH\x80\
\x88F\x10\xc4 \xe6n\xd8\xd6Wn\xdd\xe8\xf6\x96\xb7\
\xfb;YfK\xe7|\xdbN\x874\x03\xab\xaaSu\
\xfe\xb9\xe8\x0e=!\xf4~\x12\x00\xbep3P@\x01\
dP\xb4\x06\x0d}t\xf9\x93O\xae\x5c^\xdbX?\
q\xea\xa4\x88\x18c\x88\xc8 \x11\xa0E2\x80\x04I\
\x16\x8f\xdc\x9cs\xde\xc7\x0f>\xf8\xc0\x01\x0e\xc7\x93\xac\
\xc8\xads\xad\xf7G>\xea\xe2h\x8f\x1c\xff\x13\xfa\x13\
\xf4\x98G=p\xe3\x03w=\xd2\x8a\xcf\xa7\xfd\xf4\x1d\
\x02\xb51\x825\x7f\xf1\xc6_\x16\x9d\xea\xf8\xc9\x93\x1b\
\x1b\x1bm\xdb\x82\xa8EJ\x1f\x83d\x90,\x91C\xb2\
D\x87\xe5B\x94bf\xe4\x9c\xbbq\xe3\xc6\xed\xad\xfb\
6\xcb\xc88\xaf\x82\xd6,\x0e\xec\x80P\x8e\x1c\xffS\
=\x14=\xb1:\xe8\x01\x9fc\x11@\x92\x02\x08\xaa \
(\xb1\xa2(*\x90(FT\xb5to\xeb\xe1\xbb\x17\
\xdf[=\xb6\xf1\xc2K/\x0e\xc7\xa3\xbc,\x89\x88\x00\
\xcdT4\xe8f22HD@\x04DD4\xd5\xa9\
\xb4E\xe1Noi8\x9a\x9c\xbf\xf0^\xd9\xebE\x95\
\xbai\xf2\xb2\x14x\xdc\xd3\x1e9w\x0eK\xf3\xa9g\
\xd6\x91\x97\xf8\x99\x0a\x99~\x90\xd6\x0eAR@\xb0\xe6\
\xec\xbb\xefL|\xdb[Y>q\xea\xe4\xbd{\xf7\xd6\
\xd6\xd6\xac\xb5Dd\x10-\xcdt\x07\xa6\xc7\x88\x08\xb4\
\xa75Iq\x88\xac\xaa\x16yi3w\xf1\x83\x0f'\
u\x1d\x14\x9a\xc8\xc6\xda\xc7\x0c\xf5\xf1\xe3\xff\xb9\xe9\xce\
\xfe\x7f/0\x8b\xf6&\xadI\x00R\x15\x01\x08\x80f\
\x86\x9cD\x91\x11\xb6\x07\xfd7\x7f\xf2\xe3\xceR\xf7\xf9\
\x17\xce\xb4!\xd8,3\x88\x04`gv'\xa9\xcf\xec\
\x18\xcdT0\x8a\xa4\xe9\xd0\x80I\x92\x8a\xc2YQ\xdd\
\x7f\xb8u\xf5\xfau%\x03\xd6yQyl\x80\xe2I\
f\xdc\xbf\x93U~r36\x1d\x0a\x10+2\x12\x13\
0\xe0\xfd\x87\x0f>\xbez%\xab\xca\x97_yek\
k\xeb\xf4\xe9\xd3\xc3\xe10\x84\x90dJ\x80\x94\x82;\
\x88f\xc1*\x1f\x8cK)Y\x93y\x1fm\x96y\xe5\
\xab7n\x82\xb5\x90eMdU|\x92G\xfd\x82V\
9E\xbf\xe71\x0efN\x91\x8e\xc7\x85]\x01\x14e\
!I@\xa4\xa4Q\xdb68\x977MK\xc6\xba,\
\xdf\xd9\xed\xf7V\xd7\xfe\xd7\xff\xed_m\x9c8\xfe\xf2\
W^\x11\xd0N\xa7\xe3\x9c\xab\xeb\xba[u2\xeb\x9c\
s\x99\xb5\xceXk\xad1&\xc1B\x22\xb0\x96\x9cs\
i\xf6%\xad1\xc64M\xb3\xb2\xb6\x8a\xc6\xb8\xacx\
\xfb\xc2{\x9b\xfd\x9d\xdd\xd1\xc8U\x15\x10\x1e\x19\xafy\
|\xa8\xf0\xf0oDd1\xc4\xf3Etg\x0e%\xf6\
\xdc9\x9d\xe1l\xc4\xaa\xaaDA\x09\xb3\x22\xdf\x1d\x8c\
\x8e\x9d8u\xe5\xfa\xb5\x9d\xfe.Y\xb3\xbc\xbc\x8c\x88\
\xd6Ze\xae\x8a\xb2\xc8rD485\xba\x8b\x91>\
%\x04\x00\xc5}z\x84\x88e\xd9\x99\x8c\x1bc\x9cu\
\x19\x12]\xb8\xf4Agye\xd4\xd4\xf2d\xd3\xe4\xe7\
\xbf\xa2?9\x8e@\x05U\xcd\xb3\x22\x04F\xb2\x8af\
\x5c7\xdd\x95\xeeO\xde:7\x1e\x8f\x97\x96\x96N\x9c\
8\x91\xa4\xd3\xb6m\x9e\xef\x13M2\xc3\xf3\xcf\xbe\xb5\
\x1c\xd1\x00\x12\x18\x02,\xcbr2\x99\x905&sj\
\xed\xb9\xf3\x17\x02\xa9g\xfe\x99C}*\x1c\xf4\x14v\
\xe7Q8\x82g1\xb9\xe9y\x99\xe2S\xef\xbd\xf7\xde\
Z;\x994yY\xde\x7f\xb8\xf3\x93sg\x8b\xa28\
u\xe2\xe4\xf1\xf5\x0de\xb1D\xa1\xf5\x96Lh\xdbE\
\xd1 bZ\xc6\xd1\x10\xcc\x00\xce~\xbcc\x8c1\x0c\
H\xc6%\x1f\xfd\xde\xc3\xcd\xcb\xd7?\xb5y&\xf8\x14\
+\xf7\xd3\xe2\xb8'\xd5\x9d\xf9%\x04%};\xf03\
km]\xd7\xac\x9a\xe5\xe5x\xd2\xac\xaeo\xbcs\xfe\
\xc2g\x9f\xdf]^^>y\xf2d\x96e\xcc\x9c\x16\
\xef\xccZ\x89\x9cVk\xa09\xc2A5\xa8xp-\
\x9f\x7f\x8dQ\xf2<W\xd5 \x0c\x84E\xa7:\xf7\xf6\
\xbb\x80F\x15\x0f\x8c\xf0IP\xdf\xcf\x5c\xad\xbe\x88\xee\
\x1c\xc6\x11\xa4\x90\xc6g\x8c\x11\x01c\x9c\xb5VU\x99\
\xf9\xec\xdb\xef\x18g\xcb\xb2\xb3\xbe\xb2\xca!:c\x0c\
R\x99\xe7\xceX\xe7\xdc\xfc\xb15\xa9\x8f\x99\xca\x08\xcc\
>\xa1\xcce\x14c\xcc\xb32FAc\x91l\xd5\xe9\
^\xfd\xf4\xfa\xdd\x07\xf7\x9f\x16\xf5=\x15\x8e\xfb\x82+\
\xfaa\x8d\x8d1\xa6U\xc6{\x9fW\xe5\x95\xab\xd7.\
_\xbd\xb2\xbe\xbe\xee\x9c[ZZb\xe6\xaa\xaa\x101\
\xcb2\x11\xb1\xd6.\xce\x1d L2R\xdas\x1d\x0e\
lIv\x93\xb6\xc9\xb2L\x09k\xdf\x02\xe2\xfb\x97.\
\x1e\xc0\xcaOe\x95\x7f\xa6m\x9e\xa5_\xa7\xa1\x19\x00\
 Ik\x93\xa2\x02\xed\xbf\xab\x00\x00)\x91\x22\x00)\
\x82 DT\xc5\x08 \xbem2C\x002\xaa\x1bW\
\x14\x1f\x5c\xbb\xfa\xf9`\x98\xaf\xae\xa11UQ\x12@\
\xda\xa3B\xcaA\x9bYR\x13I\x09\x94@\x10\xc4\x80\
\xceW\xc0\xc5\xf0\x02\x22:c@4\x84\x90g%\x92\
\xdd\x1d\x8e:\xab+\x1f^\xbe\x12\x91\x02\xa2$\xf8\xa8\
:\x8dm\x8a\xce\x03\x19\xaa*\x08\x82\xc4\x80\x82\xf4\xe4\
8\x0e\x01H@\xd2\xabb\xe6 \xac\x08\x00\xc4\xac\x80\
$\x88\x0a\x98\xd2|:\xa3\x93\x90X\x92\x0c\x80\x18I\
P\xc4\x08\x1b\x06\x8cU\xe9bh|\xd3\x1c;~\xfc\
\xce\xf6\xce\x1f\xfd\xd9\x9f\xe7g\x9e\xad;Uwe\x95\
[_\xe6E3\xa9\x13\xb9\xa0\xca3GH\xa8\x96\xc0\
\xaa\x1a\x11\xa3B*F\x85\x84\x9d\xc9\x0cZ\x00R4\
h\x0d9\x8b\x06\x00\x04b\xd4\xe0{e\xa7i\x1aV\
\xec\xae\xaf?\x1cO>\x1f\x0e\xce^\xfe\xb8\x0fj\xba\
\x9d\x08\xa8\x82\xc4\x88\x81K\xe3\x08\x81\xa6\x00>\xa1\x0e\
\x024\x0a\xd3\x18\xde\xfc\xa3d\x12\xc4\x9f\xc7bP\x89\
\xc0\xa0\x12\xa9!\x00\x99*\x0eJR\x1cH\xbe\xc1\x82\
\xc74\x133\x03\x00M\xe3=\x04\x00L\x10A\x05@\
Qc\xf4\x00\xe0\x9c\x9b\xb4\xed\x95[\xb7\xc6\xc0Pu\
\x06\x91\xbb\xbd\xe5<\xcf%23\xe7yn\x8c\x11\x11\
C\x94\xd8Bd\x80\x88\x90\xc0 \x10\x80\x99\xe6\xa7\xf7\
\x12\x8d\x09^Q\xca\xca.\x22\x004B&\x1as\xe9\
\xcae\xdb\xa9\x86\x8d\xf7\x81\x11\x0d\x11I\x88(\x0a3\
\xddaUA\x12L\xa2\x02\xdd\x17\x0b;Zw\xe6\xc1\
uz:\x07]5)\xea\x81\x93\x0c\xda\x86\x98\x15e\
\x14i\x82\x7f\xeb\xdcYk2gs\xdf\xb4\x8a`]\
\xce\x0a!\xb01&\xd9lc-\x92%\xb43\x5cc\
\x08\xcd,Rq0\xa1z\xc0H/\xb8\xa6DD\x1f\
}\xf4\xd1d2\xf1\x1c\x83\xb0\x12\x02a\x10fPE\
\xe0GC\x1e\x05\x90\x03\xa6z1f\xb6\xf0V\x9e\x22\
\x82\xa1\xd3\xe5\x5c\x14xj+\x00\x15Q\x01#\xa0-\
\x8a\x80\xb8\xb9\xdb\xbf\xf4\xc1O]\x91\x97e\xc9\xac\xf7\
\xef=\x10\x91,\xcfY\xa5\x0d\xac\x08h]z0%\
\x04\xb2h\x88\x88\xc0Pz\xdeE|\xbc\x08\xf9\x17\xe5\
2\xb7\xdcDv4i\xce_\xbc\xe4\xf2\x82\xacA\xa2\
 \x9c\xf4Z\x01\x9f\x0a\x07}\xf1\x08\xc6a\x1c\x91\xc0\
q\x0a\xad\x8a\x22#\x99\xbc\x18\x87\xe0:\x9d\xb7/\xbc\
\xa7\x86\x9a6\xf4VW\x22\xf3g\xf7\xee\x8e[\x9fW\
\x9d,\xcf\x1b\xdf\x06f\xb2&\x88*\x99\x99N\xecy\
\xe6\x08\xe61\xbas\xe4\xb6\xb6\xb1\xfeW?zST\
M\x9e\xa3\xb1>\x04\x9b9EP\xd5YDUe.\
\x0b\xd9\x87\x83\x92\x06\xf1\x8c$\xb9\xa85S\x02\xc1\xd3\
F\xbf\x04\xa7b\xa2Y\xe6O\x10\x22 \xe6Y\xbfn\
Z\x95\xbf<\xfb\xd6\xfa\x89\x13\xad\xc4,\xcbEdR\
\xb7\x9f\xdf\xbf7\xa9\xeb\xbc\xea(\x90\x8f\x0cd\x03G\
\xc5y\xaa\x03\x04\x939\xa0D\xd0;Rw\x8e\xf4!\
\x05\xa1\xb7\xbcr\xed\xe6\xad\xeb\xb7n\x03\x9a\xa0\x12D\
M\x91E\xde?\xfdq\xd1\xaf\x96\x9fO\xf4\xeb\x11\x07\
\xfb\xbc\xf3\x14\x0fT\xa4\x9a\x19\x8a\xfc\xe2\xe5\xcb\xf7\xb6\
\xb7k\xe6\x13'\x9fy\xf0\xe0\x81\xb5\x96A/^\xfa\
\xe0\xa3+W\x84\xd0\xe6YdU \x01\xe2\xb9\x9b\xaf\
\xa4\x82\xf3\xf0\x10\x1e\xc5V\x9a'\x9e\x0e?U\x1d}\
\xd1]\xfa\xd1\xd9\x9f\xd4\xd1\xb71\x02\x1ac3\xcf1\
\xe9NJ%\xcd\x84\xc2s\x99\xa6\xcf\x5c\x83\x14\xf6\xce\
<\xa9\xdd\xf9\x19\x8e\x9c$f.\x09 #\x0e\x9b\xb6\
Z[}\xe7\xd2\x87yo\xe9\xf6\xfd\xfbg\xbe\xf4\xa5\
[7\xefdY.\x8a\x1f^\xfe\xf8\xe3\xcb\x9f\xf8\x10\
\xad\xcb\x92\xbd\x9c\xbaK@\xaa\xb8\x98\x14;\xf0\x0e\x17\
\xd5\xe7h8\x87\xb0;\x18\x1d\x7f\xe6\x99\xf3\x17/M\
|\xf0,hH\x09#\xb3\x02\x1d\xa1\xf8\xa0\x0c\xfa\xe4\
\xce\x04%\x0c\xc23g7\x84\xe0\xbdg\xe6E2\xcb\
\xa2\xd1Q\x14\x01v\xc6\x1acb\x14\x00 \x9b\xd7A\
\xf2\xe5\x95\x8f>\xbd\xfe\xfe\xd5\xcb\x13\x95r\xa9\xe7\xf2\
L\x00\x05(+r\x93\x17W>\xbd\xf1o\xbe\xff\xfd\
\xeb\xb7n\xafll\xa0\xb1\xac2ij\x1f8\x85\x03\
E\x80\xa3\x82\x92q93#b\xe2>\x85\x10B\x08\
\xaa:\xf7<\x16\xc9\x91Dd\xc8-\xaf\xad\x0f\xeb\x86\
\x11\xdf}\xffb\x14Y\xd9X\xdf\xda\xde\xb5y\xc6\xa0\
\x02(pp\xfc\x88\x89\xde:\xa5r\xca,\xfd\x1fc\
d\xe6\xa8\xb2\xc0O~2\x86\xcaa\xa6P\x92\xa6s\
N\x88|\x14&\x93\x15\xc5{\x1f_\x9e\x08\xbbNw\
8\x1c\x8f\xeb\xb6,:\xcc\x9a\xb9,/\x8bfR_\
\xff\xf4\xd3\xe1n\xff\xe6\xcd\x17\xbf\xf2\xa5\x97O\x9d8\
\xaeH\x96\x90\x88D\x1c\x19\x87m=i\x9b8i\x8b\
\xa2\x98\xbf\x1e\xe7\x9c1\xc6{?\x99L\xd0\x98#\x93\
n\x93\xd0F\x85\xde\xea\xda\xbb\xef]\xf8\xed_\xfb\xf7\
\xfa\xa3\x11\x10\x8ab\xca\x0e\xec\xe5\x91a!\x84\xf8\xf3\
\xe2\xef\xec\xbf\xc4t@\x06)\xfaHDy^\xb4Q\
\x03\x0b\x15\xd9\xa0i~\xf2\xde\x05o\xc8\xe4\xb9\x0d2\
\x98\xd4EQ\xa8\xc4&\x86,/*\xe3\xc6\x83\xe1\xad\
;\x9f\xef\xec\xecl=\xdc|\xee\xf4\xe9\xaf~\xe5\xd5\
a=\xf1\xde\x1bKEQ\xb8\xa2\xcc\x01\x99'm\xdb\
\x12QQ\x141\xc6\xc6\xb71FD,\xcb\xb2\xf1\xfe\
\xf0\x8cS\xc2q\xddde\x8e\x02W\xae]\xbf}\xf7\
\xee\x97N\x9d\xf4\x22\x15\xa5T\xe3\x81\x0c\xbaL\xb1\xde\
L@)\xd9/\xb8\xc8m\x9dQ\xbc\xf0\x8b\xe4$X\
$\x92\x01$EUTL\xca\x9a\x97\xd5G\xd7>\xbd\
}\xef\x9e):\x93\x18\xba+\xab\x8d\x0fQ\x81\xc8\xfa\
\xc0!\x0a\x1a\xd7]\xee\xad\xac\xad\xb2\xe2\xd5\xeb\x9f\xfe\
\xf0\x8d7\xfe\xc5\xff\xfc/\xcf\x9e};F)\x8bj\
<\x9a<x\xf0 \x84\xb0\xb1\xb1\xa1\xaa1F\xef}\
r\xc7RPu\x91Yr`-\x8b*Y\xd5\x19N\
\xea\xbc\xdb\xfd\xe1\x9b\x7f\xe5\xca\x82A\x95\x0c\x03\xa6\xa5\
z1\x1a\xf5\xe4\xf1\xf6\xa7\xd0\x9d\x19ua\xef\x1e\x8e\
\x0c\xb3\xb6m\xab\xe4\xc8\x9a\x96\xe5\xec\xbb\xefb\x9eg\
\xdd\xce\xe6\x83\x87\xa7\x9e{a<\x9c4MSt;\
\xce9\x1f\x9a\xa6i\x0cRA\xb6\xa8\x88[\xef\x9b\xd6\
\xb9\xec\xbd\x8b\xef\x9f\x7f\xef\xc2\xe9\xd3\xa7^{\xed\xb5\
\xe7\x9e{\x0e\x11\xef\xde\xbb\xb7\xba\xd2\x1b\x0e\x87\xe3\xf1\
\x18\x00\xf2\xb2@\xc4\xd1h4\x1a\x8d\xb2\xa28\x1c\x1b\
F\xc0\xac\xacZ\x16\x06\x5c_?v\xe1\xfd\x8b\x0f6\
\xb7\x97;K\x91y\x1e\xe1M\xac\xc8\xf4\x04S\xae\xab\
\xc2\xf4\xe44\xa4?5\xf0\x88@\xfby9\xf6q\x0b\
\x16\x1e\x86\x9b\x0a\x08\xde\xb7\xa5-U\xb5mZ\xdb\xcd\
\x11\xcc\x9d\xcf\xee^\xbe~\xad\xbb\xb2*\x84-K\xd5\
[\xde\xde\x1a\x08+\x82ACF\x1d\x00h\xe0\xc6\xb7\
\x04\xe8\x88\xaanG\x22\xf7V\xd68\xb4w\xef\xde\xbf\
}\xfb\xf6\xea\xea\xeaK/\xbd\xf4\xdcs\xcf\x81jQ\
d\xc7\x8f\x1f\x0f!\x0c\xc7\xa3\xba\xae\x01`yy\xb9\
n\xdb\x03\xf809\x04Y^\xf4\x07\xbb+\xdd\x9e\xc6\
\xe0c8w\xee\xdc\x1f|\xf7;\x93a\xdf\xd2\xde\xeb\
\xdc\xaf&\x87\x8c\xce\xa3\xd9\xf2O\xb7\xa2'Uo\xdb\
6]=\x04v.\x0f\xa2\x1f|\xf4q\xd3\x06\x93\x17\
\x83I\x9dU%\x193i\xea\xb2,S\x94\xdf\x18\x93\
\xe7\x85\xcbs4\xc4\xccm\x1b\x9a\xda{\xefU\xb5\xaa\
\xaac\xc7\x8e\xad\xaf\x1f\xf3>^\xba\xf4\xe1\x1f\xff\xf1\
\x1f\x9f?\x7f\xfe\xfa\xf5\xeb\xbb\xbb\xbbir\xc5\x18\x89\
\xa8,\xcb\xc3s*m\x9ec\xa2\xeb7\xdew:K\
o\xbf{~8\x1c\x1e\x00\x01\x0a\xbc\xc7\x91?\xe4g\
\x09\xe8\x012\xe0\x9cBo\x01(\xb1\x81aJ\xb5%\
E\x05\xdd\x03K\x89\xa4\xa4\xaa\x98x\xd8\xce\xd4!t\
T,d\x11\x10\xf2l\xec\xfd\xc7\xb7n@\xa7\x0c\xa0\
\xf5x\xbc\xb2\xb4\x82,\xbe\xa9{KK\xbe\xa9\x8d\x81\
\xd0\xfa\xe8\x03\x8afd\x5c\xe1\x80\x05\x22\xa3Z\x89~\
XOT\xd9\x12\xe5\xc6TYE\x84W\xaf^\xbd~\
\xe3\xda\xf2\xf2\xf2\x993g^x\xe1\x85\xf5c\xc7\x86\
\xc3\xe1\xed\xcf>\xebv\xbb{\xbc\xf7Y\x8a\xd1\x02\x86\
\xd1\xa4\xd7\xed\x8c\xb7\xfb\x95A\xcd\xcc\xcd\x87\xf7\xeel\
=x\xe9\xd9g\xa5\xf5\x04B\x8c\x94\x98\xf3\x89\xa27\
\x8bX\x1dAp:J\x83(\x0a\x22X\x22\x1b\x15\x04\
t\xea\x1f\xea,\x18\x96b\x22)\xe6\x05\xc8H\xc3\x10\
\xb0S\xb5\x91\x9b\x18\xb3^\xefA]\xbf{\xf3\xfa'\
;\x9b\xbe\xc8\xea\xc8]S\xaee\x95\xdf\xde\xee\x16n\
\xc0\xe3\xc6\x84\xac\xb0\xd6\xa8\xb1\x9a9$\x92\x18\xbdH\
\xcc2\x8b*\x9d\xb2\xb0\xa4\x19\xearY\x84Q\x7f\xe7\
\xdeg\x95\xa3n\xb7Z^]\xf7Q\xce\x9d\xbf\xf0\xe7\
o\xfc\xd5\xd9\xb7\xdf\x19\xb7\xf5\x99/\xbd\xe8\xca\xdc9\
GD\x12\x99C\xe0\x10\x90\xc5\x0a\x1c/{~\xab\xbf\
\xbc\xd4k\x95}\xe5\xe8\xf8\xf2\xff\xf2\xa7\xff\x86zU\
$\x90\xc8\x19P\xa1\xa4!XB\x97\xbb\xa0A\x12\x15\
6}f\xceW\x8a\x96i\xe4\x84\xb6\x08QED\xc4\
N'W\xf2k\xe5 [pO\xbai\x95SAC\
\xec\x05\x8d\x135\xad\x8aG\xbcx\xe3\x9a\xcf] c\
@-@\x8e\x06\x03\x13\xaa\x1aa\xe4Q\xdd\xe4 Y\
\x96\x19\x01\x09QU9\x866\x84N^\x8c\x06\xfd\xd0\
\xd4e\xeezU\xfe\xc2\xe9\xd7\xb67\xb7~\xfa\xc9e\
-\xab\xb5\xe3\x99\xf7\xfe\xe4\xf1\x13\xfd\xe1\xe0\xf3{w\
\xaf}z\xf5\xd4\xa9S_\xfb\xda\xd7B\x081\x04k\
\xad\xcbse\xa9\xeb\xbai\x1aC\x88\x0c \x12T\xd0\
@\x04~8\xd8\xbd\xf4\xc9G\xaf\xbf\xf0\xb2\xdf\x0e\xc1\
\xfb,\xcf\x0a\x97G\x95\xc0\x11--\x96\xfc<\x9e4\
\xb8\xcf*S\xaaD\xd2)J\x9e\xcdo\x01\x05\x023\
\xb3\xd3`\x84\xacP\x969\x1f\x01\xac{8\xd8\xfd\xf0\
\xe3\x8f\xa0S\x89\x02\x0a\xb2\xaaqS'\x93\x00\x05(\
\xb0\xe4\xc6Zt,-3\x13\x11Y\x8b\x81\x85\xe3d\
<\xfc\x95_z\xed?\xfc\xcew^~\xf1\x85\x13\xc7\
6P\xe1\xfa\xad[o\xbe{\xfe\x7f\xf8\x17\xffre\
}\xad\x93g\xa5\xb3\x9b\x9b\x9b_\xf9\xea\xabW\xae]\
\xdd\xde\xde~\xee\xb9\xe7^<\xf3B\x91\xe5\x83\xc1`\
\xd8\xef\x03@Y\x96m\x13\xa7E\x05d\x8d%\xe48\
\x1e\x8c\xce\xbf\x7f\xf1\x9b\xaf\xfcR\xb4&\x84\x10A\xad\
\xb3\x1c|\xe0h\xad\x85C8\xe8\x09\xac\xf2\x01wA\
\x15\xe5\x08t\x00\xaa\x18\xb80NUC\x94\xbc*?\
\xbavmg<\x16\xc2\xe4\xefET\x93gu\xf0\xd3\
\xa8\x96\x82\xcd\x0a4\xb9g\xa9\xdb\x10\xa3\x10Qf\xac\
#\xf2\x93\xf1\xd7_\xfb\xea\xef\xff\xde\xef}\xebo\xbd\
\xde\xc9\xf3\xbb\xb7o=\xbcw\xa7[f\xbf\xff;\xbf\
\xf3?\xfd\xf7\xff\xdd\x89\xd5\xf5\xfe\xd6\xa6\xfa\xf8\xda+\
_\xf9\xe9\x07\x1fn\xac\xadK\xe4\x1b7n\x9c={\
\xf6\xa7\x1f\x7f\xe4cX]_/;\x9d\xf1\xa4\x01B\
km`\xd6\xc8 j\x8c\x0b\xc2W\xae^\xdf\xdc\xdd\
F\x97\xe5E\x15\xa2\xf8\x18\xe6y\xfa\xa7\xcbI\xd0^\
\x18\x84)\xc5\xd9EE\x04@)\x05oDQ\x05\x84\
Q\xc1\x08@\xc3\x95-8\x88Wn\x01.|\xf8A\
\xb5\xd2\x0b*\x8c\x10A\x19\xd4\xe4Y\x1d\xbd\xce\x98\x86\
d\xb2\xa0\xe8\x99\x05P\x09\x81\xc57m3\x1aj\xf0\
\xdf\xfd\xad\xdf\xf8\xbb\xbf\xf6\xadP\x8fb;\xdeX\xed\
\x1d_[9\xb1\xbe\xd6\xf4\xfb\xbf\xfe\xfaW\xff\xdb\x7f\
\xfe\xcf{E\x91[\xf3\xd9\xcd\x1b\xcf\x1c?\xd6\x8c\x86\
\xab\xab\xab\x06\xe9\xe1\xd6\xf6\x95k\xd7\xaf\x5c\xbb~\xff\
\xe1\xa6\x00vVz\xd6Z\xe7\x5cr\x15\x93\x0b\x02\x8a\
\xf7\x1el~\xf8\xc9\xe5\x00P,w[\x89\x93\xa6I\
\xc9x`\xc1\xa7\xe1k\xd1\x94\xb9\xa7\xb0/>\xa4\x0a\
G%\xcc@\xd51Z\xc6\x10%\x12^\xfb\xec\xce\x8d\
\xfb\xf7\xba+\xabA\x01\xd00(\x13P\x99\xf9\x10\x14\
(\x95\x0aD\xc0\x96\x85\x91\xb2\xbcp6\x0f!\xf8\xc9\
D\x82\xff\x07\xff\xe9\x7f\xf2\xado\xfc\x0a\xb2\x1f\xef\xec\
d\xa0\x10}\x7fks\xb8\xb5Y\x90\xf9\xf4\xfa\xe7\x1b\
K\x9d\xff\xe6\x9f\xfd\xb3\xc1\xc3\x87Feu\xa9g\xc9\
l>x\x98\xe7\xf9\xe9\xd3\xa7\x97\x96\x96\xee\xde\xbd{\
\xe1\xd2\xc5\xcb\xd7\xaf\x0dGc%L\x02*\xcb\x0e\x91\
U\xc5\xac(\xa3\xea\xf9\x8b\x97\xb6G#p\x99\x07`\
\xc0\x942\x98\x07\xed\x9e\x5cw\xa6\xd3\x0egv\x07\x95\
\x93\x972\xb3\xc6:\xadg\x051\x02\x99\xb1\xa1\x09J\
\x86\xf2\xe2\xc7\x17\xce\xb7\x86\xd8\x10\x10\x0a\x82(\xb2\x22\
:\xdbp\x10J)\x17R\xa0 (\x8a\xc68\x00\x10\
\xe6NU\xbd\xf0\xec\xe9\xdf\xfc\xdb\x7f\xa7\x19\x0e\x1e\xdc\
\xb9\xb3\x94\xbbNn!4\x16\xa5\x93\xdb\x97\x9f?\xdd\
\xcdr\x8a\xbc\x94\xe7\xff\xf5\x7f\xf1O3\xc2O>\xfc\
\xa0*\x8a\xaa(\xda\xba\xe9\xf7\xfb\xac\xba~\xec\xf8\xf2\
\xea\xea\xd6\xce\xce\xd9w\xde~\xf0\xf0\xe1`8\xd4(\
eYZ\x9b\x81R^T&\xcb?\xbe\xf6\xe9\x9d\x87\
\x0f\xfbM\xad\xd6\xb9\xaaP\x04\xef=\x22>\xb9\x1b1\
\xb5;I@4\xa3l\xa7\x8c\x04\xcey\xdc\xa2\x8b\x5c\
\xa6\xdc\xe6m\x1b\xc4\x18)\xf3\x0b\x9f|\x94\xf5:\x13\
\x1f4\x85U\x12\x1e'\x1b\x14\x98\xa6\x8e\x9d\xc9rE\
d@U\x95\x18\x8d\xc8\xf1\xb5\xd5_\xfa\xca+\xb9!\
\xc3q\xbd\xd7\xed\x15\xc5p{\x0bb\x5c\xe9v\xc7\xfd\
\xdd\xfb\xb7o\xa3o04gN\x9dz\xe1\x99\xd3\xbf\
\xf5w\xfe\xfd\xe7N\x9d\x04\x8e\xa5\xb3y\x9e;\xe7\x00\
\xb0\x0d\x9e\xa3\xba\xbc\x5c^Y\xbbq\xeb\xe6\xbd{\xf7\
\x06\x83\x81D\xd1(m\x1bT1\x02>\xd8\xdd\xbd\xdf\
\xdf\xdd\xad[\xcd\x5cVuT0\xfaH\x88O\xe7g\
\x11\xaa\x22\x04\x0e\xd6\xd1\xb1\xf5\x8d\xc01\x82\x02aQ\
T\xac\x8a\xb2\x17\xb8 D\xa3\x94c^\xad\xe9\xb8\x97\
\xfd\xd1\x8f~\xb4UO\xba\xc7\xd7\xb7w\xfa\xbd\xe5\xd5\
f\xd48\xb0\x01b\x106y\x06\x86D\xd8d\xae\xae\
\x9b\xa2\xaa\xa4\x9ep\x0c\x06\xd4:7\xda\xde\xfc{\xff\
\xf8\x1f\xc6\xc9\xa8\xb2\x16\xbc\x0f\xc0\xbd\xb2\x02\x94\xd0\xd6\
Ke\xd5N\x82\xb1D\x00\xda\xb6+\xdd\xce\x7f\xf4\xfb\
\xbf\xff\xc6\x9bof6c\x85\xd0\xb6\x8c\x94U\xd5\xa4\
n\x8d\xa1\xeero{{\xb3(\x8bIS\xd7w\xfd\
pR\xaf\xaf\xaf\xaf\xaf\xae7M\xc3`\xaa\xd5\xd5\x1f\
\xbc\xf1\xc6k_\xfeJ\xb9\xd2\x1bO\x1a\x0am\xaf\xdb\
m\x9b\x86L\xa6\xb8\xbfbKa\xce]\x22\xa2\xc4&\
J\xe5\xe9\x94\x1e\xdb\x91q\xc6\x16.\xcb\xf3\xbc\xca\x8b\
2/R&t\xb1\x1a3m\xc1\xb3\x17\x9d0\x9c\xfb\
\xe0b\xb9\xb1\xb6;\x19///\xd7\xe3\xc6\x09Z\x9e\
\x95\xac\x11\xc94l\x0cQ8\xdd)\xb4M\x91\xe7\xb1\
i\xfe\x83\xdf\xfb\xdd\x97\x9e\x7fvcyy}\xb9\xb7\
\xba\xd4Y\xee.u;e\xa7\xac\xca\xbc\xa8\xf2|\xb9\
S-WEAf\xdc\xdf-\x9d]\xeb\xf5\xfe\xe3?\
\xf8\x83\xfbw?S\x89\x99u\xb9\xcbH)!\x8c\x18\
\xa3\xb5\x99s\xb9\xb5\x16\x00\x9a\xf1dkkkww\
\x10Y\xf3N\xa7a\xd8\x1c\x8e?\xb9u\xa3\xe8T\xad\
\xc4\xe4\xebG\x1f\x9e\x92\xbf#)\xfc\x0a\x16\xc9X\xcc\
\xac\xc9\xb3,\xcfs\x00\xa1\xc4\xe1\x06\xc1\xd9\xb4R\xc5\
:\x04*\xf3\x8fo\xdd\xfa\xf0\xd6\x8d6\xb3\xd1Zk\
2\xf0\xd1\x0a8\x01\x93\xd0\x04\x22\xcfH\xd6\xa9\x04\xdd\
Z\x8a1jh\xda\xf1\xe0\xef~\xfb\xdbN\xa1\xe3\x5c\
\xc7\xb9*\xcb;yV\xe5EQ\x14e\xd1)\x8a\xa2\
\xb7\xd4\xc93[:[XZ\xeev2K\x7f\xf8\xbd\
\xef=s\xfc\xa4\x84h\x91r\xeb@\xd4\x18CdC\
\x13r\x9b\x8bH\x22\x8d\xc5\x18G\xc3I\x7f0\x9a\xb4\
\x9e\x91L\x9e\x8fC8\x7f\xe9\x83\xb1pPe\x05e\
\xa1\xa7L\xa5\x93\x88Hde\x11\x91\xb4\x17\x11\xe0i\
\xed\xe1^\xd1\xd6\x9c\xa1BF\x0b\xf8\xcb\xb7\xdf\x92\xc2\
m\x8d\x86K\x1b\xab\xfd~\xbfr\x85\x0d\xe8\x98\x8c\x22\
\xa2\x01B!`T\x01%\x82\xa6\x99d\xc6ZC\xcd\
d\xfc\xdc\xa9\x93\xcf\x9e<1\x19\x0c\xb8m\xc4{\x0d\
^##\x00\x91MZ\x9d\x19\x8b\x1c\xcb\xc2\x9e\xd8X\
\xef\x96e\xa8'\xc7K\xf3\x87\xdf\xfb\x1e\x88\x06\xefA\
\x15D\x1d\xb9\x14\x81\xb3dR\x15\xa4\xb56\xcb\x0aG\
\x8eY'u;\x1c5\xae\xd3\xc9:\xdd+7o~\
t\xe5j\xde\xa9\x1a\xef\x9b\xa6\xa9\x8a\xf20\x8e{\xdc\
\x9ae\xa6\xdc\xb4\xe4\xa6)\x88(G\x96)|J\x1f\
TI\x90\x87AM\x95\x7f\xb69\xbe\xf8\xe95\xbb\xd2\
\x03C`\x9d\x1f\xd5\x1d\x97;V\x17\xd5*\xa6\xb2\xfd\
\x99\xfa\xa8sn2\x1e\xaa\xc4\xdc\x90x\xff;\xbf\xf1\
\xebK\xa5[*\x0b\xe4\x08\x12\x93\x8f\x93\xaa\x1b\x01\xd2\
M\xa23\xc6\x12\x12\x81o\xeb\xb2\xc8\xc7\x0a\xbf\xfb\xdb\
\xbf\xbd\xb1\xba\xe6\x9b6\xb6!Q\x15\x1cY\x0d:O\
\x10\xaaj\x12\xae!+\xa2\xe3\xba\x19\xb7\xdeu\xaa\xdd\
z|\xfe\xe2\xfbK\xdd%E\xf0uSd\xf9\xd3\xf1\
w\x8c1\x8e\x12\x9dq!\x0f\xa9\x8f\x8ci\x881\xff\
\xf6\xc2\xbb\x8dj\x0dj\xd7V\xb6w\xfa\xc6fV \
c\xb0\x02&e\xa0\x119\xa5\xed\x01\xaa\x22\xb3\x04\xec\
[\xf6\xad%\xf8\xd5\xd7_\xf7u\xe3\x00r\xe7r\xeb\
\x9c\xb5\xe9\xd6\x90b\x8d\xaa\x22R\x94\x99\xaa\x0e\xfb\xfd\
\xc9p\xb0\xb1\xba\xbc\xbb\xb5\xdb\xe9\xb8o\xbc\xfe\xba\x01\
\x8c>\x10\x18\x15!@B\x04\x96\xa2(\x8c1\xcc\x1a\
[\x16Iv\xd4\x925\x0f\xb7w\xbc\xa8\x92\xb9|\xfd\
\xfa\xb0i\x8a\xa2H\xe1\xf0\xa7\xe4\xef,f8iZ\
\xa2\xb7 \xa9Y\xd2)\x059\x10\x06\xf5\xe4\xad\xf3\xef\
`\x95{P\xb066u\xa7\xaab\x1d\x88\xd1(\x18\
Y\xa8\x10CP\xe0\x10\xda\xb2\xccU\x18\x94O\x9e8\
\xb6\xb1\xbe:\xea\x0fvw\xb6p\x06\xc4a/\x0a\x03\
\x8a\x84\xa8!\xb4\xca\xd1\x18J\xeb\x89\xb5\xd6{\xf8\xcd\
\xdf\xfc\xcd\xa5N\x17D3c%DT\xb0d\x94e\
\xb1\x04\x18DU\xd2\xd4\xb6Q\xb5\xf1\xad\x12nno\
\x9d}\xfb\x9csyQ\x14\xa1i\x9f\x8e\xbf\x13\x22\x07\
aVa\x958\xe3\xe2Na\xdc\x94\xacM\xa9D\x8b\
\x01[\xc4\xcf'\xe3O\xee\xdf\x0b\x88Y\x96\xc5\xdd!\
\x91\xcd\x90\xbco\x00c\xaa\xcf\xa2i\xff\x86\xc4\xe6\xb6\
\xdb;\xdb\xc6\x18\x83Z\xe4\xf6\xe5\xe7\x9f_*\x0bC\
\xd0\xb6\xed\xb8nF\xde\x8f}\x9c\xb0\xb4\xac<\xe5\x83\
\x03\x1a\x1a\x8eG@\xb8\xb1\xbe\xd1\xe9\x96;;\xbb\xdd\
N\x99[\xf8\xd5\x97N/w\x0bKh\x8dr\xf4 \
\x8c\xa8\xaaR\xd7\xb5\x88XK\xae\xb0d\x8d\x80\x06\x09\
\x11\xa4\xd3\xedz\xd1\x088j\xda\x1f\x9d;\xd7\x22`\
U\x8e%&\x882\x8f\x10\x81\xe8\xbc\x89\x85 $\x95\
\x9fS\x8eI\x8dU\x22F\x14\x22&`\x04\x05A\x15\
\xcb\xdcuy\x1c\xd7\x85u\xd6fYU\xf5[o\xd7\
\xbb\xff\xe3\x9f\xfc\x1f\xd9\x8b\xcf\xf7[\xdf\x0e\xea\x12\xa8\
\xc7\x88\xe2\xd1\xf2\x18\xea\x06C\xd6\xc9\xea\xba6B\x5c\
K\xe6:*\x94\x95K\x88\xe8\x9bz\xbc\xbd\xfd\xad\xaf\
\xff2\xf9\xd6\x82Z\x97O\x98\xfb\xac\xbb\x02\xbb\x11\xc6\
QZ\x06\x11\x01a\x8fX,\xf5Z\x90\x9d\xe1\x8e2\
\x17\x0e\xa1\x19k=\x9a4\xf1\xbf\xfcG\xffp\xf3\xee\
\xad\xf1`\xeb\xf4\xa9\x8d\xdd\xfef\xd9\xcd\xc1pf\xd1\
\xa0\x88\xc4\xa81\x90\x8a\x05uF\x0dE\xd4\xa0\xb0;\
\x1c\xae\x9c8\xf5\xd6\xc5\x8b}\x91]\xa2\xf2\xc4\x09\x93\
9glf2\x076S\xe3\x84\x94A\x04\x04I\x9d\
a\x83\x8d\xfaF\xbd$6\x9a\x22\xa4\x8a=^(\x0f\
A\x05\x04\xe0\xe8\x8b\xa2j\x1a/\x0a\xa3\xa6-\x97\x97\
\xaf\xde\xdd\xba\xbe\xb3\xf5\xa0m\x82\x82U\xe3\xbc@\xdb\
\x22Gr\xc4$\xd1D\x06\x05\x10R\x04@\x15\x03h\
\x05!\xc6\x98g\xb6p\xf6\x99\x13\xc79\xf8\xe4\xcaE\
\xc4\x00\xd4\x00\xb6\xa2-k\xeb\xbdo\xda\xb6m}\x08\
\xadD\x16`\x01D\xb4\x88\xd6`f\xc8Y\xdcXY\
~\xf1\xb9\xd3 \x5cOFe\x99\xb7\xa1QeT\x99\
\xd3m\xa6i~\x04A\xa8'\xad1fym]\xc9\
\x040?x\xf3\xcdje9\x1ak\xf3\xa2pYf\
]n\xacC\x93\xca{\xcc, /(\x8c\xc0\x90&\
\x11\x13\x1e\xa0\xfb\xccLF\x0a\x95\xd9,kbh\x80\
\x1b\x89Y\xb7x\xf7\xfd\xf7\xfa\xfd~l\xbd\xa3)\x13\
'\xc6\xc8\x1c\x08\x04\x15\x12 \xd8\x17\xfaU \x05\x0e\
\xd1\x00n\xac\xae=\xfb\xcc3 \x22!bj\x1d1\
\xeb\xe6$\xb3\xd2k\xef\xa3\xf7\xa1\xf5\xd1\xc7\x18EX\
\xa71%\x04CDkkk\xdf\xfc\xe6\xb7B\xe0\xc9\
dR\x96e\x8cQ\x04\x12\xb7k\x8a\xc8f\x9e\xd0\xd4\
7\x02\xca\x5c\xd14MUU\x7f\xfe\xc3\x1fF\x80\xc4\
\xe9%\x97Yk\x93\xef\x9a\xbb,wY\x96e\x89m\
\xb5W2\xa4\x8a\xb2\xd8\xb6A\xf7\x0a\x8c\xa6\xbc\x08c\
\xbd\xb2)\xb2\x86\xc5V\xd5\xa0\x0d\xef\xbc\x7f\xc19\x97\
\xa5\xb5\x86\x88\x00QR\x8e\x8bg\x19\xe7\xb0\x97\xdb\x01\
\x9e\x9a0\xc4\xb6n\xce\x9c9S\x15\xa53\xb6m\xdb\
\xc4\xbfL\x9b%2\xb4'P\x1f8\x84\x98\xe2\xed1\
F\x1f%\x1d0\x8b\xb3\xe6\xdb\xdf\xfev\x028i\x09\
O)Y\x00\x02%\xd4\xe4\xda\x11*\xa1RYtT\
\xbb\x91\xb1\xc8\x00\x00\x0a^IDATu<\x1e\x8f\
\xc6\x93\xb5c\xc7\xef\xde{p\xf1\xc3O\x12\xc1'\xad\
\x5c\x09\x01L\xdd\x832\xb7\xc6X2\x8e\xd2\x0a:\x0d\
\x06\x11.TY\xef\xab\x1b Dkj\xdff\xdd\xca\
\xa3P\x99\x7fr\xf3\xfa\xb5\xdb\xb7;E\x99\x91\xd1\xc8\
\x10\xd8(8\x04\x04\xd0\xc8\x06U\x99\x95\x19u\xda\x7f\
%\xa5\x1f\x11\xd1\x91i&\x93\xaf\xbe\xfaj\xf4M\x99\
\x17\xc2\x9c\xbb,-Xs\xb2\x1b!\xa6eRU\xa3\
@`\xf5Q|\x1b\xdb64\x8do\x1a\xdf\xd4~2\
\xf1\xaf\xbe\xfajUU\xd6d\xde\xfb\xcc:UM%\
\xa8\x89\xa4\x80\x0b\xebIb\x06\x85\xc0\x0c\xe8\xca\x0a\xf3\
\xeaO\x7f\xf0C50-^Y\xa8\x15&P\x03\x98\
\x93\xcd\x0d\xe5\xc6:2IR\x06\xed\xd1\x19\x1b\x05\x04\
2J\x86\x91\x18Q\xad\xdbm\xea\xb7\xde\xbb\xd0\xc4\x80\
\x88\x1a\xbc\x9f4\xdc6\xa0l\x90\xac\xa2\x8a \xa2\xa4\
\xe6O\xf3\x9a\x14\x00H\xbc%\x05\x83\xf4\xca\x8b_\xe2\
\x103KE\xe6h\xdaF,\x15\xbdM\xb1\xf8\x14\xa6\
\xcf\xb8\x19\xcc\x1a\xa3\x84\x10\xbc\x8fm\xeb\x9b\xa6\x19\x8d\
&\xddn\xfe\xe5\x97\xbe\x94~\x89h\x88\xacN\x8b\x95\
Hf\x16\x22\xd1%\xeb\xb6\x01DW\x96E\xa7;l\
|\xb5\xb2\xf2\xd6{\x17\xee<\x1c\x18\x97Yk\xd1\xd8\
\xf4&D\xa3\xc4\x18C\xeb,Y2\xd3b1\xa4T\
\xa8@\xa9::MZ\x9c\xce\xaf\xa9\x92\xb71\xe4\x9d\
\xce\xcexl\xca\xf2\xd3;w\xde\xf9\xe0R\xb9\xbc,\
\x911\x8aQ\x98\xa2\x1b\x00T\xa1\x14\xf1\x10M:\x9f\
\xc0\xb7\x02\x03\xaa%\x14\xef\xd7z\xbdS'\x8f\xe7.\
\x93\xc8\xeb\xab\xab\xca\x9c9\x97\xa5J\x9aT\xc9\x06J\
\x9a\x9e\x19\x131c\xaf\xdaK@UC\xdbF\x1f\xea\
q\xf8\xe67\xbf\xd9\xd4uf]\xf4\xc1\x18\xc3\x08\x81\
\x80\x11\x18\x81\x09\x98\xa6\xd9(%l\x81\xc5\x12\x14\xc5\
N=\xa966F\x22\xff\xd7\x9boDB18\xed\
X\x85{\xc5\x0c\x06\xd0\xcc\xaa5\x12\xc8Cyd\xb6\
\x8f\x14\xa8\xf5\xb1\xec\x16\xdb\x83\xa1\xc9\xdd\xcd{\xf7>\
\xfd\xec\xf3\xcer\x0f\x002C\xa5\xb3\xb9\xb3\x84\x88\x91\
\x95\xa7\xf92U\x05\x99\x16\xa3/\xc0M\x8c\xad_]\
^\xe9\x95\x9dnQJ\x88\xbd\xee\x92\x86Pf\xae\xcc\
\x5c\x99\xe5\x99K\xb5\xe8f\xb1Dk\x9e\xf0\xb4\xd3\x09\
\x87\xcabP\x87\xc3\xe1\xab\xaf|\xa5\x9d\xd4\x9d\xbc\x08\
mMS\x22-q\x22\xc2\xce\xaa\xa3\x04\xa5\xe8T-\
\xc7\x91\xf7\x0d\xeaP\xb8\xdaX\xcf7\xd6~\xf0\xa3\x1f\
\xb5\x0a\x91E@\x05\x00\x0d\x19c\x8cA\xe7\xac\x82\xa0\
\xc24R<\xabD\xa2\xc5\xf6z\x8b\x8d\x00\x9a\xa6Y\
;\xb6\xba\xb93\x5c^Y\xa9c\xfc\x93\xff\xfb\xfb\xcf\
<\xffl\x1b\x82A0\x0a\xc4\x0a\x911\x0a\x88\xa0\xa8\
r\x8cm\x9bgY\x08\x81C\x8c1\xae\xae\xae\xf2x\
\xdc)\xab\xb6\x1e\x1b\xd0_\xfe\xea\xab\x04\xca\xde\x832\
\x08[28o\x91@\xe4\x9c+\x8bl\xa9[\xf5\x96\
\xbb\x00\x042\xaf5U\x11A\x95Ti\xba\xbc\xd4\x9b\
\xf4\x87\xcf\x1c?\xf6\x8d_\xfe\xda\xd6\xe6\xc3\xd5\xa5.\
\x87\x08\x84bP\x08\x850q\x0a\xa2\xc6(AI\x85\
\xb0\xe8u\xc7\xa15Uyo\xd8\xaf\xd6\x8f}z\xff\
\xfe\x8f\xdf>\xd7\xab\xdc\xa0\x1eg\x9d\xbcm\xdb\xac\xcc\
\xeaz\xe22\xa3\x1c\x15x\x8fd\xc6\x02\x87\xb9\xdf\xf3\
-\xcb\xb2\xc1`\x02\x00k\xab\xbd\xf7\xde\xbf4\xae\xdb\
\xcd\xdd\xfe\x83\x87\x0f\x07\xbb\xfdz0\x0a\xf5\x04\x02\x1b\
Mn\xa7Ng\xa9\xaaAe\x0e\x00\xd3F\x06\x22R\
X'1\xae\xaf\xaeY\x22k\x8cQ@V\x83D*\
\x08\x80\xa0\xa4J\xb3\xfaET\xe8V\x9dnU\x16E\
\x91\xbb\xccZk\x90P\x81D\x0cjh\xeb\xa5n'\
\x86\xf6\xcc\xb3\xa7\xfdx\xec\xeb\x9a\xdb&%\x94Y\x02\
\xaa\x12af)w&\xcb\xed\xa4\x1e\xd5\xcd\xb8\x09>\
\xa80\x81W\xc5\xc2\xad\x1c?\xfe\xc6\x8f\x7f\xdc\x00d\
U\xd5\xb4l\x1c\xb5mk2\x97\xb2\xf5\xa9g\x16\xce\
:D\x02\x90\xd5\x14O\x9e\xb7\xb3\x98\x96\xfbC\xaf\xbb\
to{\x07\x5c\x1e\x22\xbc\xf1\xc6\x9b\xd6\xe5\x9d\xac\xd3\
\xcb\x8a\xd8&6\x1c\xab\xaa\x08\xcfR\xca\xd3 \x22\x11\
%\xc6\x8d\x88\x00\x22H\xb4d\xda6\x9c>u\xca\x1a\
\xb0\x82AT#;2q6\x81\xe7\xd0>\x1d\x17\xb9\
\x13Ef\x16\x0e\x1a\x91\x09\x999\x02\xeelo\x1a\xdf\
\xae\x1e?\xe5\x01~\xfdo\xff\xda\xd9\xb7\xdfr\xb9\x85\
\xcc\xba\xdcF\x22J\xfd\xca82\xb3\xf7\x1a\x09\xaa\x95\
.2Zg\x8cs\xd1\xfb&x[\x94\xcb\xebk?\
:w\xee\xea\xe7\x0f_8yl4\x18u\x0d\xb5\xa1\
\xad\xca\xbci&s\xe6\xef\x9e\x93\xa8\x0b\xbd\x9bf]\
5\xa7\x90a4\x18\x13\xe0\xf2r\xf7\xea\xc3\xad;w\
\xee\xa8\xb5;;\xbbJ\xa6\xca\x96fE\x82\x82\xa8\xc6\
\x98\xdcXgM]\xb7\x22J\x80\xde{T`\x11 \
bf\x89l\x90N\x1c;\x0e\x01\x8cB\x10\xe6\xe8\x0d\
\x01\x03\x90\xa66\x964\xc7\x13\xa4\x00,\x80`A\x95\
\x0cX\x02gTU\x81\xd6\xd6^\xde\x19\x8d\xeaz\xb2\
=\x1c*G\xf1\xed\xceh\xe4\x96\x96|@6&#\
\x97\x19k\xad%g\xd5\x99\xe8\xa8\x11e\x00d1V\
\x05\xd0{\xcf.\xeb\xad\xac\x0e\x5c\xf6\xe3so\x9d\xf9\
{\x7f`\xf2L8\x82\x8a\xa8\xa2\x81i\x13\x0f\x9cV\
\x8a\x98\x99\xee\xec\xf5\xb4JBJ@\x13\x89\x96\xbb\xcb\
\x8d\x87\xbf\xf8\xc1\x0f\xb77w\xf2c\xeb\xdd\xb2\xaaz\
\xab\xea\x05\x04D\x84\x95Y\x82D\x8em\x13D\x08m\
\xeag\xe9\xbdGK\xaa\x0aD\x22\xd2\xfa\xfa\xe4\xda\xca\
J\xb7\xc3\xc1'p\x92\xaaqp\xc6\xbfZ(UV\
\x00\x10\x0e\x0a\x84\x80\x16\x15Mj\x02I\x82\xa0\x1c+\
\xe7X\xda\x97\x9e?\xdd\x1b\xf6~\xedo}\xe3\xadw\
\xdeU\x95^VE@#\x88!\xa2\x8f\x02\x1a\x08\x82\
\x81\xe8,\x18\xe0\xc8$\x9c\xa1\x15Q\xab\xd8\xad:\x1b\
'O\xfc\xe9\x9f\xfd\xe0;\xbf\xfd[\xa7{\xdd8a\
\xeb\x5c\xe3k\x04!2\x07\xbd\x05\x9cU\xd4\xcc\xc9\xa8\
\xf3u\xdd\x92q\xc6\x0cv\xfb\xd7._q\xc6\xb6\x93\
\xc67a<\x1c\x8d\x06\xc3vR+G\x02\xb4d,\
\x12\xa82\xb3\xce\x80r\xf4\x0d\x22\xaar\x92\x11\x8a\xbe\
\xfa\xe5W\xca\xbc\xe0\x10\x95\xc5\x92\x01\x16\xd2\x19\x89a\
J\xf1\xdd\xc3\xeb\x16\xc9!\x98in\x95A\x05\x98\x91\
\x99P\xcb\x22+r\xb7R\xb8\xdc\xd0\x0bg\x9es\x08\
u\xbf\xbfy\xe7\xce\xceg\xf7\x86\xf7\x1f\xb6;;2\
\x9a\x98&\xe4\xac\xa5\xe0j^\xacW\x9d%26j\
NhX\xfdh2\x1a\x0c\x95\xf0\xa3\xab\x97\xaf|z\
\xbdQ`P\xe3,\x22\x925\x82\xa2\xb3.\x1f\xb3\xbe\
\xa6h\xf7\xa5\x91\x17 \xf3`0\xb0%w\xab\xeew\
~\xf7\xbb/m>\xfc\xe9\x9d\x9b\x1f\xdd\xbey\xeb\xf3\
\xcf\xd7{k\x91\xbd\x80\x00\x00\x11\xa4\xf6e\xb9\xcb\x9a\
\xc633\x1a\x1bB0\x88\x00`\x8cQ\xf0\xce\xb9\xaf\
\x7f\xfd\xeby\x8e\xd0\x02\xa0dY\xa6\xa9y\xc5~\xcd\
\xa1\xd9\xcd\xa7)\x82i\xcaH\x15\x18\x15T\xc9\x19\xaa\
C\x1b\x9bz8q+KK\x7f\xff\x0f\xbf\xf7\xdd\xef\
~\xb7X\xea~~\x7f\xe0}lF\xe3\xd1\xeeN\x7f\
w\xb83\xe8\x0f&\xe31\xfb\x8f?\xbb\x8de\xbe9\
\x1a\x0c\xdb\xd6\x92\x0dM\x18L\x064\x1a\x7f\xf3\xcb/\
\xbf|\xf28\x92\xad\xa3\xaf\x08\xdb\xd8\x96y&\xd1\xef\
\xd3bu\xfbX\x06\xd3\xb6\x91:m\xdcF\x80\xeb\xeb\
\xab\xbb\xa3IF\xf0{\xbf\xf1\xab\xdf\x8aP\x134\x00\
\x9b\xbb\x93\xdb\xd7onnn\x7fz\xf3\xfa\xf5\x9b7\
\xee\xdf\xbf_\x0f\xfa\x01\xc0\x18S\x14\x852\x83!\xdb\
6\x05{\xe7\xc9J\x88m\xbb\x01\xfaK\xcf\x9eZB\
P\x10\x83\xc6Z\x1bc\xe0i\xbb`\xe0i;T\xd9\
s\xb2e\x9ahLo\x8d\x88@\x89\x008DTX\
]\xee\xd5>\x00\x00RQ\x02\xb4\xbb\xc3\x17\x8f\xf7\x00\
\xc0\xc8\x9a\xc1\xe7R\xdbHF\x88\x08\x0c\x80\x00;\x00\
;m\xacr\xdb2\xf4\xfb\xe3\x82h\xb2y\xff\xb5/\
\x9d\x01\xef\xbb6#hF\xfd\xbaZ]i\x9b\xe0\x0a\
\x07\xd3\x15|n\x98\x15\xef\x0c\xa6L)V\xe1\x10\xe7\
N6\xa2Q\x00AR\x00&b\x84\xc4\xdf\x01\xb0d\
\xac\xb5\xe0\x19\x06\xc3\xe1\x83\xad\x07\xf7\x1e<\xe8\x0f\x07\
\x1f~\xfc\xd1\xb5\x1b7\xee>|`\x8a\xccV\x05\xba\
l\xf5\xd8\xc6K'O\xfdW\x7f\xff\x1fT,\x16\xd0\
)\x1b\x15\xa3\xd3*\xb8i&1\xb5v\x80\xbd \xff\
\x1e\x81r\xa1a\x0e\xcc\x5c\xdbifViJ\xbe\x82\
\xbd\xe7A\x90)\xcf&\x11\xc3i\xda+Z\x11f\xe9\
^@\x05\xa3\x8a \xa4\xc9=\x10T\xa0\x19AY\x16\
\x9a\x9d\x91\x12\x00\xecIGDb\x5c\x94\x0e\x1e\xe5\x7f\
\x91\xaaQ$@\xa3(Q!J\xf0\xa2Q\xc2\x89\x13\
\x1b\x0f\x07\xc3I\xd3\xe6eF6\x0b\xec\xad\xcdV\x8a\
\x82v\xfb\xb9\xe8\x01\xa8\xf9(B;<A\xa7\xcd'\
\xdc~.\xbf\x7f\xba~\x83\x08@H\xaa\xca\x1c\x14\xd5\
\x1a\x93\xe7\xf9\x92udi2ns\x05\x97\xe5\xd6:\
$\xd3\xaa\xf1u3\x18\x8eW\xed\x17hi\xf87e\
{\xea\xa1\xa3r\x92\x11\x83\x00\x0bG\xef\xb5\x11\xe0\xa2\
\xea8\xe7D\x80c4\x84\x85\xcb\x842\xf1-E\xfe\
\xff\x8btH\x85C$@c\x1cQ\x9a\xab$\x02\x0c\
H>\x90Ef\x8d\xa1Q\xc3\x0e2c\x5c$\x12\x08\
O\xdb \xfa\x17Xw\x5cf@T\x85\x95\x19\x94\x8d\
Ecln\xa8iCjqV\x12\x81*\xb4-C\
\xe0\xe8\x8d1\xbf\xb0\xc2yJ\xe9\x08\x825F\x91\x15\
UX\x14D\x18P\x18\x19\xac1\x00J\x04\xce:U\
\x881\x88\xb0!\x82_\xe4\xed\xa9ug\xd2\xd6\x89e\
f]N\xa9d\x96YD\x88 \x84\x881:\xe7R\
4\x9e\x88\xf2<og\xb4\x87_\xc4\x0d?\x1b\x8e\xf4\
\xd0\xf6\xc8\x8e\x00\x08\x82\xaa(\x8bq\xe8itv\x16\
\xd0?\xc4\xbc3\x7fsV\xe8/\xb8\xa2\x1f\xfe\xdb\xd1\
x\x07a\xd6\xe2`\xcf\xebH-\xdce!\x1c\xb1\x87\
\xe5\x14\x7f\xe1g\xd6\xe1\xae\xbb\x8f\x91\x8e\x90*\xd2\x01\
&Bb+.\x8ab\xd6\xa5\x01t\xd6\xf2\xfco\xb8\
\xee<\xce\xee\xec\xd5\x83\xcdJ\x8e\x8e\xfc\x7f\x17\x14\xc1\
\xa0\xd2\xacs\xe6\x9e\x80p\xcf?ZT\x1aR@8\
z\x98?\x97\xd1\xff\xf5Y\xe5\xc5\xe1>\xca\x93\x98:\
\x87G\xe9\x82\x22\xca\xe1\x92\x1d\x9c&\x9d\xff\xfa\xa5\xf3\
\xb4\xd7?\xd2\xce\xda\x9f\xd9.\xec\xc0f\x1eA\xea\xe0\
\xfd\xa2Q\x5ch%\x81\xff_\x8d\xfe\xaf{E\x7f\xbc\
7H\x0a$\x07\xa7\xdc\xd4\xe3\xc6}Vx\xaeG)\
_\xfc\x0b\xba\xfd\xbf\x9a\x19\xa0\x18H?\xd3R\x00\x00\
\x00\x00IEND\xaeB`\x82\
\x00\x00\x08\xd7\
\x89\
PNG\x0d\x0a\x1a\x0a\x00\x00\x00\x0dIHDR\x00\
\x00\x00D\x00\x00\x00C\x08\x04\x00\x00\x00\x8f\x1fk\x81\
\x00\x00\x00\x04gAMA\x00\x00\xb1\x8f\x0b\xfca\x05\
\x00\x00\x00\x02bKGD\x00\xff\x87\x8f\xcc\xbf\x00\x00\
\x00\x09pHYs\x00\x00\x0b\x13\x00\x00\x0b\x13\x01\x00\
\x9a\x9c\x18\x00\x00\x00\x07tIME\x07\xe1\x04\x1b\x16\
\x026\x86s<\x00\x00\x00\x07\xf6IDATh\xde\
\xed\x99kpT\xe5\x1d\xc6\x9f\xe7=\xbb\x9bd\xb3!\
\x04\x08\x81\x84\xeb\xa8\x80\xa8\x15\x18h\xe5\x96\x10\xa5\xdc\
\xbd\xceHe\xac\xa3\xe8\x8c\x8a\x0av\xbcL;mg\
h,\x1di?\xb4b-3\xd8q\xb0\xb626T\
\x18\x98\x1a\xab\xb4,\x09\x04\xad\xa6\x83\x0a%\x84Tc\
\x11!\x84[$\xc9.\xc9\xeey\x9f~P\xda1{\
\xf6\xec\x06\xb1\x9f\xf2|\xdc\xff\xff\xfd\xbf\xbf\xf7z\xce\
y\x16\xe8W\xbf\xfa\xd5\xaf\xaf&^l\xc3\x86\xe0\xd9\
\x01n8'_\xf9\x81\x5cI\xf1@\xcct\xba\xb1\xe3\
\xe7\x96\xba\xff7\x907\xf2C#1\x19W\x9b\x09\x1c\
\xa9\xa1\xcc\x91\x03\xd1\x22\x8eV\xfd\x9b\x8dv\xbf\xf6\xa1\
\xb5\xf2\xfc\xd7\x0cR3 <\x87\x0b0\x13c\x11\xa1\
G[\x09\xedj6\xb5\xf6\xf5\xd8\xdeE\xdd_\x13\xc8\
\x9e\x02T&\x97r\x1e\x8b\x10\xf8_\xc7L\xca\x12p\
\xe4\x5c\x00\x93\x98\xd4q\xbd\x86\xad\xe7\xeao\x8a]b\
\x90j\xa7\xf8\x1as?\x16c$\x09HH\xa0\x93\x1f\
\xdb\x16s\x1c\xed\xf6\xbc\x81\xc2\x1ad\x86\xeb2\x8cD\
\x98A\x00\x80U3^\xedyan\x0bu\x09A\xa2\
w\x98\x07QN\x02\x10b\xf8@Q\xeet?\x8c\x9f\
Y\xd8I\xfbEF\x00\x11;80\x81sU\xc1\x89\
\x0a\x91\x80\x12\xdc\xce\x0d\xb3w\x5c\x22\x90\x1d\x85\xa1\xbb\
\xf8\xb8F\x93\x80:\xb0\x1b[\xf0f~\xeb\xd4\x84w\
\xbd\x9aPx\x94\x96\xf0\x16\xf3-\xe4\x00\x12\x0f\xb8O\
\xef\xda\x5c\x95\xfc\xca \x0d\x85]\x8fa\x05\x8b\x01Y\
\x1d\xe0\xf3\xc9?\xd7}Re3-\xe4\xd0q\xe6V\
\xdd\x8714\x00Z\xec:m\xc8t\x8e\x02\xfe\xe1\xd5\
\xa6k9\x1e\xe1 \x00=\xdc\x8c\xe7+\xea\xb2\x99\xe6\
\xa5.\x1au\xa8\xf6\x10W\xe8\x06Rc\xf8\x03v\xe2\
\x05\xff6\x8e\xef\xc8B\xdfX\x8e\x1fq(\x80sx\
Ik*>\xc8\x06\xe3sUat\xd3\x98\xfd\x1c\x8c\
\xcb\x19`\x04\x97\xdd\xf3\xc9\x8b\x87\xfd\xf2\x8d_\xb0x\
\x86\x1e\xc2p@=z\xd1\xfdyE\x0b<\xf6\xffj\
###\x8f%\xae\xb2s\xf6\xe9\xa7\xd8\xaa\x04\xc0\x89\
|\xb4~\x82__>{d\xf7(\xf7\x97\xbc\x8dT\
\x02\x1b\x13O\xcd\xfd\xb4w\x5c\xac\x1f\xdes\x85\xb9\x8c\
\x83\xad\xdc\xd6Ps\xa0y\xc6\x99\xd4*\xb5SP\x85\
\xc5$\x92Zo~2\xfbl\x9fA\xc4\xda\x15\xe6g\
\x18\x08\xa9\x8e\xab\xcaS\x16%:\xcc\xdc\x8c\xef\xe0*\
\xe6\xc3\x91`\xd1\xae\xb7\xf1r\xe8/3\xe2)\x99s\
\xcd3\x98H\xea\x04\x1f)\xffS\x9f\x97f\xf7\x15\xe6\
n\x0c\x04t\x1c\xbfN\xc5\xa8+\xe6\x8f\xf14\xe6\xa0\
Xy\x082\xc4<\x94\xf26>\xdb\xfd\xc4\xf6p\xef\
\xdc\xc3\xb5\xfc\x0d\xce\x01,\xd1\xdd\xd1a}\x04i\x08\
\xda[p- \xe15\xe7\xcd\x941\xe6\xe2~\xb3\x9c\
E\xe8\xc0V=\x89\xef\xda\x87\xf4\x1c\x0e\x00\x1ca\x1e\
.\xbc\xb5w\xf6\x03\x89\xeej\xec\x04\x00L7\x15}\
\x04\xe9(\xe3\x12\x85\x00\xb4\xe8\xf7\xb3:R\xd6\xf3z\
\xad@\x18\xedXk\x1f\xd6\xb3\xe5\xaf\xb4\xbd`\xbfo\
W\xa1\x16`\x89\xee\x8d\x8e\xe8\x9d\xff\xed\xd3v\x93N\
\x00(\xe2\x8d{\x0a\xbc{Ls\x8fp\x1a\xaf\x01\x91\
TM\xa8!e>\x22f\x91Je\xb5\xad\xfb\xd9\xf9\
]\x00\xb0\xd4\x85\x8b]u#4\x85\x038\x05\x93\xf1\
i\xef\xf3e\xea\xf56o\xa6\xb1\xe5\xf6j\xbc\x95\xf5\
\x8c\xec\xcd\xe3L\x15\x02h\xa7\xc7\xe63E\x98F\xb2\
\x03;?\xc7\xb8\xa0x\xbd\x8e\x02\xcc\xc5\x95\xd5)U\
w\x9e\xd0\xdf\x94\x04Xj\xa67\x04\xb3\x06\x89\x0d\xc2\
\x14\x12\xc0\xc1\xc4{\x1eM\x86j\x18\x80\x18\x0f|\xf9\
\xf7p\xbb\xe9\x94dXX\x9cr\x16\xab\xac[\xcf\x16\
\x00\x063\xce\x86\xbd\xfa\xf4\x041#8\x16\x90\xf4\xbe\
s\x225\x9a\x0c\xaaE\x8dz\x0f\xbd\xef\x84\x02\xe5\x92\
\xb4\xe88\xe9q\xf1\xb9Mj\x94H\x8c3C\xbc\xfa\
\xf4\xdc#\x1c\x8b\x08\xc0.{\xa8\xd2\xe3\xa9\xd9\xb3?\
g\x85u\xd8\xddv\xa4W\xab\xd9\x18\x0d(\xc6C\xb7\
{<\x14\xe7\xc5\xeb\x1a9\x1f9\x18\xe2\x8c\xc2\x87Y\
\x82\x98\x91\x08\x01\x8a\xe1c\xaf\xe8\xfc.4\xa6\xfe\x1a\
\x9d\xe4.g\xa1\x84\xbd\xe6\x1d\xcfW!\xd9&\x93d\
\x0e\xc2\xce\xf0\xac\x97FC\x15\x04p\x9e\xad\xc8R\xd1\
1f\x15\xe6\x00|_\xebg\x1d\xf3\x9ce\xf1(\x92\
\x80\xf24\xd8+\xee}|#4\x00\x92\xea@V\xda\
3\xde\xfd!\x96\xd1A\xb3\x9e\x89\xfc5mZ;,\
@\x87\xd9oV\x04A\x80V\x09d\xa1=\xa5\xc9'\
\xb1\x8cA}d\xd7\xe4o\x9a\x9a\xb6\x8d\xd3\x03\x012\
\xae\xe7\xe0\xbd7k\x0f\x04X'\x19\xca\x8cQ\xed\xd8\
{\xb8\x8cA\x1d\xe3\xda\x8a\x97\xfc2\xbbs\x82\x04`\
\xe1\x89\xea\xbdG:e\x01\x13\x08\x0c\xc8\x0c2d\x01\
V0\xac.\xae\x8fo\xf2\xcf\x0c\x16\xc1\x00L\xd2\xf3\
\x13\xc3\xfb\x1eiE\x02P.\x86!\x83\xa2\x11\xb3D\
ep\xb9\xcd\xdd\xf0\xe5{6ep\xc4H\x06\x00\xc4\
y*k\x10\x1ca\x0f\xc0\xb036\x13Hp\x00'\
\x03\x8a\xa9\xa6\xf2\x94\x7f\xe6f\x83\x09\x0a\x02\x8a\xc9\xf3\
Ty\x82\xb0E\xe7\x00\x85\xed\xc4\x03\x19v\x89\x1d\xc2\
\xa1$\xbb\x12\x8d\xc8\xa0Q\xf9\x98\x88\xa0\x84\x93\xa1#\
^qO\x10{\x0c\x1f\x02$'\x9d.\xf1/\xaf\x08\
\xa8\x84>Sg&\x90\xf3\xe31\x9e\x04t\xc8=\xed\
\x15\xf7<5]g\x22\xff@%\x80\xf1\x9a\xaa\xa3~\
\x9f\x8c\xa6\xd1}\x18\x01'\xf6Q\x8b?F\xb5c\xcb\
\x9d\xd1\x00]\xbc\x9d\x88{ex\x82,\xea\x8e\xd6\x9b\
\xe5\x1c\xcc\x02.\xde\xb5\x03>\xa3\x9d}\x165\x99\xe6\
\x02\x00JJ1\x97\x0e\xa0#\xd8[\xe9\xf9\xd5\x97\xee\
\x9d\xb5\x01\xfb$\x044\xdf~\xd3\xaf\x83\xd5&\x9a\x1b\
\xcd\x8d\xe6\xae\xf6\xfd,\x01P\x8ei\x80,v\x05\xf7\
\xa7\x99\xdb4\x0d[Y\xc3n\x00e\x81;\xeb\x8a\xd3\
\xd7\xbf\xfe:\xf3[\xb3\xd9l\x9cw\x9d\x1f\xc5\xeeQ\
\xbc\x13\x83\x00\xb6\xa1fF\xdc;'\x0dHe\x92\xdb\
\xec\xdf%\x12\x8b\xed\xc2\xf4]\x98\x12.\xe4\x12.\x94\
\x0flM\x8e{\x87f\x91\x90v\x07v\xa7\xad\x94.\
0\xfb#n\xc4Y\x80%\xe6\x91\xa8\xefx3\x88\xf9\
\x0b\xcc\x83,\x90t\xdc\xfd\xdd\xcc\xb6>\x83\x00\xac\xc1\
\x1b\x00\x80)fe\xdd8\xef\x1c\xdb\x85&\x1cB\x13\
\xe2\xe9\xaa\xd4N\xc7J\x8d\x01\x90\xc0f\xd6\xfa\xf4\xe6\
7\x98\xe8u\xce:L\x85\x91\x8b\x97\xb5fNsj\
FMN^\x11\x00\x14\x9c\xf6z\xea\x8a\xb5\x93X\xc5\
Ep\xe0\xeau=\xe6U\xe1\x82|m\x89\x93\xef\x0e\
\xdf`KQFG\xcb\x8c\xea~Q~\xb0w\xc6\xa2\
n\xf8\xbc<\xed\x9a\xc9\xc7\xb1\x08\x8e\x84}Z\xef\x87\
\x91\xd1\xa8i\x08v<`\x9e\xe4(\x00\x09\x1b\xc5s\
\xda\x91\xadq\xf9F~\xe8&\xe7{\x9aJ\x03\xe9\xa0\
\x9ej{\xd5\xdf\x81\xcd\xe8\x18\xd5\x0c\xc8\xbf\x17O\xa0\
\x94\x04\xd4\x84?\xea\x0fM\x1f?\x90\xe1\x85\xa9&'\
\xff*-\xe7\xad,\x03$4\xda\xb5e\xd5\xe32\x98\
\x9dYxh\xd1\x5cs\x1f\x1e\xc5\xe5_\xd8soa\
\xdb\xf9\xd7\xdb\x0f\xa7\x1b_478\xc1\xbd\x11\xb7q\
\x12\x00H\xd8\x8b_UlAFg1+W1\x1a\
\xe0<\xae\xc4\x0d\x0c\x02\x12\xe3:l\xea\xec;\xdc\xef\
\xb6\xe1|AO\x87\x05z\x9cDh`^\xa2\xd4\x5c\
\xcb\xe9\x98\x89\xb1_\xb8\x8a\x1dx\xcd\xae;\xf9n6\
\xb6x\xd6\x86\xef\xae+q\xbb\xb9\x0bc>7ve\
\xf1\x19\xcf\xd8Oy\x14\xa7\x11'm\x98\xc5\x1c\x81R\
\x0db\x04\x06\x90\x90T#7\x9a-\xb3\x8fdW\xbf\
\x0f\xce\xb3XW\xa9;\xcc\x02\x951\xd3\x93\xc5\xd5\xbf\
\xb8]\xaf\x94\xef\xcb\xce\xec\xed#\x08\x00D#\x9cl\
\xe6\xa9\x02\xe3X\xa0\xbc\xden\xbc\x84\x18\xcf\xe2\x9f\xaa\
u\xdf<upi\xbc/\x95/\xe2\xdf\x89\x03\xa1\xa3\
%\xe1q\x9a\xcc\x09\x18\xc1!6\x82\x1c\x89\xdd\xe8`\
\x9b\x8e\xb0\xd1\xbe\x97\xd7\x1c;U\x99\xd1\xe0\xbd\x04 \
\xff\x9d\x9d\x00\x06\xda\xc2`\x8e\x1b\x0aH\x09\xc5M\xfb\
\xac\xcfh/\xbe^\xbf\xfa\xd5\xaf~\xf5\xeb\xd2\xea?\
\xce\xd3Ca\x1d\xb7\xe7\xfa\x00\x00\x00%tEXt\
date:create\x002018\
-05-11T14:51:12-\
04:00\x15S\x87\xc6\x00\x00\x00%tEX\
tdate:modify\x00201\
8-05-11T14:51:12\
-04:00d\x0e?z\x00\x00\x00\x00IE\
ND\xaeB`\x82\
\x00\x00\x0b\xe9\
\x89\
PNG\x0d\x0a\x1a\x0a\x00\x00\x00\x0dIHDR\x00\
\x00\x00 \x00\x00\x00 \x08\x06\x00\x00\x00szz\xf4\
\x00\x00\x0b\xb0IDATx\xda]\x97w|\xcf\xf7\
\x1a\xc5?J\xef\xd5\xde\xbaU\xb7\xbdT\xefUj\xab\
\xa2\xa8U\xa5f\xed\xbd\xaa\xb5g\x8c\x18\x092\x90\x88\
l\x19\xb2$\x12\x91%A\xec\xbd\xf7\xde3\xb1\x12\xa3\
v\x95\xa2T\x15\xdfs\xdf\xdf\xdf/\xb7z\xef\x1f\x9f\
\x17y\xfd\xf8=\xe79\xe7<\xe7ybF.\x5cd\
\xb9f/\xb1\xdc\x97\xaf\xb0\xbcV\xaf\xb1|\xd7\xaf\xb7\
\x827o\xb6\x22\xb6o\xb7bw\xef\xb6\x12\xf7\xef\xb7\
R\x0f\x1f\xb6\xb2\x8e\x1d\xb7\x96\x9e:m\xad\xce\xc9\xb1\
6\x9c\xbf`m\xcb\xcb\xb7\xf6\x5c\xb9j\x1d\xf8\xe1\xba\
u\xec\xe6-\xeb\xf4\x9d\xbbV\xee\xbd{\xd6\xc5\xfb\x0f\
\xac+??\xb4\xae?\xfe\xc5\xba\xf3\xe4\xa9u\xff\xd9\
3\xeb\xd1\xf3\xe7\xd6\xd3\x17/\xac\xdf^\xbe\xb4~\x7f\
\xf5\xcaziY\xd6+\xc9\x12\xcf\x0c\xce\xc8\xb0F,\
X \xd7\x85\x8b\xe4\xbet\xa9\xbcW\xac\xd4\x8c\xb5\xeb\
\x14\xb4a\xa3\xc2\xb7nU\xcc\x8e\x9d\x9a\xbbg\x9fR\
\x0e\x1cT\xd6\xd1\xa3Zr\xe2\xa4V\x9d9\xa3\xf5\xb9\
\xe7\xb4\xf5\xe2%\x01@Gxgo\xdd\xd6\xd9\xdbw\
\x94s\xf7\xae.\xdc\xbb\xa7\xbc\xfb\x0ft\xed\xe1#\xdd\
z\xfc\x8b~|\xf2T\x0f~}\xa6\xc7\xbf=\x17@\
\xf4\xfc\xe5K\xbdx\xf5J\xaf,K\xa6_j\x9a5\
85]#\x17dj\xdc\xe2lMZ\xb6L\xde\xab\
V\xc9\x0f\x10\xc1\x9b6\x03b\x9bfo\xdf\xa1\xf8=\
{\x94z\xf0\x902\x8f\x1c\xd5\xd2\x93\xa7\xb4\xeal\x8e\
\x16\xf0\xb3kr\xb2\xbe\xca\xccR\x1f\xfem \x9f-\
\xbfpQGn\xde\x02\xc4O\xca\x07\xc4\xd5\x9f\x1f\xea\
\xe6\xa3\xc7\xba\xfb\xe4\x89\x1e<\xfdU\x8f\x9e\xfd\xa6'\
\xbf\xbf\xd0\xb3\x17/\x05\x1b2\xbd\xe7\xcf\xb7\xfa\xcdO\
\xd1\x90\xf4\x0c\x8d\xcaZ\xa8\xf1\xd9K4y\xf9\x0aM\
]\xbdZ3\xd7\xadw\x80\x08\xdd\xbcEQ0\x91\xb8\
w\x9f\x16\x1c=\xa6\xf8]\xbb\xd4a\xa6\xbf\xde\xef\xde\
C\xa6\xf572\xfc\xdd$&\xe9\x8d\xa4y*\x96\x92\
\xaaF\xab\xd6(\xf7\xee\x8f:\xc7\xbb\xf4\xd3}]y\
\xf0\xb3n<z\xa4;\xb0\xf1\x13l<\x04\xc4/\xb0\
\xf1\xeb\xf3\xdfe\xba%%Y\xbd\xf9\x8f\xfd\xf9\x8f\xc3\
2\x16h4RLX\xb2TS\x001m\xf5\x1a\xf9\
\x01\x22\x009B\xb7lU\x10\x7f\xef\x1e\x1c\xa2w:\
t\x94\xf9\xba\x99\xb3x\xab\xd62~3e\xe6&\xf2\
\x92d\xf8.\x1bL0@s\x90$\x17I.\xc1\xc6\
e\xd8\xb8\x0e\x1b\xb7`\xe3\x9e-I\x01\x1b\xa6CB\
\x82\xd55a\xae\xbe\x9d\x97\xac\x01\xa9i\xff\x0bb\x05\
L\xacY#\x1f\xe4p\x85\xa1\x12\xed;8\x0b7k\
.\xd3\xb2\x95\xb3\xb8\xfd\xe7\x0c?\x19\xbe\xc3\xf1(n\
\xbf*\xb0\xb9\xe7\xea5\x9d\xc2\x1b\xb9w\xee\xe8\xc2\x8f\
\xf7\x94\x0f\x1b\xd7`\xc3!I\x01\x1b\xa6u\x5c\x9c\xd5\
!n\x8e\xba\xcf\x05Dr\x01\x08\xfc\xf0_\x10\x931\
\xa5\xe7\xcaU\x1a\x12\x13+S\xab\x96\xccWM\x9c \
\x9a\xb7\x90i\xd1\xd2\x01\xe0-\x00\xfc\x03\x06>B\xca\
\x0a4P\x7f\xe92\xf5Z\xbfAk\xf1\xc3\xb1\xeb7\
t\xea\xc6-\xe5\xd8 \x90$\x0f6\xae\xda\x92\xc0\xc6\
\xed\xc7\x8f\xf9\xae\xe8h\xabut\xb4:\xce\xb1A$\
\x02b\xfek\x10\x8b\x16k< \xdc0\xe6\x80\xd9Q\
2U\xaa\xca|\xfe\xb9\x93\xfa\x91.2\x13\xdcd\xa6\
x\xc8\x05\x80\x89\xb6A\x8f\x1d\xd7\x8a\xd3g\xb4\x81\x09\
\xd9\xc1\x84\xec\xce\xcb\xd7\x81+Wu\x94)9y\xe3\
\xa6cR\xce\xdd\xb9\xab<\xd8\xb8\x0a\x1b?\x00\xc44\
\x8a\x8c\xb4\xbe\x8e\x8c\xd47\xd11\x80\x88W\x8f\xc4D\
\xf5\x05\xc4\xc0\xb4t\x0d\xcf\xb4A,\x92+\xd3\xd1\x97\
\xcfL\xbb\xf62\x9d:;\xdf\x90\xa12\xfe\x812\xe1\
\x11\xf2\xc0\xa8YL@\xb6\x0d\x80\x09Y{\xe6\xac6\
\x01b\xdb\x85\x0b\xda})O\x07._\xd1\x91k?\
\xe8\x04l\x9caBl\x10\x97`\xe32 L\xdd\xb0\
p\xabQX\xb8\x9a\xcd\x9e\xad6\xb1q\xea\x14\x9f\xa0\
\x1eII\xea\x8b)\x87\x90\x0f\x04\x95\x83\x89\xde6\x00\
\xdb|\x9d\xbb8\x9f\x0d\xa2g/\x19//yn\xdc\
\xa4\x85\x00X\x02\x80\x95\x00X\x07\x80\xcd\x00\xd8r\xfe\
\x82\xb6\xf2v]\xba\xa4}\xf9Wt\x18O\x1c\xbf~\
\xdd\x09\xe2\xf6m\x07\x08S#4\xd4\xaa\x1b\x1a\xaa/\
\xe9\xa4ET\x94\xda\x02\xa23f\xea\x89\x9b\xbf\x07\xc4\
@\xccg\x03\xe9\x1a\x12*S\xbe\xbcL\xc5J2\x95\
x\x95\xab8%\xa9\x5cY\x85&MR\xe1\xc8(\x15\
\x9e\x1d\xad\x22x\xe5\xcd\x988}\xc0w$\x03jC\
N. \xcek\x17\x92\xec\xcf\xbf\xac\xc3Hr\x1cI\
N#I.\x92\x98*\xc1\xc1V\x8d\xa0`\xd5\x9b5\
K_!E\x0b\xa4h\x8b)\xbb\xf0\x05\xbd\xe6\xcds\
0\xd1/-M\x1d\x03\x83d>\x01@\x85\x8a\x80\xa8\
\xe8\x04Q\xa9\xb2L\xed:2\xee\x93d\xc2\x22\x90#\
R\x06 \x06 %\xe3\xe7*\x9dQ\x5cm{\x02\x10\
6\x1b;\x01\xb17?\x1f&\x00\x81$6\x08S6\
 \xd0\xaa\x1c\x10\xa0\x9a\xccw\xbd\xb00\x07\x88\x96\x80\
hg\x83\xc0\x94=\x01\xd1\x07O\xb4\xb1\x01\xd8\xdd\x97\
\xaf\xe0|6\x90\xea\x9f\xc9|\xd9Xf\xd2d\x99\xd0\
0\x99Ya\x05 f\xab\x0c\xa3\x98\x01\x03\xcbN\x9e\
\xd4\x9a\x02\x10[\xcf\x9dw\x80\xd8\x07\x13\x87\x0a\x980\
\xa5\xfc\xfd\xadr\xfe\xfe\xaaJ\x81ZHQ?<\x5c\
Mp|K\xa8l\x87\xee\x9d\x01\xd1\x8d/k\xc9g\
\x8e\xd1\xfb\xa2\x9e\xb3s\x1bD\xfd\x062\x0d\x1b\xc9\xb8\
\xc1@\xe8,'\x08\xfcdf\x85\xeb\xb3\xd4Te\x1c\
>\xac\xc5\xf8b9\xbeX}\xe65\x13NO\xe4;\
\xe40\xc5\xfc\xfc\xac\x0f\x99\xe3O\xfc\x03T\x0d)j\
\xf3E\x0d\x22\x22\xd4\x14?\xb4\x8a\x8dU{L\xd9\x11\
9\xbe\xe63\xd3\x92\xe0i\xd3\xd6\x09\xc4\x0e#;\x0f\
\x1a4\x94\x99\xe8\xaeBA!z\x17\x19\xaa\x00x\x00\
\x01\x16\xb3\xfb\xf5\xee\xc8>\x0e\x88S\xce\xe9\xb0Gt\
+\xf9\xb0\x8b\xe9\xd8\xcft\x987}}\xad\xbf\xfb\xfa\
\xaa\xf4\xcc\x99\xaa\x10\x18\xa8\xea!!\xaa\x83\x14\x8c\xa7\
\xc8\x08\xb5\x8a\x8bS\x1b2\xa21\x9f\xfd\x91~v\x22\
\x8e\x9f 3v\x9c\xccw\xfdT6 H\xddYH\
\x1e$f(\xcb+z\xd7n\xcd\xd9\xbbWI\x07\x0e\
(\xf5\xd0ae\xe2\x85\xc5\xc7Oh\xc5\xa9\xd3Zs\
\xf6\xac6\xda \x1cL\xe4\xc9\x14\x9a>\xdd*<}\
\xba\x8a\xcf\x98\xa1\x7f\xb1T* \xc5\xa78\xde\x06\xd1\
\xd0\x01\x22F\xcd\x91\xa3>\x00\x1d\xc9g\x03\x188\xc8\
\xd1\xb5\xe3a\xc0\xef\x99\x94i\xeb\xd6\xc9\x97\xf4\x0b\xdc\
\xbcYa\xdb\xb6+z\xe7.\xc5\xb3\xbc\xe6\xed?\xa0\
4\x07\x08\x9b\x89\x130a\x83\xc8q\x80\xd8\x06\x13\xa6\
\x90\xf7T\xcbxOU\x91\xe9>z\xcf\x06\xe1\xef\x04\
Q\xfdO \x1ac\xaa:\xb0\xe4\x00`g\xc1\x98\xb1\
2\xe3&8\x93\x90\xd7c\xfe|\xb9\x13\xd9\x1c4\x9a\
\xf1\x7f \xe6\xec\xd9\xeb\x00\xe1\x94\xe3\xc8kO`\xcc\
\x8d\xb9\xb9\x00\x98\xe2a\x19\x0f\x0f\x19oo\x15\x9e6\
]\xef\xfa\xcePi\xb6[\xf9\x80@}\xcad|\x8e\
\xb3m \xd5\xa7Msjow?\xd6U\xc6\x15\xfa\
\xc7\x8dw\x00\xe9\xc4\x16t\xb5#\x9b\x0d\xea\x09\x08\x1f\
\xb6\xa6\xbf\xbd\xc6\x91#\x925\xcee\xa5\x04\xd8H>\
\xe0d\xc3\x11Z\xb0\xb1\xf2\xf4i\x00\xb8\xbb[\xc6\x0d\
*'O\x91\xf1\xf0\xd4\x1b\xb0\xf17$)\x09\x90\xb2\
\xd0^\x19 \xd5`\xa4\xa2\xa7\xa7L\xd7\xae2\xa3F\
;\x9f\xcd\x82\xed\x01^\xdb\xd89\xc4v\x96\xc6,^\
\xac\x09,\xa2)\xb01\x8d-\xea\xb7~\xbd\x826m\
R\x18\xab<\x8a\xa3f\x0e\x8c$\xc2H\xca\xbe\xfdZ\
\xc0\x85\xb5\x18 \xa6\xd0\x84\x09\x96\x19O'n\xd0I\
\xa2\xd9\xcb\xc5\x8e\xd7\xa2S\xa7\xe9\x03\x1f\x1f\xfd\xdb\xcf\
Oea\xa4\x8c\xa7\x97\xcc\xa0\xc12#\x5c\x9c\x8b\xc8\
\x05\x10\xa3\xc7\xf0\xc6\xaa9ck\xdf\x13C\xd9\x84\x8e\
\xa3\xa6\xe0\xb2\xf2Z\xb9R>\x00\x09\x80\x91\x10\xe2:\
\x82\xc3&\x06i\x12`%\x09\xa3\xa6\x01\xc4\x98\x89n\
N\x00\x13\xdd\x9c\x896\x05&\xecbS\xa7\xea-$\
y\x1f\xedK\xc1\xc6\x87Hd\x86\x0c\x93\x19:\x5cf\
\xf8\x88\x02\x10\xa3\x1cl4al\xfbpO\xf4g\x8b\
\x0e-\xb8'\xc6/q^V\xde\xabVsc\xaeU\
 \xde\x98\x85,\x91[\xb6)v\xc7\x0e\xcd\x05\xc0|\
d1\x14\xb3\x9c\xf4{\xfcQ\xd8\xd8z#Ca\x18\
(\xe6\xe3\xab\xe2\xbc\x7fb\xd2\xe2\x80,:r\x94\x0a\
\xdb\x9b\xd0~6\x98\x11#\xd5\xd8\x06\xc0-\xd0?#\
C\xc3\x17.\xd4\x18\xdb\x0f\xf6\x1d\xb1f\xad|6l\
P\x00\x9d\x87l\xdf\xaeH$\x88A\x82\xb9\x982\xf9\
\xd0!GT\x1bC\x12:.\x1a\xfb\xaec\x02\x0c\xf3\
^\x04\xcd\xdf\x22x\x8a\x05\x05\xe9=~.AH\x95\
`B\xde\xf5\xf2VI^\x19|R\x16\xb0\xa5\xf0\xce\
\xdbx\xa1UB\x82\x06qQ\x8f\xe4.p%\x0b\xdc\
9\xe1<)\xea\x83\xee\xfe\xdc\x8f\xa1\x14\x8d\xa0h,\
\x93\x90\x80\xee\xc9\x180\x83`Z\xc88\x1a\x13\x16f\
\x19;f\x89`\xc3\xc8\xbdM\x02\x96d\xee\xcb\x11\xc3\
UH\xc0\x9a\xac\xe6\xda\xec\x83\x06))j\x96\x9e\xae\
V\xdc\x08\xed\xb2\xb2\xd4\x99;\xa1gv\xb6\xfa\xd0\xed\
@hv\xa1SW(v\xdb\xb6M\x1eh<\x8d$\
\x9c\xb9o\x9f\x820[\xd8\xe1#\x8a:\xc61\xcbI\
\x9fD\x0e\xa4\x11\xc9\x99\xec\x85\xec\x8b\xe4\x80\x89\x8a\xb2\
\xec\xe5aH\xbd\x22D\xef{\x14\xfe\x88\xc2\xe5)\x5c\
\x8d\x13\xad\x16\x99^\x8f\xc2\x8dY\xc9\xcd\xa1\xb7\x0d\x06\
\xeb\x84\xd3\xbb\x13\xb7}\xb8\x9c\xfb\x13@\x837n\x94\
\xcb\x96-\x1a\x07\xcd\xeeh\xeb\x85\xb6>\x14\xf6g\x17\
\x84@s\xc4\x89\x13\x8a\xa1p\x02Q<\x8f\x00J\xe3\
P\xc9b\x1fd\xb3\x94\x8c\x89\x8d\xb3LL\x8c\x0cq\
[\x94\xdc\xff\x80\x8b\xa8\x0c\x1dW\xa2\xe3\xea\xac\xe1:\
\x98\xaa!#\xd6\x94\xa3\xa4%\xc6j\xb7|\xb9:C\
uO\xf4\xed\xcb\x98\x0d\xc0\xddC)\xee\x02\xdd\xe3(\
\xeeN\x04{2\xef\xd3\x99\xf7\x99\x14\x0f\xa6x8\xc5\
\xa3\x89\xe0x\x82'\x89\x08N#\x823)\x9e\xcdZ\
6\x86\xab\xd8\xc4\xc7\xab\x10G\xe9;t]\x92T\xfb\
\x98\x91\xaaL\xd75\xb8\x0b\xeb\xd2u#\xbanJ\xd7\
\xadpu;\xe8\xeeB\xf1\x9e\x14\xefK\xf1\xfe\x14\x1f\
\xc2h\xb9\xec\xdc)Whw\x83v\x0f\xba\x9f\x0a\xed\
~\xd0\x1e\x04\xeda\x04\xce\xec\x9c\x1c\xcd9wN\x89\
\xd0\x9e\xc2\xad\x98\xc9&\x5ct\xed\x1a\x00\x12\x93,C\
\xd7\x85\xe9\xba8\xc5K\xd3u9\xb2\xbd*Z\xd7\xa4\
\xf8\x17\xe8\xdc\x08\x835\x85\xf2\x96\xfc\xc6\xd4\x96\x91\xea\
D\xf1\xee\x14\xefC\xe4\xf6C\xf3\xc1h>\x82\xb4\x1b\
\x03\xf5\xe31\xdbd\xba\xf7\xc2l\xbelA\x7fb7\
\x04\xea#\xe8>\x86\xcb(\x01\xea\x93Y\xc5\xe9\x00\xc8\
t0\x90\x9cl\x19\x8a\xff\x05\xcaK0\xc7\xa5\x19\xa5\
O\xe8\xbc*\xc5k\x90lu\xa0\xbd!\xa1\xd2\x84P\
i\x81\xe6mpyGf\xba\x1b\x09\xd7\x9b\x84\xfb\x1e\
\xdd\x07\xd1\xfd0~u\x1bM\xf7\xe3\x0e\x1e\x94;\xda\
{\xd2\xfdt\xe8\x9f\x09\xfdA\x00\x08C\xfb(\x00\xc4\
\xc1@b^\x9e\xe6\x03\x22\xed\x0a\xeb\xd8\xa4\xa4X<\
\x15\xa5\xf3\x12t^\x9a\xce\xcb\xe1\xf2\xca\x14\xff\x8c_\
\xd3jS\xbc>\xdd7\xa6\xfbf\xa4ZkR\xad=\
c\xd6\x85\xee{\x92\xf5\xdf\x12*\x03\x18\xb5!h?\
r\xff~\x8de\xd4&\xb2t&\x03\xc0\x1b\x00>\x8c\
\x9b?\x12\x04\xe3\x81pX\xf83\x08\x9b\x09c\xd2\xd3\
-C\xf1\xbf\xd2yq\x9c^\x0a\xc3}L\xf7\x15\x00\
P\x8d\xeek\x02\xa0.\x00\x1a\xa2}\x13\xb4o\x0e\xfd\
mp}\x07\xe6\xbc\x1b\xf4\xf7\x02\xc0w\x98o\x00\x00\
\x86\x01\xc0\x05\x06\xc6\x122\x13X\xbf6\x08/\x07\x88\
\x93\xf2\xe3\x22\x0a\x02\xc4\xac\xdc\x1c\xcd\x06D,\x93\x10\
\x8f\x1c\xff\x01a\xc6\xc5\xcf\x98\xce\xec\xc4\x00\x00\x00\x00\
IEND\xaeB`\x82\
\x00\x00\x05m\
\x89\
PNG\x0d\x0a\x1a\x0a\x00\x00\x00\x0dIHDR\x00\
\x00\x008\x00\x00\x008\x08\x04\x00\x00\x00\x02\x8f\xf3\x95\
\x00\x00\x00\x04gAMA\x00\x00\xb1\x8f\x0b\xfca\x05\
\x00\x00\x00 cHRM\x00\x00z&\x00\x00\x80\x84\
\x00\x00\xfa\x00\x00\x00\x80\xe8\x00\x00u0\x00\x00\xea`\
\x00\x00:\x98\x00\x00\x17p\x9c\xbaQ<\x00\x00\x00\x02\
bKGD\x00\xff\x87\x8f\xcc\xbf\x00\x00\x00\x09pH\
Ys\x00\x00\x0b\x13\x00\x00\x0b\x13\x01\x00\x9a\x9c\x18\x00\
\x00\x00\x07tIME\x07\xe2\x05\x0b\x0a3\x0cx\xf3\
\xb4\x95\x00\x00\x04`IDATX\xc3\xed\x98[O\
[G\x10\xc7\x7fk\x1b\xdb\xd8\x10G`@\x81\x10B\
l !\xc8MA%Q\x94 \xf5\x22Uj\x93>\
\xf5\xa5_\xa0\xdf\xa8_\xa1yL\xa5HQ\x9bV\xad\
\xd2\x87\xa6!\x8d\xb8'M\x8c\xcb\xfdR\xae\x06\x8c1\
`\x9f\xe9\x83]s\xce\xf1Y\x17\xa3\xe6\xcd\xf3tv\
wf\xfe\xb3\xb3;\x97\xb3P\xa5*U\xc9F\xaaR\
\x01Q\xb8\x8aR\x06\xa2\xa42yO\xc5&\x06\x19\xe2\
\x03\x5c@\x96G\xbc\xe2\xe8]\x03^b\x90\xbe\xc2\xf7\
\x06K\xacW&\xee\xaa\x8c]\xbcD\xb8T\x1c\xc6h\
\x11\xf7\xff\x0a(\x1eq\x8b\xf9\x9c[\xe8\xe2\x5cq\xd4\
\xc45\xeaL\xdcJj\xfe\xcb\x80\xb2\x80RO\x0f=\
\x9c\x17_\x1eT\x5c\x5c\xe1\x8a\x85\xa5\x9f\x86\xc2\x9a[\
\xfc4\xf2\x1e\x1d\xe2+\xa7\xb3\xcc\x19J\x1dw\xb8G\
\x80W\x0c\xf3V\x92d9O\x0f\xcd\x16\xa6N\xa2\xac\
\xcb!^\xc2\xc4\x18$\xc2\x02\x0f\xe4\xb5:\xd4i\xd5\
\x84\x85(\x82\xdc\xe5\x1e-\x00\x1c1\xcf\x0b\xe6\x882\
d\x03\x84i\x9e\xb0K\x8c~\x9a\x0b\xfeJ\xf0\x80)\
u\x5c\x19`-C|Q\x80+L\x91\xc3\xe5x\x04\
Y\x14\xd6\x93K\xf0\x0dK*\xe7\xa4Yw\x86uD\
h\xb2\x99\xe6\xd1p{\xb0_\x94N\xdau\x9au\x80\
[$HrVZf\x9alE\x80*G\x82\x993\
\xc2\x09\xa3\xec\xeaR\x9e>,\x96\x98\xe6\xa0\x8cR=\
\xed1\xaeOx\xda\xb0P\x07\x12g\x81\xee\x92\x85,\
\x19Rdp\x13\xa4\x16\x9f\x83\xc9S,;_\x98\xb2\
\x80\xc0\x1c3D-\x0a\x0dR\xc4y\xc1$\xfbx\x08\
\xd3\xcb-\xda\xf1\xdb\x0c\x1acG\xafT\x0b(.<\
\xb8,\xae3X\xe3G\x9e\xaada\xbcM\x5c\x86\xb9\
\xcf-S\xb2\xcb\xeb,\xb3\x0d\xc7%q\xe3\xa7\x91\x9b\
\xc4,\x17~\x83G<U\x19\x8b\xe3W\xe4[\x0c\xee\
\x124i\xfc\x90#\x19#\xc5\x91\xd3\xc5\xb1\x05\xbe(\
<\x04\xb8\xc8\x00\xfd\x5c\xb0\xc0\x1d\xf1\x84\xef\x8a\xbb3\
\xcb\x5c\xe0k\xae[\x5c\x7f\xcc\x1b~g\x82$\x19\x0c\
+\xac}\x87>\xde\xe7#\xba\xcc5\xa0@\xb3\x8c:\
\xc1\x81Z\x91\xe7\xb4\xd1`\x9a\xaa\xa1\x8f>\xd6\x98\xe0\
9\xe3\xd6\x88\xb4\x03\xd6\xf39W\x1d\x9d\xbf\xcc\xb2\xf6\
`\xde\xb2c\x01\xccS3\x1f\x13\xe6\xb5\x15\xd0~\xa9\
\x15\xce\xf5,\xcb.\xfbZ\xc0m\xd2\x9a\xc8\xf4\xd8\x0f\
\xed\xb4\x15_\xc8\x95\x09v\x03\x83S6S\xa5\x80\xce\
\x82n\x02\xe8\x0bk\x00\xbf\xc6\xf4\x12mv\xb6c\x16\
I:$^\x17M4j\x01\xdb\xa9w\x98=d\x8d\
El9\xc7~ivy\xc8\x0a\xd7i%d\xdbQ\
;\x11\x99W\x0e9Rj\x89\xd9B_\xd8'\xc9_\
\x8c1\x85\xad\x10;\x14`q\xd3@/1\xba\x08\xe3\
-N\x1b\x8c\xf0\x90\xb8=KJ\x0d\x03|E\x9bi\
*\xcd\x0a\x93\x8c\x90P\x0e\xc9_\xdbyK\x90\x1b|\
F\x8fi*\xc3o|\xcf\x92\xb9_\x91\x00Q\xbe\xa4\
\xdb\xe4)\xe1\x19\x8fK\x0d\xd3\xb9\xf4\xc4\x92}\x99\xa4\
\x87\xa8)L\xfc\xdc&\xc8\xaf2\xcb\x1eY\x5cx\xa9\
\xa3\x97O\xb8l\xd1\x92\xe5%3g\xab\x16A\xeal\
\x1e\xf0s\x93\x08\x7f\xf2\x86\x1454\xd0\xcdU\x026\
)\x17\x0dx\xd1vm\xfaj\xe1&b+Ny\x0a\
s\x87\xdb\x18\xda\x14\xe1f\x80Q\xf6tz\xf5\x81\x7f\
\x8e\xae\x92\x96\xf0D\xca\x83\xbe\xc3\xee\xa4Sj*\x04\
\x14E\x07\x913\xfc\xea\x00\xf8\xb8a+\xca\xa7\xd8\xa1\
\x9f(\x17\xcf\x04\x07\xd0K\x93\xee\x1fC\x07\x18 \x84\
\xd6-vw\x94\xccxi\xd4i\xd69m\x97\x11Z\
\xb9V\x08|\x83\x0cI\xf6\x09ZRA\x9e\xd2\xfcM\
\x8e\x10\xa1\xe2J\x9aaft}\xa9>\xf0\xddt\xf0\
)\x83xYe\x868\x096i\xe3>\xfd\x16\x19\x83\
\xc7\xfcL\x8aV\xa2tq\x990\xdb\xfc\xc4/jS\
\xa7W\x1f\xf89\x99\xe3\x07\xb6\xf1\x90`\x96\x0du\x0c\
\x92f\x92(!\x13\xdb:/YR9\xb6$\xc1(\
\x9dDY\xe1\x19[z\xff\x97\xb9\x87*'slb\
\x90\xfe7o\xa8CI\xb0`\x01\x9cb5\xbf\xaa\x0e\
\x98\x95\x05\xc69\xe0\xa0\xdcCC\xd9\x02\xacrjG\
\xedY\xd2\xd4\x22\xd3\x9c\xf4m)\xc6\xd8\xb5\xf0o\xaa\
t\xf9w\x8d\x0a\xff\xf1I\x11g\xb58\x8a3\xff\x8e\
_1\x94!\xb3L\xe0C\x01\x06\x7f\xb0U\xe9;M\
\xe5\x0fCnB\x9cC\x01\xc2\x06ieT\xaa\xa1J\
U\xaa\x92\x8d\xfe\x01\x9b\x86^%\xe1\xcb\x89\xdf\x00\x00\
\x00%tEXtdate:creat\
e\x002018-05-11T14:\
51:12-04:00\x15S\x87\xc6\x00\
\x00\x00%tEXtdate:modi\
fy\x002018-05-11T14\
:51:12-04:00d\x0e?z\
\x00\x00\x00\x00IEND\xaeB`\x82\
\x00\x00\x04\xdf\
\x89\
PNG\x0d\x0a\x1a\x0a\x00\x00\x00\x0dIHDR\x00\
\x00\x00D\x00\x00\x00C\x08\x04\x00\x00\x00\x8f\x1fk\x81\
\x00\x00\x00\x04gAMA\x00\x00\xb1\x8f\x0b\xfca\x05\
\x00\x00\x00 cHRM\x00\x00z&\x00\x00\x80\x84\
\x00\x00\xfa\x00\x00\x00\x80\xe8\x00\x00u0\x00\x00\xea`\
\x00\x00:\x98\x00\x00\x17p\x9c\xbaQ<\x00\x00\x00\x02\
bKGD\x00\xff\x87\x8f\xcc\xbf\x00\x00\x00\x09pH\
Ys\x00\x00\x0b\x13\x00\x00\x0b\x13\x01\x00\x9a\x9c\x18\x00\
\x00\x00\x07tIME\x07\xe2\x05\x0b\x0a3\x0cx\xf3\
\xb4\x95\x00\x00\x03\xd2IDATh\xde\xed\x99[l\
\x14u\x14\xc6\x7fgvK\x8bE\xb4\xd1\x0a\x06\x0d\x17\
[\xc2\x8b`MMp\x99\xc1\x07\x81\xb5i$J\x1a\
\xe3\x05\xd0\xe0\x83\x18b4$\xf4\xc1\xc4K|\xf1Z\
\x13\x1f\xaa\x09^\x09\xa4\xf1\xa5\x89\xf5\xd2,Ec\xd2\
\x99.\xcd\xa6\x89h$\x11\xaa\x22VA\xf0\x92*\xd2\
\xd2vv\x8e\x0f\xd3\xcbni\x93\x9d\x9dn\x8bd\xbf\
\xa7\xcd7;\xdf\xfe\xf6\xec\x7f\xe7\x9c\xf9\x0f\x14UT\
QE]&\x92\xe9\x0e8\xa6\xb6\xeau3\xfca#\
\xbce=9\xf51c\xba\x93t\xdbLc\x80\x96\xe8\
.\x8d\x04\x04\x91\xfdrv\xa6AdD\x9a%=\xd3\
\xa9\x97\xab$l@O\xc9\xc0\x19\xb9\x9ao\xac[\xc2\
\xe5\x18\xe1NWc\xb0\x95\x0a\x15]c\xef\x9eS\x10\
g\xaf\xde=\xfa\xf25\xe7\xa19\x03\xb1\x9b\xf4\xd1\xf1\
\xda\x88\xbe\x9f\x8c\xcf\x09\x88\xf3\x8cN\xfc\x1cC\xa0%\
nk\xd7m\xb3\x0e\xd2\xf9\x84\xf7\x02\x00\x1d\x00\xf4\xc9\
I\xa0\xdc\xfb\xcc^9\xab \xf6vy\xc3\xc7(m\
\x04\x90!\x89\xf3\x07h\xa5\x1e\xec\xb9~\xd6@:\xef\
\xd1\xf7T\x80\xe4\x15\xf7\x0e\xfb\x96k\x1e\x8b\xd6s\x1e\
X6\x98\xe8\xb9jV@:\xef\xe4C\x22 G\xae\
\xac\xaf\x1d\x88F\x004\x0d\xb1\x944\xc8\x08\xe8\xea\xc1\
\xb6\xde\xd2\x82\x838ki\xa3\x14\xe4\xb8\x11\xaf\xe9\x07\
\xcfobi\x00+\xa1;DA\xef\xf8\xadE\x03&\
\x07|{\xf2fm\xa7\x1c\xe8\x93\x8d\xeb\xfc\xa6\x18\x05\
\xc0\xf5\x8f\xaf?\xc0\x1e\x00\xddb7\x17\x10$Y\xe5\
vh\x05\xc8Y\xd9`\xfe\xec{~[\x9f\xe8\xa9V\
\x934\x01\xb0\xd3~\xbe@ \xc9%\xee!\x16\x03\x7f\
\x1bq\xeb\xf8\x98\xab~E2\x9a\xbb\xb9\xc78\x00\xa0\
\xcf9;\x0b\x02\xe2\xbe\xcb2\x90\x01\xea\xd7\x1d\x99p\
G\x07\x9d\x8c\xc5)Z\xb6C\x12\x00\xdal\xaf(\x00\
\x08+@\x86#[\xd6we\x9a\xb2\x04@\xab2\xbd\
\xda\x91\x85\x0d\xa4@\x0dY\x9akx4w\x8e\xe8V\
o+-\xb1\xeelW\xaf\x99*g\xcd\xf9\xaf\xe2\xe7\
v\xf3\xbb\xf9e\x01@b)R\x17\xbbF\xd4\x03\xc4\
\x9b\xec\xd7\xf4\xf3l\xee\xd9\xa1\xc7\x80\xf1\xaf\xe2\x85L\
\x09\x0f\xa2\xf3.\x11\x10#\x0a\xa0s\x0f\xe2\xcd\x83\xa9\
\xd6\xc8\xac\x830\x17\x159Q6\x1d\xc8T\x15\xe9-\
\xd5\x00\xf7\x08\x01@:_\xe9;g\xef\xd3\xc9\x7fx\
\xbf\x22\x17\xdd\xbfu6\x9c\xfe\xc5\xe9\xb5+\x0aQ\x91\
\x07\x88\xeav\xfb\x9dI\xee\x0f\x00r&\xdbt\xea\xa4\
\x85k\xf5&\xb9\xbd\x00 \x86\xdf\xd8\x1f\xb6_\xcet\
\xf5\x14\x00?eaX\xda\xaa% G\x17}Q\x00\
\x10\xf3%y\x1b@\x1b\x9d\xa72l\x7f\x8d\xb8\x13\xc6\
\xe1[\xf5S\x9d\x0f\x9c\x90M\xd5C\x05\x00\x01\xf3q\
\xda\x00\xf4u\xe7\xc1\xf1\x80\x08\x807\xbeF\x92\xab\xdc\
\x84.\x04N\xcb\x06\xf3T\xee\xd9\x81@$}\xe3\xfd\
b\x83\x8a~\xd0\xb5)\xab\x22\xa3 ]K\xddCZ\
\x09\xf2\x97\xb1\xd1\xfa1Hv\xc0\xeb\xc8\xf2\x0b\x0b6\
\xcb\xb7\xa0%\xe9V\xa7\x16\xc6\xe7\x11\x17\xa0{Q\xfa\
sn\x00\xfe\x8d\xd4\x99G\x83%\x07\xbe\xa0\xd5\xf4G\
\xee\x92\x93\xc0\x02m\xef\xae\xce\x1c\x15\xed\x8a\x91\x0e\xaa\
\x80\x0b\xc6\xe6X*hn\x1eW\xd6\xd8\xaf\x12\xe7O\
\xd0\xca\xe1\x83\xa9\xc5c\xc3\xf3\xd7\xe5\xb4\xebj\xc0\x95\
\xfbr\x9fBB\x81\x80yL\xfc\x9b\xa9\xe5C\x09\xa3\
\xdc\xf7\xfe\xf9H\xd7\x82\xa8\xf1\x88\xf5I>\x99yo\
\xd48u\xde\xc7D\xc1\xf8\xde\xab\x02z\xa9\x06\x90]\
\xd6\x9b\xf9\xe5\x85\xd81\xb2\xb7\xb1/\xbb\x9b\x18O\x9b\
/\xe6\x9b\x16\xa2\xfbZ\xfb\xa51\xcbx5\x7f\x8c\xd0\
{hv\xd3\xd8\x1e\x89\xec\xb5\x1e\x0b\x93\x14\x12D\xc5\
\xf9NW\x82\xf4\x9a\xab\xc2\x0fG\xe1P\xe6;\x87\xbb\
\x92Z\x16>\xe9\x12Q\xf1\xa1@\xce \xc5\x87\x02E\
\x15UTQ\xffw\xfd\x07\x85\x9fMyyM\x97=\
\x00\x00\x00%tEXtdate:cre\
ate\x002018-05-11T1\
4:51:12-04:00\x15S\x87\
\xc6\x00\x00\x00%tEXtdate:mo\
dify\x002018-05-11T\
14:51:12-04:00d\x0e\
?z\x00\x00\x00\x00IEND\xaeB`\x82\
\x00\x00\x09\x0e\
\x89\
PNG\x0d\x0a\x1a\x0a\x00\x00\x00\x0dIHDR\x00\
\x00\x00\x86\x00\x00\x00\x86\x08\x04\x00\x00\x00\xb2p:\x1a\
\x00\x00\x00\x04gAMA\x00\x00\xb1\x8f\x0b\xfca\x05\
\x00\x00\x00 cHRM\x00\x00z&\x00\x00\x80\x84\
\x00\x00\xfa\x00\x00\x00\x80\xe8\x00\x00u0\x00\x00\xea`\
\x00\x00:\x98\x00\x00\x17p\x9c\xbaQ<\x00\x00\x00\x02\
bKGD\x00\xff\x87\x8f\xcc\xbf\x00\x00\x00\x09pH\
Ys\x00\x00\x16%\x00\x00\x16%\x01IR$\xf0\x00\
\x00\x00\x07tIME\x07\xe2\x05\x0b\x0a3\x0cx\xf3\
\xb4\x95\x00\x00\x08\x01IDATx\xda\xed\x9c\x7fp\
\x14\xd5\x1d\xc0\xbf\xdf\xddK\x8e$\x12IhK\x15+\
Bk\x19J\x80aL5\xdc\xaf\x8cJ\x19\x81R\xa8\
F\xe4\xa7#\xb4\x8a\xbf\xb5P\xfcUu:\x8e\xe28\
\xd2\x16\xd1\xd1\x19e@b\x02\xd2\x22\x09\xa2\x9dH\x0b\
\xd5\xdb\xbd\x83\xd8\xb4L\x94L\x19\xa2DSj@M\
$\x04\xf2\xc3\xbb\xdbo\xff\xd0\xb8o\xef\xf2s\xf7\xbd\
\xdb\x1by\x9f\xbf\xde\xdb\xdb|\xf7\xbb\x9f\xbc\xdd\xbb}\
\xfb\xde\x03\x90H$\x12\x89D\x22\x91H$\x12\x89D\
\x22\x91H$\x12\x89D\x22\x91H$\x92!\x81\xee\x1e\
\x9eT\xadP)\xc4\x1c\xa5'\xde\xa3\xf6\x5c\xd0:\xbe\
\xfb\x1c\x93\xd1\xe8=1\x83\xa6c\x11L\xa6\x89x>\
1\x19 \xd1\x09h\x82&<\x04z\xce\xbf\x8bc\xdf\
j\x19\x91q\xf4K\x9a\x05\xa5\x94;\x84\xc4\xba\xa0\x16\
\xf6x\xffr\xf9\x7f\xbfu2\xa29\xc6\xb5\xb4\x02\xae\
\xa2a\x1e\x0f\x09jq\xd3\xd8\xca\xe1\x5c>M#\xec\
^li\x90Qw~\xd7]\xf0\x1b*t\x10\xa2\x15\
^T7\xf8?\x1d\xca\xae\x8d\xde\x13\xd5\xc1\xd9\x19)\
\xa3>\xef\xf4Z\xba\x07Fq\x08uF\xf9#\xac\x0f\
t\x0c\xaa\xa2\x8af\x87l\x9e\x95P\x19\xe1\x05\xb0\x11\
~0\xe0\xe1\x0d8E\xadx\x16\xb2\xc1K\xb98\x86\
\x94\x01\xf7\xfe\x8cV\x87*\x06R\xd1\xb2\x0b\xe6\x00d\
\x9c\x0c\xfdB\xe3\x05\xf8E?\x1f\xb6\xe3~\xa8\x85\x06\
\xcf\xe1\x92f4\xcc\xcd\x0d\xd9\xed\x17\x1b\xe3\xe12\xf2\
\x83\xaf\xdf\xcb\xea\xaf#n\xed\xfb\xa6\xda\x90\xddZ\x05\
s\x002N\x866\x13*\xe9{}|\xd0\x82\xaf\xa8\
\xbbg\xd4bb\xe0\xbf'\x8c\x96$V\xe2\x0d4\xb2\
\x8f\x0fOAYh_\x1f*v\xc1\xdc\xaf\xca\x19$\
\x83\x14\xfd\x11x4\xb5\xc1c\x8d\xf2\x9c\xaff0\x0d\
,u\xb9]e\xb0\x12B)\xdfAq\xe5\xb6\xc0&\
\xab\x8a\xb6\xd7\xe8\xe7\xbd\xb5\x8c\x91Q\x97\xd5UN\x8b\
R\x0e\xf3\x86\xf2\x98\xff\x9f\xf6\x22F\xa7$\x9e\xa5\xd2\
\x94\xcd\xeb\x83\xf7\xf7^b\x0d\xd9m;i\x9e\xf9Q\
\x86\xc8\xa8\xcb\xedz\x8d\xaeI:\xc4Q\xba=\xb5Y\
\x0f\x8f\xf0\x22\x5cOc\x93\xe2V\xe7,-\xeeLU\
\x91!2\xea\xf3\xda\xf7\x82\xcf\xb2)\xa1<1f\xdd\
\xa5=<b\x9f~\x18VS\xb6e\xe3\xbb\xb9WB\
\xacsg\xf2\x8d:\x03d\x90G\x7f\x9d\xac?wZ\
`q\xe8\x1d~G\x08\xfb\xa1\x1a\xbecI\xbf\x8a\x14\
\x98\x9f\xbc_\x06\xc8\xd06\xd3\x0aK\xe8H\xd6u%\
'\xf9\xc5\x07\x00\xd0&\xd0\x1b0i\xb0\xbd\xec\xcaP\
\xec\xfdY*\xfa\x83V\x15\xf0\xa6\xfa3\xde*\x00\x82\
\xc7F\xfa\xf0\xef\xbc\xa3\xf6\xc2\xa9eD}\xf1w\xc0\
\xc3\x84\xdd\x1e\xb8\x11\xe3bR&\x8f\xbe\x99\x96\x0f\xb4\
\x87\xab-\xe3\xd0\xa8\xc46\x8b\x8a\x1aq*\x000\x9e\
\xf3+|[Dd.2:\x9e\xa3qL\xb2u\xf9\
e\xe2T\x00\x00\x5cFt:CeDB\xb0\x94\xa9\
~\x8e\xf3\xa7\x9d\x15\xa9\x82<\xda\xab\xfd>\xf5\xb8+\
\x83Tc#[Wo\x0a|\x22V\x85\xbe\x1d\xae\x13\
\x13\xdb\xe34\x80v\x0bL3k\xb8\xd1\xff\xa6`\x15\
\xdb\xa8LTt\x87-\x83<\xf0 Sm)\xfc\x9d\
P\x15\xaa^I\xd7\x8b\x8b\xef\xb0eh\x8b,\x9d7\
\xf7M>#R\x85V\x09\x0b\xc5\xc5w\xdc2p-\
Sy7X)X\xc5\x0d\x22U8\x94\x11.\xa5\xa9\
L\xf5I$q*\xf4\x0a\xd1*\x1c\xca\xc0\xc5L\xf9\
h\xf0u\x81*^I\xed#\xc9(\x19\xe4!\xe6+\
\x8e6\xb0\xbd\x99\x9cU\x94\xd3b\xe7q\x06\xc7\xc1\x0d\
\xf4\xc0\xd5\xe6\xe34\xc6\xd4\x1d\xa2Th[aI:\
T8j\x19\xc6\x5c&\xe5\xbf\xf9\xda\x84\xa8P\x22/\
[~\xdf\x0a\xc5A\xcb0\x02fY\xf9\xb3\x98\xf4\xd0\
\x80\xe5\xb0\xdcy\x9c\xa1a\xbbe\xe8#\x81\xf9&\xc9\
\xde\x9f\xae\x843R\x06\x94\x80\xda[\xc4\xe6t\xbe+\
\xcf@\x194\x85\xa9\xe8n\x9f\x06\x1f\xec\xcb\x18\xcfT\
\xdes\xfb4\xf8`\xff2ad`\x93\xdb\xa7\xc1\x07\
\xdb2\xf0\x12\xa6|\xae\xcb`\xc7\x5c\xa0\xd0\xee\x9c\xf4\
a\xff\x9e\xe15\xcb\xaa\xabc\xf4\xf8a\xff2ad\
\x9c\xc7\xe1\xf5a&`\xbfe0o=s\x85\xf6\x85\
\xa7\x0f\xfb\xf7\x0cft\xd5'\xf9n\x9f\x06\x1f\xec_\
&\xcc\x83\x992\xda\xed\xd3\xe0\x83\xfd\x96\xc1\xc8H\x9c\
\xeb2\x88\x19\x95\x89?r\xfb4\xf8`\xff2\xf9\x8f\
Y6\x8a\xdc>\x0d>\xd8\xee\xcf\xa0\xc3L9\x03d\
\xd4\xe7\x9d\x99\x8a\xcd\xbe\xff9\x89a\xbbe\xa8\x8c\x0c\
\xb8\x82T\xbbq\xf8\xa0]\xdf~2\x11\x8d\x7f\xac=\
\xe5$\x8a\xed\xf1\x19\x8d\xde\x13m\xe6\xec\x00\xd5\xe7?\
\xe0\x9e\x8a\x83cb\xc7zsQ\xe6\x07l\xf7\xd2\xdb\
n\x19\x97\xf6@\xd8\xac\x19\xb3\xdcS\x01\x10\xbb\xc9\xfc\
\xb7\xd0\xd5\xf6\xe38yU\xb0\x97)\x0bz/>\xc4\
L\xd8\xd7K\x9f\xb9\x22Cad\xc0\x14\xbd\xd8-\x15\
\xda\x8fa:S\xdd\xe3\x8a\x8c@\x03\xb2\xdf(+\xec\
Gr\x06\xfd\xda,\xe3\x91`\xbd+2\x00`\x0b\x93\
\xd2\x8dQ'\xd3kls0\x1fW1UG\xaf\xb2\
\x1c\xc9P*\xc0|^=/\xb1\xda\x0d\x19\xf1U\xf4\
\xcdc\x22\x1aj\x85\x93X\x8ed\xf8?\xc5*\xa6z\
\x97V\x90n\x15\x07\xf3\xe9\xb7L\xb5\xda\xf7\x81k2\
\x00\xe8qs\x18\x02\xe5\xd3\xbat\xcb\x88\xff\x9e\x9d\xd5\
\x82O;\x8b\xe6xP\xacVE\x0b\xbe\x09f\x80/\
X\x9b>\x15\x07&\xc5\xde3\x1f(P\x0b\x86\x9c\xc5\
s<\xdaO}\x8ci\x1b\x0a\xbc\xd8\xe8u\x12m8\
\xd4e\xc5\xb62*H\xb9\xdfiD\xc72|\x87\xe0\
%\xb3FSO\xfe)]2:\x9f\x80\x9f2\xd5\x0a\
\xe7\x0f\x04\x1c\xc6\x8ek\x05p\xc4r\xe5.\x09n\x17\
\xaf\x222\xd7\xd8cN\xd7\xc2\x8e\x9c\x89\xc5-Nc\
r\x18!\x1c\xfc\x82\xd6X6l\x8a\xfal\x86\x1a2\
zqb\x87e\xe6\xda\x03\xceUp\x9bU\x10~\x95\
\x1d~\x86_\xa8\xa5\xbe\xf7\xc5\xa9\x88\xfc\xd0\x88Z\xe6\
F\xee\x0e-\xe0\x11\x97\xd3|\x13\xe5f<j\xd6\xa8\
 \xfeVDX\x87\xcf\x81I\x89\xb7-*\x8e{V\
r:\x0b>a\x02\x1dj\x19v2\x1b.Hh\xe1\
R\xdb\xe1\x06 zyL\x83\x8b\x98\x0d\xdd\xeaB^\
C\xa8\xb8\xcdD\xf2\xbd\xaf,\x04\xf6e\xd2(xK\
\xe3>\x00)\xbc,\xbe\x1f\x98\xbex4p\x09\xbfn\
%\xae\xb3\x17\xc3\xcb\xb0\xdc:!\x17\xcb\x0b\xef\xe05\
\x84\xbai\xc4\xf1g\xe8\x96\xa4\xf4\xef\x08>\xcf/\x7f\
\xce\xf3Z\xf5;ic\xd2\xfc\xe4F\xf5V?\x87\x11\
_\xfa\x95\xf4\x02M\xb4nS\xd6\x06\xd6\xf3\xcc\x9e\xfb\
\x8c\xe7\xf02\xdcLYI\x07\xd9\x89k\x02\xcd\xf6c\
F\xc7&\x9eL\x99\x95\x96\xc0\x9b\x83[l\x85K\x9f\
\x0c\x00m&\xecJ\x99\xd0\xdf\x8d[\xb3\xfeP\xd28\
\xfch\xfa\xc5\xf0\x80\xb1\x12\x92~\xe4c'-\x0dU\
\xf3\xce\x5c\xc8*\x09\x91\x22c\x07\xfd$\xe5P\x06\xec\
\xc6\x97\x0bj&\x7f9\xb4(\xa4\xea\xb3a\x05\xccK\
ng\x00x\x04\xcb\x02\x0d\xfc\xf3\x16\xb4dD4'\
\xb1!\xf9f\xf75\xedP\xa5\xd4x\x22%\xc7\xfb\xff\
\xeb\xda\xd1\xb1\x994\x8b\xe6\xc0\xf7\xfbLy[\xe1*\
1\xf3Z\x04\xae\xac\xa2_k<c\xf9E`=\xf0\
\xc7\xf0/:\x86\x1fA\xb3r6\xd1\xa3~i\xe4a\
\xa11\x1a\xc7Q\x11\x16\xc1\x84~\x17*:\x8ew\x07\
\xab@\x10B\x97\x99\xa9\xcf\xebx\xc8X\x03\xbc\x1e\xea\
\xe3\xca\xb3\x05\x8f\x8a\x9c\xeb$|5&m\x02=\x82\
K\x92V7\xb0!\x02\xcb\x95u\xfe\x0f\xc5\xe6\x9a\x96\
u\xba\xf4\x0b\x8d{\x91\xe9\xb8\x1d&\xedX\xe9yz\
\xc6G\xe2\xf3L\xdb\x0anu\xb9\xdd\xf3h\x11\xcd\x1e\
\xd6E\x93\xc0\x7f\xe0\x16\xa5\xca\xd7\x95\x9e\x1c\xd3\xbc\xb6\
\xdf\xc1\xfc\xf85F\x10\x034\x05\x06|o\x8f\x1f\xc2\
>eo\xee\xbe\xe9\xa7\xd2\x99\x9dK\xab>\xea#a\
\x1aM\xa0K`<|\x17G\x80\x97\xbc\xd8\x0d\xad\xd0\
\x06\x9fc#\x1c\x86\x86\xc1\x16'\x93H$\x12\x89D\
\x22\x91H$\x12\x89D\x22\x91H$\x12\x89D\x22\x91\
H$\x12I\xa6\xf0\x7f\xa5\x7fu+\x01C\x10\xf5\x00\
\x00\x00%tEXtdate:crea\
te\x002018-05-11T14\
:51:12-04:00\x15S\x87\xc6\
\x00\x00\x00%tEXtdate:mod\
ify\x002018-05-11T1\
4:51:12-04:00d\x0e?\
z\x00\x00\x00\x00IEND\xaeB`\x82\
\x00\x00\x06w\
\x89\
PNG\x0d\x0a\x1a\x0a\x00\x00\x00\x0dIHDR\x00\
\x00\x008\x00\x00\x008\x08\x03\x00\x00\x00\x9fX\xcb,\
\x00\x00\x00\x04gAMA\x00\x00\xb1\x8f\x0b\xfca\x05\
\x00\x00\x00 cHRM\x00\x00z&\x00\x00\x80\x84\
\x00\x00\xfa\x00\x00\x00\x80\xe8\x00\x00u0\x00\x00\xea`\
\x00\x00:\x98\x00\x00\x17p\x9c\xbaQ<\x00\x00\x02\x8e\
PLTE\x00\x00\x00\x00\x80\xff\x00\x80\xff\x00\x80\xbf\
\x00\xaa\xff\x00\xbf\xff\x0a\xa4\xfa\x07\xa8\xfc\x07\xa7\xff\x07\
\xa2\xf8\x09\xa1\xf1\x00\x99\xff\x0a\xa2\xf8\x0a\xa6\xfc\x0b\xa6\
\xfb\x0b\xa7\xfc\x0a\xa2\xf5\x0b\xa6\xf6\x0a\xaf\xff\x0a\xa8\xff\
\x0a\xa5\xfb\x0b\xa6\xfc\x0a\xa3\xf5\x0b\xa6\xff\x0b\xa4\xfa\x0a\
\xa5\xfb\x0a\xa3\xf6\x0a\xa2\xf6\x0a\xa3\xf8\x0a\xa3\xf6\x0a\xa3\
\xf8\x0a\xa6\xff\x0a\xa3\xf9\x0e\x9c\xf1\x00\x92\xff\x08\xa5\xf7\
\x0a\xa8\xfe\x0a\xa2\xf8\x0a\xa3\xfa\x0b\xa9\xf8\x00\x00\xff\x00\
\xa4\xff\x09\xa4\xf9\x0a\xa5\xfb\x0a\xa3\xf8\x0a\xa3\xf7\x0a\xa9\
\xff\x0b\xa3\xf7\x00\x92\xff\x07\xa8\xf0\x07\xa4\xfc\x09\xa7\xf9\
\x09\xa5\xf6\x09\xa5\xfc\x09\xa0\xf2\x00\x99\xee\x0a\xa5\xfc\x0a\
\xa9\xfe\x0a\xa3\xf7\x09\xa2\xf9\x0b\xa2\xfa\x00\xa2\xe8\x0b\xa6\
\xf8\x0a\xa5\xfd\x0a\xa4\xf8\x0a\xa6\xfc\x0b\xa8\xf8\x0a\xa8\xfe\
\x0b\xa2\xf9\x00\x99\xf2\x0a\xa5\xfc\x0b\xa3\xf9\x0a\xa8\xff\x0a\
\xa6\xfd\x0a\xad\xfe\x0a\xa2\xf7\x0b\xa4\xf9\x11\xaa\xff\x00\x8e\
\xff\x0a\xa5\xf8\x0d\xa1\xf8\x0b\xa5\xf9\x0a\xa5\xfa\x0a\xa3\xf9\
\x0a\xa5\xfa\x0a\xa3\xf6\x0a\xa2\xf8\x0a\xa5\xfb\x0b\xa4\xf9\x0f\
\xb4\xff\x0b\xa3\xf8\x0c\xa3\xf6\x0a\xa7\xff\x09\xa3\xf8\x0b\x9f\
\xf4\x0a\xa5\xf9\x0b\xa5\xf7\x0a\xa8\xff\x0a\xa3\xf8\x00\x9f\xff\
\x0b\xa3\xf9\x0c\xa3\xf8\x12\xa4\xff\x0a\xa3\xf8\x0c\xa4\xf8\x09\
\xa8\xfe\x0c\xa2\xf6\x0a\xa6\xfc\x0b\xa3\xf8\x0b\xa5\xfa\x00\xaa\
\xff\x0b\xa0\xf7\x0b\xa1\xfc\x0b\xa3\xf7\x0a\xa5\xf9\x0a\xae\xfe\
\x0a\xa8\xff\x0b\xa3\xf8\x0b\xa2\xf7\x09\xad\xf6\x0c\xa3\xf9\x0c\
\xa3\xf5\x00\xaa\xe3\x0b\xa2\xfa\x00\xa2\xff\x09\xa0\xf6\x0a\xa6\
\xfb\x00f\xff\x00\xa2\xf3\x00\xae\xf2\x0b\xa5\xfa\x0a\xac\xfe\
\x0a\xaa\xfe\x00U\xaa\x05\xa8\xff\x0b\xa7\xfc\x0b\xa4\xf9\x09\
\xa2\xf7\x15\xaa\xff\x0b\xa6\xfa\x17\xa2\xff\x09\xa4\xf8\x0a\xaa\
\xfe\x0b\xa5\xf9\x00\x8e\xe3\x0a\xa6\xfa\x0a\xa2\xfa\x0a\xa5\xfa\
\x0a\xa4\xfa\x0b\xa4\xf4\x0a\xa4\xf8\x0a\xa7\xfa\x0b\xa3\xf9\x0a\
\xa7\xfe\x0b\xa4\xf7\x0b\xa4\xf9\x0a\xa8\xff\x0b\xa1\xf7\x0b\xa4\
\xf4\x0a\xa7\xfc\x0a\xa3\xf9\x09\xa5\xf9\x09\xa4\xfa\x09\xa4\xf6\
\x09\xa1\xf6\x0a\xa5\xf9\x0b\xa6\xfc\x0b\xa5\xfb\x09\xa4\xff\x0b\
\xa2\xf7\x0a\xa7\xfc\x0a\xa4\xf9\x0a\xa7\xfd\x0a\xa8\xfc\x0a\xa7\
\xfe\x0a\xa6\xfd\x0a\xa3\xf9\x0a\xa7\xfc\x0c\xa4\xf9\x09\xa4\xf6\
\x0c\xa4\xf6\x0a\xa8\xfc\x0a\xa4\xfb\x0a\xa5\xfc\x0b\xa9\xfd\x0b\
\xa3\xf9\x0b\xa5\xfa\x0b\xa6\xfc\x0a\xa8\xfc\x0a\xa8\xfc\x0b\xa7\
\xfe\x0b\xa6\xfc\x09\xa3\xf9\x00\xaa\xaa\x08\xa5\xf8\x08\xa5\xfb\
\x08\xa5\xfb\x07\xa3\xf8\x08\xa0\xf7\x08\xa2\xf7\x0a\xa5\xfc\x0a\
\xa5\xfb\x0a\xa3\xfa\x0a\xa4\xfa\x0a\xa7\xff\x0a\xa3\xf8\x0a\xa4\
\xf9\x0a\xa4\xfb\x0a\xa9\xff\x0a\xa6\xfd\x0a\xa7\xfe\x0a\xa5\xfa\
\x0a\xaa\xff\x0a\xa8\xfe\x0a\xa6\xfa\x0a\xad\xff\x0a\xa7\xfd\xff\
\xff\xff\x8f\x5cu\x19\x00\x00\x00\xc8tRNS\x00\x02\
\x04\x04\x03\x045LKJ6\x0fM\xf0\xf1\xbcJr\
\xf9\xfb\xfe\xe9N\x17\x8f\xaf\xaf\xaf\xb6\xeb\xfe\xfd\xcb\x12\
\x0e\x82\xf0\xfd\xf4D\x01\x0e\x87\xfd\xf8\xea\xf6^\x07#\
ITUU;\x0f\xfd\xf5\x9b\xa5`\x0bp\xdb\xfe\xf1\
F\xf6\x9d\x14\x97w\xf0\xfd\xf9e\x9d\x0f\x09\x9b&\xd9\
\xfe\xfb\xc7\xae\xad\xad\x87\x11\x9cS\xeb\xbf\x18\x7f^\xed\
\x95\x08\x88\x93\x0e\x96\x94\xf6\x94\xfd\x88\x9c\x09a_\x9e\
|\xf1\xe5E\x9d\x1c}g\x09\x9d\x0bS\xfd\x05\x16\x13\
]\xf0\xf0\x038\xba\xa6\x1e\x0ca\x0b\x8f\xf6[\x09\x98\
c\x97b_\x95\x96[\xed\xa0\xa3\xf6_F\xe7\xd1R\
88T\xd4\xf2G\x1c\xbf\xfa\xfb\xcd\xb8\xb7\xce\xfc\xfd\
\xc5\x1cW\xca\xfd\xfc\xcfY\x9e\xbe\xc4\xc5\xbd\x9dV\x03\
\x22>DE>!\xcd\xbaV@\x00\x00\x00\x01bK\
GD\xd9w\x0aw8\x00\x00\x00\x09pHYs\x00\
\x00\x0b\x13\x00\x00\x0b\x13\x01\x00\x9a\x9c\x18\x00\x00\x00\x07\
tIME\x07\xe2\x05\x0b\x0a3\x0cx\xf3\xb4\x95\x00\
\x00\x01\xfdIDATH\xc7c`\x186\x80\x91\x89\
\x19\x0eX\x18\x89\xd7\xc7\xca\xc6\xce\x01\x07\x9c\x5c\xdcL\
\xc4j\xe4\xe1=q\x12\x0eN\xf1\xf1\x0b\xb0\x12\xa9Q\
PH\x18\x01DN\x9f\x11\x15#R\xa3\xb8\x84\xa4\x14\
\x04HK\xc9\xc8\xca\x9d\x95WP$9\x98\x94\x94U\
\xe4T\xcf\xa9\xa9c\x93\xd3`fB\x00V\xd40\xd4\
\xd4\xd2>\xaf\xa3{ZO\x1f\x8b>\x03C#c\x13\
805C\x0eBs-\x8b\xd3\x96V\xd6\x17\xf4l\
0\xf5\xd9\xda\xd9;\x5cD\x80K\x8eN\xc8\xf6Y\x5c\
vvqu\xbb\x82E#\xa3\xbb\xc7EO\xa40\x14\
\xf6\xf2F\xd6w\xda\xd9\xc7\xd7\xcf\x1f\x9b\xc6\x80\xc0\xa0\
\xe0\x90\xd008\x08\x8f\x88\x84\xfb\x01d_\x94/\x03\
v\x8d\xd11Wc\xe3\xb0\x86\xa7A<P\x9f\x8f/\
\x03\x0e\x8d\x09\x89W\x92\x92\xb1\xe9\xd3L\xb1\xb8\xac\x92\
\x9a\xc6\x80Gcz2v}\xd7T2@\xfaH\xd3\
\x08\xd2\x97\x99\x05\xd6G\x92F\xcd\x94\xec\xcb\x99>\x10\
}\xa4h4\xcf\x01\xda\x97\x0b\xd5\xc7\x90\x07\xd4\x98O\
\x94F\xb0;]`\xfa\x18\xfc\xac\xae\xe8\x15\x10\xa3\xd1\
\x1c\xa4\xaf\x10\xae\x8f\xc1\xa0\xa8\xb8\xa4\x94\x08\x8d`\xfb\
\xca\x10\xfa\x184\xca+*\xab\x08k\x04\xc5_fu\
\x1a\x03!\x80\xae\x11l_.a}\xe8\x1akR\xb2\
\x91\xc3\x85x\x8d\xb5u(\xe1R\xdf\xd0\xc8H\x9c\xc6\
\xa6\xe6\x96(\x84\xbe\xd6\xb6\xf6\x8eN\xe24vuw\
\xf7 x\xc9\xbd\xd7\xfb\xfa\x89\x0c\x1c\x140a\xe2\x15\
\xbdIdi\x9c|Eo\xca\xa8\xc6Q\x8d\xa3\x1a\xe9\
\xa5qj\xe2\x95i\xb85N\xc7\xadq\xc6\xcc+\xb3\
\xf2pi\xcc\x9b}a\xce\x5c\x1cr\xf3\xe6\xdfX\xb0\
p\xd1b\xac`\xd1\x92\xa57\x96-\xc7\xa1q\xc5\xca\
U\xab\xd7\xac]\x87\x15\xac]\xbfa\xe3\xa6\xcd84\
2n\xd9\xba\xed\x02N\xb0}\xc7N\x9c\x8d\xce\x9a\x85\
\xbbv\xef\xd9\x8b\x15\xec\xd9\xb7\xff@\x0d\x03Np\xf0\
\xd0\xe1#G\xb1\x82#\xc7\x8e\x93\xd0\xc8\x1dl\x00\x00\
\xd4\xe3w\x0c\xd5l\xdf\xd1\x00\x00\x00%tEXt\
date:create\x002018\
-05-11T14:51:12-\
04:00\x15S\x87\xc6\x00\x00\x00%tEX\
tdate:modify\x00201\
8-05-11T14:51:12\
-04:00d\x0e?z\x00\x00\x00\x00IE\
ND\xaeB`\x82\
\x00\x00\x05|\
\x89\
PNG\x0d\x0a\x1a\x0a\x00\x00\x00\x0dIHDR\x00\
\x00\x00r\x00\x00\x00p\x08\x04\x00\x00\x00h\x1c\xec\xfd\
\x00\x00\x00\x04gAMA\x00\x00\xb1\x8f\x0b\xfca\x05\
\x00\x00\x00 cHRM\x00\x00z&\x00\x00\x80\x84\
\x00\x00\xfa\x00\x00\x00\x80\xe8\x00\x00u0\x00\x00\xea`\
\x00\x00:\x98\x00\x00\x17p\x9c\xbaQ<\x00\x00\x00\x02\
bKGD\x00\xff\x87\x8f\xcc\xbf\x00\x00\x00\x09pH\
Ys\x00\x00\x16%\x00\x00\x16%\x01IR$\xf0\x00\
\x00\x00\x07tIME\x07\xe2\x05\x0b\x0a3\x0cx\xf3\
\xb4\x95\x00\x00\x04oIDATx\xda\xed\x9cMh\
\x5cU\x14\xc7\xcf\xcb\xa4Fk(1\x16\xa25\xd6X\
m\xa3R#\xc1\x8a(\x8avU\xfc\xa2\x1f\x89\x22\x88\
\x8aTWE]\x08\x82.\xdc\x14\x84\x22\x15DAb\
\x17VC\x15]Hu#h\x15\x04\x15QK\x0d\xb5\
RJ-\xb4b4)\xd5h\x92\xa6\xa4q~n&\
\xb5\x99\xcc\xbc\xcfs\xef\xe9\xc4\xfb[\xe5\xeb\x9d\xf7\xff\
\xcd=3s\xdf\xbdo\x22\x12\x08\x04\x02\x81@ \x10\
\x08\x04j@+=,\xb1N\xe1Vq3\xe3\xc0I\
\x9e\xb6N\xe2Nq\x153\xcc\xb2\xc6\xe7\x99\x9b<\x9e\
k\xb3\x94\xce|\xfd\x84OI\x8f\xf03\xff1J\xa9\
x\xc5s\x0ez\x99\xcbZ\x7f\xe7\xf6\xd7\xae\xfd\x09\xdf\
/\x048X5\x92\xc3D\xd6\x99\xb4\x15W3\x9f\xdb\
|\x9d\xddW\xbb\xf6\xa7\xfcY#\xc3\x8f5F\xf2\xd8\
\x82jX\xba\xa9\xcd\xcd~\xce\xef\xa7]\xfb3\xfe\xbc\
\x11a_\x9d\x91<b\x9dLOq\x05\xf5\xb9\xd1G\
\x02\x1f\xed\x1a\xd7\x94}>$=\xc0\xb71#y\xc8\
:\x9d\x8e\xe2r\xe2\xe9q\x9f\xc1}\xbb&\xbd\x82.\
\x84WX\xbeJ\x18\xc9\x03\xd6\x09\x8b+.\xa3L\x12\
\xd7\xbaN\xe1\xba]\xfb$y\xea\xd6\xe8\x0d\xcb\x17\x89\
\xe3\x08C\xd6)\x8b)v\xf0O\x0aI\xb8\xdam\x0e\
\xb7\xed\xba1e\xfdFnX\xf6\xa4\x1aG\xf8\xde:\
i~\xc5\xa5g\xad\xb3&\xd1\xe52\x89\xcbv]/\
\xe9\x97\x1d\x9d\xcea]Jfy\xa65\xe6\xb3\x926\
\xa6S7+\x94\xe9\xb4\x89\xd9\xccvF3\x04\xb5\xe2\
\x04\xafs~^\xc9m\xd6\xe930\x10g\x123\xe9\
\xe2w\xe90i\xa1<LIkT\xae\xf7\xcb\xb8\x17\
\x1e\x9f;^Ei\xca\xfb\xcb\x9d\xd6\xc93\xf0v\xfd\
q\x8c\x85\x12\x03\xd6O\xb5\x94\xec\xa2\xa5\xc0\x03\xc4\x83\
\xfcem\x90\xc0$\x8f\x17\xee\x03V\xc4.DY\xb3\
\x9f\xebT\xda\x9dElOq}o\xc1\x00\x17\xa8(\
VD\xef\xe6\xb8\xb5Q\x15c\xe8O\x05Y\xc6\xe7\xd6\
^g\xf1\x8d\xa3\xeb\x16\x9ax!\xc3\xc5\x93;\xcal\
\xa3\xd9\x89bE\xf4v~1V\x1ca\x9dC\xc1\x8a\
f;\x1f\x1a*~\xca%\xce\x15+\xa2Oq\xca@\
\xf04\xcf\xe3s\xaaI/\x87<+\x1e\xe5V\x8f\x82\
\x15\xcdV\x06=*~\xc0E\xde\x15+\xa2\x8f2\xe1\
A\xf0\x14[\x8c\x04+\x9a\xdd\xfc\xe0X\xf1 7\x98\
*\x8a\x88\xd0\xc2k\x0e\x15\xdf\xe4Bk\xc3Y\xd1\x0d\
\xfc\xe1@p\x9c\x87\xac\xcd\xe6j.\xe7Ke\xc5\xbd\
\xac\xb4\xb6\x9a\xaf\xd9\xccnE\xc5\xcf8O/\x9b\xda\
\x9bk4#\x9as\x91\xcb\xa2i\xbdbjw\xb7\xd1\
)\xc7\xf4\xaa\x89\xc8\xeaHm\xa3]o\x9a\xb4IU\
QuwDOR{\xcbF\xb1\x9e\xd2\xa3O\x87\x0c\
\xab\xaf\xd3\xae\x8c\x0e\xeb\x14\xd2\x0a\x96vO9\x0bj\
\xcb\x1bZ\xd1\x5c\xec/\xaa\xd5TiW\xdaeD\x5c\
,HtEG5\xca\xe8\x8c\xe4z'\x8a\x22\x9bt\
\xca\xe8H\xba\xda\x0cW\xaa\xab\xd0\xae,\x91Q)\xb2\
\x17Q\x9f\xb2tF\xbf\x15/\xa31\x92\xf7:R\x14\
i\x92\x8d:e\x8a\xe3\xf2\xa6\x86s\xe3\xcef\x16s\
2\xc3\xd5\xc5\x04/1\x96\xe1\xefgXjm(\x22\
\xf4g\x88\xbc\x8fn\x11\xba\xf8:\xc31\xc57\xe6\x14\
$\xdfM\x1d\xf7\x95\xd9\xadR\x9ay1\xe5\xad\x85\xf0\
\xb1\xb5\xa1\xd0\xc2\xdf\xa9\xa2\x1e\xe7\x9e\xaa#\xd7\xf2k\
\xaa#\xa7i\xb3\x96\xbc/U\xd0=\x5cZ\xe3\xd8\x8b\
\xf9(\xd5\xd1\x0f[K\xeeL\x8cx\x9a\xe7\xea/\xee\
\xf3d\x8a\x0d\x87\xdd\xb6\x8a\x8b\x12W\xe9\x8e$}\xe8\
\x8c\x1e~J\xa81E\xab\xa5\xe4\xba\x84x\xef\xa4\xf9\
\xc7\x09,fGB\x9d\x07,%\xdf\x88\x096\xc1c\
\x19*\xdd\xcf\x9f1\xb5\xde\xb7S,\xc5\xdc^\xb8\x97\
U\x19\xab]\x11\xf3\x09\x92\x89\xdc7\x08\x16\x96\xbc\xb3\
N\xa42/\xe7Y5\xa5\xc4\xd6\xba\xef\x9e\x1b\xac$\
_\xad\x19g\x84\xbb\x0a\xd4\xbc\xa3\xcev\xfd\xa0\x8db\
T\xf3\xcd\xfc\x93\xa2\xdb\xdd\xb4\xd7\x5c\x89\x1f\xd3\x5cQ\
O\x1f\xe6\x96yA\xa6yV\xe7\xa3\xd8laj^\
\xf5\x02\xfd\x91?\xc83U!\x0es\x93b\xf5\xeb9\
PU\x7fk\xfej\xf9\xaf''\xe7|\xb7Kz\xa3\
\xef\xf4$\xa3\xfd\xb2F\xe6\xde\x8d<\x99\xb3T\x11h\
c\xb8\xf2\x18\x8f\xf3\x88\xa3s\xf4\x9d\x99Q\x9d\xa85\
\xfb\xf5\xa1y%\x83\x0c\xf1\x16W9<\xc7\xe5\xec`\
\x88\xf7\xb8\xc6D1\x10\x08\x04\x02\x81@ \x10\x08\x04\
\x02\xffk\xfe\x05\xa7\xdeg\xe5\xac\xdeG\x15\x00\x00\x00\
%tEXtdate:create\
\x002018-05-11T14:5\
1:12-04:00\x15S\x87\xc6\x00\x00\
\x00%tEXtdate:modif\
y\x002018-05-11T14:\
51:12-04:00d\x0e?z\x00\
\x00\x00\x00IEND\xaeB`\x82\
\x00\x00\x04\x19\
\x89\
PNG\x0d\x0a\x1a\x0a\x00\x00\x00\x0dIHDR\x00\
\x00\x00C\x00\x00\x00D\x08\x04\x00\x00\x00p\xc6@@\
\x00\x00\x00\x04gAMA\x00\x00\xb1\x8f\x0b\xfca\x05\
\x00\x00\x00\x02bKGD\x00\xff\x87\x8f\xcc\xbf\x00\x00\
\x00\x09pHYs\x00\x00\x0b\x13\x00\x00\x0b\x13\x01\x00\
\x9a\x9c\x18\x00\x00\x00\x07tIME\x07\xe2\x05\x0b\x0a\
3\x0cx\xf3\xb4\x95\x00\x00\x038IDATh\xde\
\xed\x99\xcbkSA\x14\x87\xbf3\xb7\xadm\xb1\xb8\xf1\
\x91\x95\x08>\xa8\x8a/\xa8X\x9f\xd5*\x8a[\x17\xae\
\x15\xfc/DQ,\xf8\x16\xeb#\xb5\xa8\x0bW\xa2\x7f\
\x80\xab\xe2\x13\x5c\x09\xba\x11\x97\xe2R\xdd\xf8h\x926\
\xc9\x9d\xe3b\x92\x1b\xad\xd2\xe4\xde;I\x10\xf2[\x9d\
\x0bs&_~\xf7\x9ca\xee\x0ct\xd4QG\x1d\xb5\
@\x8fy\xecyF\x89\x9b\xf0\x86\x9f\x18\x14!`\x97\
7\x0c\x13o\xb8\x92\xc7 \x18\x84\x90\xe7h{\xdc\x98\
\xa2;JR\xc0\xf2\x95\xa3\xadw\x034\x22\x17  \
\xe3\xc5\x91\x98\x18\xdd\x7f\xd8'\x80\xf2\xc2C\xc1\xc6v\
\xe3_S,M\x0d\x92\x08#\xe83+\xc3\xc1\x05\x0b\
\x9d#\x8a\x90a\xb2\xd5\x18\xdd\x03\xe1Y;\x15L\xcd\
N\xc8j\x07\x22(kx\x96\x02#f\xa7\xbc\x00\xf4\
\xb0<\x94E\x00\xfa\x94\x13\xf2\x11\x5c\xd7\x08\xfd\x0c\xb5\
\xce\x0dY\xe1 @FM\xd6\xac\xaa\xfd\x9b\x5c\xe2\x1a\
IR\x1bA-\xd4CvR\x07\x1d\x88\x02K\x12\x82\
\xa4\xed\x14aT\xb2\xacu\xa1\x10\x90I\x04\xe2\xa1a\
e\x9f\x8e\x9bu\x91?dx\xd2\x0e\x0cE\x0e\xd8\xbb\
v]\xd5\x1e\xa5/v\xd7x\xc0\x00\x84\x1d\xe6\x9e\xdd\
P\x9b\xd4\xc4\x04\xf1\x83\x010ln\xea&\xc7\xe4\x1a\
8\x0e\x88?\x0caD\xee\xd8!\x17\xba\xad\xc0\xeb6\
`\x00:ln\x119b(\xf1\xa6\x1d\x18\x02\xdbt\
\x92\xcd.V \xdf\xa0#^1\x00\xd8&\x0fd{\
\xd5\x11(\xf2\xae\x1d\x18\x82n\xb4\xe3f\xa8\xea\x88\xf0\
\xbd\x81\x05\xcd\xbf\x1b\x80l\x0d'\x82]\x0eD\x80\xc5\
u\xbb\xa6)\x18`\x86\xc2\xbb\xa5\xe1\xda\x8f\x04u@\
\x9a\x84\xa10\xd8\x955\xebk\x8e\xcc\xbf\xa3h\x12\x06\
\x80l\x09\x8fU\xa2\xba\xdb\xe6&b\x80,\xff-\x9e\
\xb7P\x9b\x891c\xa2\x82\x10\xcc\xbc\xdf3\xcd\xc3P\
\xb9_|T{,\xcf;\xb8\xabY\x106\xdb{R\
\xbf\x83\xfb\xc0\x12\x9e\xb7\x1eCg\xcdD\xf1\xac\xa9@\
(\xb0\xa7NF\x130\xc4j\xb6\xe7\x9c~s\x10`\
\xd9W7\xc7?F)\x9c\xcc\x9d\x92\x1c\x80E\xe8a\
{\x03I\xbe1f\xe5\xaa\x5c\x1a\xc8U|A\x19n\
(\xcd\xef~C\xcd\x95\xfe\x0bR\xa9\x09K\x99\x91\x06\
\xbf\xc7<\xba\xa13r\xb3\xff\xfct\xe4D\x99\xfd\x0d\
\xe7z\xc2\x10lA.\xf7^\x9c\xce;'@\x19\x8d\
\x91\xef\x09CC\xae\xcb\x85\x99\x82\x83\x10\x02v\xc6\xca\
\xf7\x83\x91\xd7\xf3\xd3\xd7\x06\x0aU'\x84\x1d1'H\
\x8d!h\x9e\xb1E\xe3\x12\xbd\x0e\xcbH\xecYRc\
\xd8Y\xb923N\x04!\x0d,V\x7f+U\xc3\x0a\
\xfaC\xce\xec>\xd3\x1bA\xd4_\xb6\xbdaH\x8e\xb0\
\xe2DA\xc6J7^\xa9\x83P\xca\x09^Gb\x0c\
}\xab\x9fPAsrz\xfaFw\xbe\xea\x8c\xc4X\
'\xe6*\x887\xfc8\xb0\xecK\xe1\x03e\xde\xeb\xd5\
\x9d\xf7?\x97\x9c\x13`\xd9\x9b\x18\x22\xd1\xd9\x97\x00\xd2\
\x93\x91\xdb\xc5#Z\x83HR\x98\xa91jR\x84\xae\
\xd8\xeb\xc4\x5c\xc5>\xba\x9f\xfb\xac\x94RC\xa4\xc4P\
\x0c\xc5\x14\x85\x99\x18\xa3\xfc\x1b\x8a\x02E\x0ez\x80H\
p\xad\xf3\xb2r\x87\xa0XL\xe2u\x225\x86;L\
2\x94\xe9\xf3P\x13)\xe5\xebV\xa9\xa3\x8e:\xfa\x0f\
\xf5\x0b\x90\xa7\xf3)I\x1fv\x15\x00\x00\x00%tE\
Xtdate:create\x0020\
18-05-11T14:51:1\
2-04:00\x15S\x87\xc6\x00\x00\x00%t\
EXtdate:modify\x002\
018-05-11T14:51:\
12-04:00d\x0e?z\x00\x00\x00\x00\
IEND\xaeB`\x82\
\x00\x00\x04(\
\x89\
PNG\x0d\x0a\x1a\x0a\x00\x00\x00\x0dIHDR\x00\
\x00\x00D\x00\x00\x00C\x08\x04\x00\x00\x00\x8f\x1fk\x81\
\x00\x00\x00\x04gAMA\x00\x00\xb1\x8f\x0b\xfca\x05\
\x00\x00\x00\x02bKGD\x00\xff\x87\x8f\xcc\xbf\x00\x00\
\x00\x09pHYs\x00\x00\x0b\x13\x00\x00\x0b\x13\x01\x00\
\x9a\x9c\x18\x00\x00\x00\x07tIME\x07\xe2\x05\x0b\x0a\
3\x0cx\xf3\xb4\x95\x00\x00\x03GIDATh\xde\
\xed\x97\xcbk\x14Y\x14\x87\xbfS\xd5\xdd\x891$\xba\
\x19\x06\x17\x8a{\x11\x05\xc5!\xa83!\xe8\x1f \xf8\
\xd8HPp\x94H\xd4\x95\xb8\x18P$ .Ed\
`\x16\xe3cv\xbav!\xa2m|\xc6\x07Df\x18\
_ \x8a(\x98\xb8\x12\xa3I\xa7\xba\xeeqQ\x8fn\
\xbb\xab\xd3\xd5\xd5\x91a\xe0~\xab\xba\xb7\xee=\xf7W\
\xbfs\xeb\x9e*\xb0X,\x16\x8b\xc5b\xb1X,\x96\
LHR\xe7UrH\xf2\xad6\xf1\x80\x81\xc4\xc8\x09\
}7\xd1\xef\xf6\xdc\x8a t\xb1\xa6\xeeN\xae\xb6\xa3\
\x88V\xe9\xfb\xc1\x99X)\xabua[\xab\xfb\xfa\xba\
\xe3\xb6\xf7)xnE\xf9\x94\xc6\x91\x22n\xf5\xed\xcd\
\xe6wY\xf6MW\x16\x1f>\xca\x1f\xeeQ\x7f\xba\xe2\
\xcb\x04\xdbj\xc68\xb5\xd6UwHAw\xc8\xf2v\
e\x80\xf4\xb2U\x97T\xafRO\x8d\x10\xa1\x5c5\xec\
G!/\xf3\xb3g\xf3^\xbez\x95mu\x03\x9c\xda\
\x8e\x05\x98X\xca\x99Ys\xd9|\x9e\x17!\xc5\xae\xb7\
\x91\x1b\x9ahq\x9d\x90>\x9c\xd8\xbc-\xba\xfe\x92\x1c\
\xd3\xe9vM\xd1\xebr\xbc4E\x18WY\x9f0&\
q\x8dk\x140\xe1\xad\xa9\x8e\xee\x03\xfa\x9b\xf4dW\
!W\xcc\x90\xbc\x8a\x9a>\xbf$.\xea$\xcd\x1d`\
\x1a\x0d]\xe9.yg\xe4\x84\x962\xbbR\x94\xe1@\
F\x10\xf1C\x83\x83\xb2\xc1\x1b\xf1\x17;qQ\x04p\
\xbd\x0dw\xde\xe4YK\x9e\x16\x11(\xea~^\x042\
\x04e#+\x1a\x8cu\x1a\x05\x19 G\xb4Wn\xe9\
\xccIF\xf8\xd2\xa2\x0e5W\xd9/\xcf\xa2\xa6ar\
\x8e\xb2\xe14\x8e\xd3\x87\x89\xaf;\xbf\xf4\x9c\xd2\x13\xf8\
-%\xe8\x9e{\x88\xa7\x81\x1b\x8a0\x99\xf0\xd2V\x98\
\xf3\xb0:\xcf N\x98\xa0\x927\xf5\xa8\xe0\xea\x1aI\
\x97 e\xcc\xec\xe1\x09\xa1\xab\x86\xe7\x0c\xce9\xa1\xe9\
#\x8e\x86\x85\x0a@\x16\xe8\x11=,\x9d)\x84\x8c\x9a\
a\xe7\x9f@\x86\x00>\xfdM&8\xcd\x22\xfe\x8cO\
\xb4Wt\xba\xf3\xa4\x9c\xd6&\xc5YaL\x0f\x062\
\x82vWS\x19\xa4\xa9#\x17\xd8\x15\x9bW\xf6\xba\xef\
\xfa\xe8\xba\xfa\xaa]A\xee\x9bag<j\x19&\xd9\
\x94\xc2\xc2T\x05\xed\x1c\xbbc)\xb3^\xd7\xc3\xb2\xcb\
O\xc93\x15\xee\xcb^\x19\x8fZ\xcd\xb6h\x95\xfcT\
\xa3\x80\x22N<\x5c{u\xc4\x1d\xd2\x84\xb4\xca\xdf:\
\xc8\xe3P\x12\xc2\xfb\x942R\xec\x91\x88~\x1c$\xdc\
+\xf2\xf1\xf3\x11sJKu~<d_E\x86a\
*\xb5\x8c\x94\xa9\x09\xf8\x93wq\x05\xea\xf0:\x1f\x98\
\x85\xac\xab8*\xe8#wH\x1f\x042\x82sts\
\xfa\xe0\xad~!\xdf\x88\xcf\x15\x98YT\x18q\x86\xe2\
\x08\xcf\xdc=\xfe\xed\x8a\x1b\xa4xS2:\x02p\x96\
\x97\xf1\xa9\x92\x9b\xe9\xb8czXI\x0et\xbc\xfc\xab\
\xdc\x0dd\x04\x09lMF\xcb\x8e\x00\x5c#\x17\x7fR\
\x96\x17\x17\xb6\x9b~}\xe3\x9e3\xffFn@\x9e\xbe\
\x96\xa3f\x10\xa2\x8c\x22\x89S\x83\xa4%\xfd,4'\
\xd7\xfa\x14A\x19c6\xde+\xd5\x18\x0a\x99ddr\
$\xe0:\xce7\x7f\x83ARzY\x951^\xeas\
\xa4\x96\xfe\x1a\x19\x8a\xcfDf\x19m8\x02p+\xfc\
\x18&e\x85\x9d\x8b\xb6~\x9e\x96\xb2\x0c\x17EQL\
[2\xe6\x85\x8b\xff\xb5\x00\x8b\xc5b\xb1X\xfe_|\
\x05\x9f\x91\x07\xec\xfe\xe4e\xd4\x00\x00\x00%tEX\
tdate:create\x00201\
8-05-11T14:51:12\
-04:00\x15S\x87\xc6\x00\x00\x00%tE\
Xtdate:modify\x0020\
18-05-11T14:51:1\
2-04:00d\x0e?z\x00\x00\x00\x00I\
END\xaeB`\x82\
\x00\x00\x09\xb2\
\x89\
PNG\x0d\x0a\x1a\x0a\x00\x00\x00\x0dIHDR\x00\
\x00\x01\x00\x00\x00\x01\x00\x08\x04\x00\x00\x00\xf6{`\xed\
\x00\x00\x00\x04gAMA\x00\x00\xb1\x8f\x0b\xfca\x05\
\x00\x00\x00 cHRM\x00\x00z&\x00\x00\x80\x84\
\x00\x00\xfa\x00\x00\x00\x80\xe8\x00\x00u0\x00\x00\xea`\
\x00\x00:\x98\x00\x00\x17p\x9c\xbaQ<\x00\x00\x00\x02\
bKGD\x00\xff\x87\x8f\xcc\xbf\x00\x00\x00\x09pH\
Ys\x00\x00\x0b\x13\x00\x00\x0b\x13\x01\x00\x9a\x9c\x18\x00\
\x00\x00\x07tIME\x07\xe2\x05\x0b\x0a3\x0cx\xf3\
\xb4\x95\x00\x00\x08\xa5IDATx\xda\xed\xdd[\x8c\
]e\x19\xc6\xf1\xe7c\x08=\xcc(c\xda\x06B5\
\x0cAC\xad\x89\x19\x0e\xa6C*\x1aI\xf0\x00\xa1!\
\x84\x92i\xcb!\xc6\xa8i\x08\xf1\xc2\x18h$`\xbd\
1\x8d\xc6D\x12un\xad(\x15i\x02!)\x11\xe4\
\x5cECiK\xb8\x90b1Mkk\x88\x12\xc6N\
i\xa7\x8e\x9d\x97\x8b\xa6\xe1\xe6[\xda\xd9\xf3}\xeb}\
\xd7~\x9e\xdf\xe5\x9ed\xad\xf7[\xeb\xbf\xf7\xda\xdd\xb3\
g\x15\x10\x11\x11\x11\x11:\xa9\xbd]\xd9\x10Va\x05\
.\xc50\x86p\x8e\xf7\xc2\x8b\x99\xc6.\xfc\x22\xbd\xeb\
=F\xafZ\x09\xc0\x96b\x1c\xe3X\x85s\xbd\x97[\
\xc9;\x18O\xbf\xf7\x1e\xa27\xd5\x03\xb0Kp\x0f\xbe\
\x8a\xf3\xbc\x17Z\xd9I\x5c\x97^\xf2\x1e\xa2\x17U\x03\
\xb0E\xd8\x84{\xfa\xfe\xe4\x9f\xf6\x1e\xbe\xd2\xc5\x04*\
\x06`+\xf1\x08>\xe5\xbd\xc0\x16u2\x81j\x01\xd8\
\x0dx\x04\x8b\xbd\x97\xd7\xb2\x0e&P\xe9\xdd\xb8\xad\xc3\
\xe3t\xa7\x1f\x18\xc4\x93v\x8d\xf7\x10sS\xe5\x15\xc0\
n\xc0\xe3\x18\xf0^\x9a\x93\x8e\xbd\x0aT\x08\xc0V\xe2\
\x15\xc2g\xff\x07:\x95@\xf1\x00l\x11va\xa5\xf7\
\xb2\x9cu(\x81\xf2\xef\x016\xd1\x9f\xfeN\xbe\x17(\
\xc4.\xb1\x93\xd6\xec\x0d\xfb\xae\xad\xb6%\xd6\xf1\xf7\x07\
6n\xff\xdf1\xca\x04l\xa2\xf1\x80\xfc\xdd\xd6Z\x9f\
\xfc\x06\xe0\xac\x02`L\xc0\x966>\xff\x9f\xb5%\xde\
\xd3\x15\x5c\xe7\xd9\x05\xd0\x89\x04\xca>'\xc7\x1b>\xf6\
}\x0e\xd7\xa7w\xbc\x97\xea\x80\xed\xbd\x80\xedlx\xf1\
\xef\xa3g?0\x87W\x80\x8e\xbc\x0a\x94:,C6\
\x93=\x04k\xbd'+\xbe\xd2\xb9\x04\x10<\x81\x92\x97\
\x80\xfc\xef\xfb\xf7a\xbb\xf7\x22\x9d\x85\xbe\x10\x94\x0c`\
E\xf6\xd1_\xa6Y\xefE\xb6\xe4\xd5\xc6\x9f\x04N\xa0\
d\x00\x97f\x1f}\xde{\x89\xad\xd9\x82-\x8d?\x0b\
\x9b@\xc9\x00\x86\xb3\x8f\xbe\xe1\xbd\xc4\xd6\x186u/\
\x81\x92\x01\x0ce\x1f\x9d\xf4^b{R\x07\x13(\x19\
@v[\xe9\x94\xf7\x12\xdb\xd4\xbd\x04\xfa\xe4\xc3\xd98\
\xba\x96\x80\x02(\xae[\x09(\x80\x0a\xba\x94\x80\x02\xa8\
\xa2;\x09(\x80J\xba\x92\x80\x02\xa8\xa6\x1b\x09(\x80\
\x8a\xba\x90\x80\x02\xa8*~\x02\x0a\xa0\xb2\xe8\x09(\x80\
\xeab'\xa0\x00Z\x109\x01\x05\xd0\x8a\xb8\x09(\x80\
\x96DM@\x01\xb4&f\x02\x0a\xa0E\x11\x13P\x00\
\xad\x8a\x97\x80\x02hY\xb4\x04\x14@\xebb%\xa0\x00\
\x1cDJ@\x01\xb8\x88\x93\x80\x02p\x12%\x01\x05\xe0\
&F\x02\x0a\xc0Q\x84\x04\x14\x80+\xff\x04\x14\x803\
\xef\x04\x14\x80;\xdf\x04\x14@\x00\x9e\x09(\x80\x10\xfc\
\x12P\x00Ax%\xa0\x00\xc2\xf0I\xa0_\xff\x17\x1f\
\x0f\x9f\xb5\xf9\x1f\xcd\xd7\xb0\x07\x977\xfcl\x10OZ\
\xe4{\x10\xdb\xa3\xb9[dyOUe\xa5s\xbbK\
XI\xc7\xecse\xd7\xa2K@\xb7\x0c\xe2)\xbb\xae\
\xe4\x06\x15@\xd7,\xc0\xafm\xb8\xdc\xe6\x14@\xf7,\
\xc5\x86r\x1bS\x00]tU\xb9M)\x80^L;\
\xef\x7fQ\xb9M)\x80^\xec\xf5\x1e\xa0\x1c\x05\xd0\x83\
t\x00;\xbcg(E\x01\xf4f#\x8ex\x8fP\x86\
\x02\xe8I:\x881<\xe1=E\x09\xfa(\xb8G\xe9\
\x10\xd6\xd8r\x8c\x96|C\x96\xf5\xdb\xba\x9bW\x00\xf3\
\x90\x0e\xe3p\xed}\xd4\xfe,]\x97\x00r\x0a\x80\x9c\
\x02 \xa7\x00\xc8)\x00r\x0a\x80\x9c\x02 \xa7\x00\xc8\
)\x00r\x0a\x80\x9c\x02 \xa7\x00\xc8)\x00r\x0a\x80\
\x9c\x02 \xa7\x00\xc8)\x00r\x0a\x80\x9c\x02 \xa7\x00\
\xc8)\x00r\x0a\x80\x9c\x02 \xa7\x00\xc8)\x00r\x0a\
\x80\x9c\x02 \xa7\x00\xc8)\x00r\x0a\x80\x9c\x02 \xa7\
\x00\xc8)\x00r\x0a\x80\x9c\x02 \xa7\x00\xc8)\x00r\
\x0a\x80\x9c\x02 \xa7\x00\xc8)\x00ra\xef\x14j\xe7\
\xe0N|\x13\xa3X\xe0=\xc9<\x9d\xc4\x1e\xfc\x1c\x0f\
\xa5Y\xefA\xf2\x82\x06`\xe7\xe17\xb8\xc9{\x8a\x22\
\x16`\x0cc\xb8\xd1\xd6\xa7\x19\xefQr\xa2^\x026\
\xf7\xc9\xe9?\xe3\x16\xdc\xe7=B^\xc8\x00\xec\xc3\xf8\
\x96\xf7\x0c\xc5}\xdb\x06\xbdG\xc8\x09\x19\x00\xc6\xaa\xdf\
\x84\xbd}\x83\xf8\x8c\xf7\x0891\x038\xdf{\x80*\
\x86\xbd\x07\xc8\x89\x19\xc0\x01\xef\x01\xaa\xf8\x9b\xf7\x009\
1\x03\xd8\x1d\xf3`\xcd\xcb>\xbc\xee=BN\xc8\x00\
\xd2)\xdc]\xfd\xbf\xcah\xd7,\xeeN!W\x142\
\x00 \xed\xc0zLyOQ\xccQ\x8c\xa7\xa7\xbd\x87\
\xc8\x0b\xfaA\x10\x90\xb6\xd93X\x87\xcb;\xff\xef\x81\
\x13\xd8\x8d\x87\xd3\xbf\xbc\xc7h\x126\x00 \xfd\x13\x0f\
z\xcf\xd0\xff\x82^\x02\xa4-\x0a\x80\x9c\x02 \xa7\x00\
\xc8)\x00r\x0a\x80\x9c\x02 \xa7\x00\xc8)\x00r\x0a\
\x80\x9c\x02 \xa7\x00\xc8)\x00r\x0a\x80\x9c\x02 \xa7\
\x00\xc8)\x00r\x0a\x80\x9c\x02 \xa7\x00\xc8)\x00r\
\x0a\x80\x9c\x02 \xa7\x00\xc8)\x00r\x0a\x80\x9c\x02 \
\xa7\x00\xc8)\x00r\x0a\x80\x5c\xe0?\x0f\x07l\x04\xa3\
X\xe8=\xc5<Mco:\xe0=D\xb3\xb0\x01\xd8\
\x08&\xf0%\xef)\x0a\xade\x076\xa6\x83\xdeS\xe4\
\x05\xbd\x04\xd8\x08^\xee\x97\xd3\x0f\xe0z\xbcl\x1f\xf3\
\x1e\x22/h\x00\x98\xc0\x85\xde#\x14u\x11~\xea=\
B^\xc8\x00l\xa4\x8f\x9e\xfdg\xdch\xcb\xbdG\xc8\
\x09\x19\x00F\xbd\x07\xe0YU\xcc\x00\xfa\x93\xee\x13x\
\xd6\xf6z\x0f\xc0\xb3\xaa\x90\x01\xa4\x03\xd8\xe1=Cq\
\x8f\xa5#\xde#\xe4\x84\x0c\x00\xc0F\x84<\x5c=;\
\x84\xbb\xbcG\xc8\x0b\x1a@:\x881<\xe1=E1\
\x8fa,\xe6\xf3?\xf0'\x81\xe9\x10\xd6\xd8r\x8cv\
\xfeV\xb1\xc7\xb17\xea\xc9\x07\x02\x07\x00\x00\xe90\x0e\
{\xcf\xd0\xef\x82^\x02\xa4-\x0a\x80\x9c\x02 \xa7\x00\
\xc8)\x00r\x0a\x80\x9c\x02 \xa7\x00\xc8)\x00r\x0a\
\x80\x9c\x02 \xa7\x00\xc8)\x00r\x0a\x80\x9c\x02 \xa7\
\x00\xc8)\x00r\x0a\x80\x9c\x02 \xa7\x00\xc8)\x00r\
\x0a\x80\x9c\x02 \xa7\x00\xc8)\x00r\x0a\x80\x9c\x02 \
\xa7\x00\xc8)\x00r\x0a\x80\x5c\xe0?\x0f\xb7\x0bq[\
_\xdc*v\x0f\x1eJo{\x8f\xd1$l\x00v;\
&\xb0\xd8{\x8a\x226\xe0{\xf6\x8d\xf4\xb0\xf7\x18y\
A/\x01\xb6\x06[\xfb\xe4\xf4\x03\xc0\x10~e_\xf6\
\x1e\x22/d\x006\x80\x9fx\xcfPX\xc2\x83\x16\xf2\
X\x87\x1c\x0aWb\xc4{\x84\xe2>\x81O{\x8f\x90\
\x133\x80\x8b\xbd\x07\xa8b\xc4{\x80\x9c\x98\x01Lz\
\x0fP\xc5\xbb\xde\x03\xe4\xc4\x0c\xe0O8\xee=Bq\
Sx\xc5{\x84\x9c\x90\x01\xa4)\xfc\xd8{\x86\xe2~\
\x98BF\x1d2\x00\x00\xdf\xc7v\xef\x11\x8a\xda\x86\x1f\
x\x8f\x90\x174\x804\x83[q'\xfe\x88i\xefI\
\xe6\xed\x04\xfe\x80\xdb\xb0>\xfd\xd7{\x90\xbc\xb0\x9f\x04\
\xa6Yl\xc5V\xef)\xfa_\xd0W\x00i\x8b\x02 \
\xa7\x00\xc8)\x00r\x0a\x80\x9c\x02 \xa7\x00\xc8)\x00\
r\x0a\x80\x9c\x02 \xa7\x00\xc8)\x00r\x0a\x80\x9c\x02\
 \xa7\x00\xc8)\x00r\x0a\x80\x9c\x02 \xa7\x00\xc8)\
\x00r%\x03\x98\xcd=h\x03\xdeK\xec2\xcb\x7fi\
\xf7T\xb9=\x94\x0c\xe0X\xf6\xd1\x8f\x14\xdc\x03\x9f\xfc\
\xd1\x9b*\xb7\x83\x92\x01Lf\x1f]Qp\x0f|V\
f\x1f\x9d,\xb7\x83\x92\x01\xec\xcf>\xfa\x85\x82{\xe0\
sm\xf6\xd1\xfds\xdcJ;\xecZ\xcby3\xe6\x8d\
\x11\xba\xc0\x06\xec\xad\xec1]\xed=Y~\xdcA\x9b\
\xc9\x8e\xbb\xce{\xb2\xae\xb2;\xb2\xc7\xf3\x84E\xbdq\
\x96\xbd\x98\x1d\xf8\x88-\xf3\x9e\xac\x8b\xec\x02{;{\
<\x9f\xf6\x9e\xacy\xe4\xbb,\xef\x05[\xe4=[\xd7\
\xd8b\xdb\xd9p4\xbf\xe6=[\xf3\xd0Kl\xba1\
\x01\xbd\x0a\xcc\x81]\xd0x\xfa\x8f\xdb\xf9\xde\xd3\xfd\xaf\
\xc1\x7ffM\xfea\xeb\xf5\xa1\xd0\xd9\xb0\x01\xbb\xa3\xe1\
\xc5\xdf\xcc,\xf6\xad3\xec\xe2\xc6\xd7\x003\xb3\xbf\xda\
\x03v\x8d-S\x089v\xae-\xb3\xcf\xdb\xe6\x86w\
\xfe\xa7\xbdg\x17\x95\xddk*\xbe\x8c\xfb\xb1\xb9\xadC\
F\xe8\xde\xb4\xa5\xec\x06\xcb\x07\xb0\x10\x7f\x8eyG\xbc\
>\xb0\x1bW\xa7\xff\x94\xddd\xf1\x00\x00\xbb\x0c\xbb0\
\xd4\xce\x11\xa1r\x14W\xa4\xb7Jo\xb4\xc2\xa7ti\
\x1fnA\xd0;\xe2t\xd8\x0cn.\x7f\xfa+}\x1f\
 \xfd\x0e\x1b\x94@Q3\x18O\xcf\xd4\xd8p\x85K\
\xc0i\xf6El\xd7\x85\xa0\x90\xa3\xb8\xb9\xce\xe9\xaf\xf8\
\x8d\xa0\xf4\x14\xae\xc4k\xb5\xb6Ne7\xae\xa8u\xfa\
\xab~%,\xbd\x89U\xb8\xaf\x0f\xee\xf4\xe7\xe98\xee\
\xc5\xd55\xae\xfdgT\xbb\x04\x9ca\x1f\xc5w\xf0u\
\xe8w\x01sw\x02\x13\xf8Q:Rw'\xd5\x03\x00\
\x00\x1b\xc6Z\x8cc5\x16\xb4\xb1\xb7>0\x8d\x9d\xd8\
\x86G\xd3\xbf\xeb\xef\xaa\x95\x00N\xb3\x85\xb8\x0a\x9f\xc4\
\xc71\x8c\x0f\xe9\xdb\xc8\x19\xa70\x85I\xec\xc7_\xf0\
j\xd2\x85SDDDD\xeay\x1f\xa1p\x02<2\
9\xe6c\x00\x00\x00%tEXtdate:\
create\x002018-05-1\
1T14:51:12-04:00\
\x15S\x87\xc6\x00\x00\x00%tEXtdate\
:modify\x002018-05-\
11T14:51:12-04:0\
0d\x0e?z\x00\x00\x00\x00IEND\xaeB`\
\x82\
\x00\x00\x03*\
\x89\
PNG\x0d\x0a\x1a\x0a\x00\x00\x00\x0dIHDR\x00\
\x00\x00z\x00\x00\x00z\x08\x04\x00\x00\x00\xdaP\x8fo\
\x00\x00\x00\x04gAMA\x00\x00\xb1\x8f\x0b\xfca\x05\
\x00\x00\x00 cHRM\x00\x00z&\x00\x00\x80\x84\
\x00\x00\xfa\x00\x00\x00\x80\xe8\x00\x00u0\x00\x00\xea`\
\x00\x00:\x98\x00\x00\x17p\x9c\xbaQ<\x00\x00\x00\x02\
bKGD\x00\xff\x87\x8f\xcc\xbf\x00\x00\x00\x09pH\
Ys\x00\x00\x1e\xc2\x00\x00\x1e\xc2\x01n\xd0u>\x00\
\x00\x00\x07tIME\x07\xe2\x05\x0b\x0a3\x0cx\xf3\
\xb4\x95\x00\x00\x02\x1dIDATx\xda\xed\xd9\xbf.\
DA\x14\xc7\xf13K\xa2S\x09\x1a\x12\x0db+\x95\
V\x04O\xa1\xf0\x06*k\xf5\x12\x7f*/@\xa1\xf0\
\x0c\x82\x88\x87\xb8sIH\x84\x8a\xe8t$v\x14\xfe\
\x8b?{\xe7\xde93\xe7\xf8}\xabm\xf6\x9e\xfd4\
wgr\x88\x10B\x08!\x84\x10B\x08!\x84\x10B\
\x08!\x84\x10BHlv<\xbb\xb2\x07\xe7\xbd\xdcs\
\xf3\x05{k7\xfd\xbf_+3\xdc\xcc\xd0\x80\x9b\xbe\
?\xe2e\xdbfk\xd3\xf5\xd0\x9c3Q\xd0n\xc7\x5c\
\x11\xb9:'\xdb6\xdd*\x11\x91Y1\x8ek\xe6\x97\
N\x87\xece\xe62g3\x1ev\xb6\x94\xb9\xcce\xce\
6#\x81\xf9\xd9\x89\x909\xd9\x09\x91\xb9\xd8\x89\x919\
\xd8\x09\x92C\xb3\x13%\x87d'L\x0e\xc5\xce\x1bI\
\x93C\xb0\x05\x90\xabf\x0b!W\xc9\x16D\xae\x8a-\
\x8c\x5c\x05[ \xb9,[(\xb9\x0c[0\xd9\x97-\
\x9c\xec\xc3V@.\xcaVB.\xc2VDn\x97\xad\
\x8c\xdc\x0e[!\xf9/\xb6R\xf2ol\xc5\xe4\x9f\xd8\
\xca\xc9\xdf\xb1\xe3\x90\xbdW#\xfe\xec\xc7c7Hd\
l\xd7\xd4\xc3|k\x9d\x88\xc8,\xd7\xd7T\xa3?\xb0\
\xaf]\x7f\x0cr\x14\xf4;;\x0e\xb9\xe4\x02\xcf\xb7\xd1\
\x8b\xda\xee\xcb\xc7\x9b\xaem\xfe\xf9Q\xd0y\xe3\xf1\xf5\
\xc5\xd5\xc7\xbd\xe8\x8d\x84\xce\x1b\xcf\xaf\xaf\xda\x06\xff\xa2\
7\x12\xfa\x95l\x96\xc7\x96:&c\xb1\x99\xc9\x9f\xff\
\x97\xb9\xf7\xdb\x09\x90\xff\x01\xfb\xa7\xd3\x97b\xf6o\x07\
N\xa5\xec\xbf\xce\xd8\x0a\xd9\xed\x5c+\x94\xb1\xdb\xbdI\
)b\x17\xb9<*a\xe7\x8b\xc5\xee\xcb\x0a\xd8E\xc9\
\x0a\xd8>d\xe1l_\xb2`v\x19\xb2PvY\xb2\
@v\x15da\xec\xaa\xc8\x82\xd8U\x92\x85\xb0\xab&\
\x0b`\x87 '\xce\x0eEN\x98\x1d\x92\x9c(;4\
9A6\x07916\x179!6'9\x11\xf6\xc9\
,\xffJ\xfd\x8d}\xe8\xff\x8cRk\x9d\xd60\x11\xf7\
\xb2u\xf4\xe2e\x194\xe2\xff\x8c\xce2?\xa0{\xeb\
\xce\xd0Y}\x8f\x8f\xfc\xcc\xb6\x13f\xde\xec\xf3NE\
\x08!\x84\x10B\x08!\x84\x10B\x08!\x84\x10B\x08\
\x05\xea\x09\x02\xc1\xbb1\x02\xe8W'\x00\x00\x00%t\
EXtdate:create\x002\
018-05-11T14:51:\
12-04:00\x15S\x87\xc6\x00\x00\x00%\
tEXtdate:modify\x00\
2018-05-11T14:51\
:12-04:00d\x0e?z\x00\x00\x00\
\x00IEND\xaeB`\x82\
\x00\x00\x07\xb4\
\x89\
PNG\x0d\x0a\x1a\x0a\x00\x00\x00\x0dIHDR\x00\
\x00\x008\x00\x00\x008\x08\x03\x00\x00\x00\x9fX\xcb,\
\x00\x00\x00\x04gAMA\x00\x00\xb1\x8f\x0b\xfca\x05\
\x00\x00\x00 cHRM\x00\x00z&\x00\x00\x80\x84\
\x00\x00\xfa\x00\x00\x00\x80\xe8\x00\x00u0\x00\x00\xea`\
\x00\x00:\x98\x00\x00\x17p\x9c\xbaQ<\x00\x00\x02[\
PLTE\x00\x00\x00\x00\xcc\x80\x00\xbc\x80\x00\xba\x82\
\x00\xb8\x81\x00\xb6\x82\x00\xb7\x83\x00\xb6\x80\x00\xff\xff\x00\
\xba\x80\x00\xb7\x80\x00\xb7\x80\x00\xb7\x80\x00\xb6\x80\x00\xb7\
\x80\x00\xb7\x80\x00\xb9\x80\x00\xcc\x99\x00\xb6\x82\x00\xb7\x80\
\x00\xb6\x80\x00\xb7\x80\x00\xb9\x81\x00\xbc\x80\x00\xb7\x80\x00\
\xb7\x80\x00\xb6\x80\x00\xb6\x80\x00\xb6\x80\x00\xb7\x80\x00\xb7\
\x80\x00\xb7\x80\x00\xb7\x80\x00\xb7\x80\x00\xbd\x84\x00\xb6\x80\
\x00\xb8\x80\x00\xb7\x81\x00\xc3\x87\x00\xb7\x81\x00\xb6\x80\x00\
\xb7\x80\x00\xb7\x80\x00\xb9\x80\x00\xb6\x80\x00\xb6\x80\x00\xb7\
\x82\x00\xb8\x80\x00\xb7\x80\x00\xb8\x81\x00\xb8\x80\x00\xb7\x80\
\x00\xb6\x80\x00\xba\x80\x00\xb9\x84\x00\xb6\x80\x00\xff\xaa\x00\
\xb6\x80\x00\xb7\x80\x00\xb7\x80\x00\xb7\x80\x00\xb7\x80\x00\xb7\
\x80\x00\xb6\x80\x00\xb8\x85\x00\xc6\x8e\x00\xb7\x80\x00\xb7\x80\
\x00\xb9\x8b\x00\xb7\x80\x00\xb7\x80\x00\xb6\x92\x00\xb7\x81\x00\
\xb6\x80\x00\xb7\x81\x00\xb6\x80\x00\xb8\x82\x00\xb6\x80\x00\xb7\
\x80\x00\xb7\x80\x00\xb9\x80\x00\xb7\x80\x00\xbf\x80\x00\xff\x80\
\x00\xb7\x80\x00\xb6\x80\x00\xb8\x80\x00\xb7\x80\x00\xb9\x80\x00\
\xb7\x80\x00\xb7\x80\x00\xb6\x80\x00\xb6\x80\x00\xb7\x80\x00\xbf\
\x80\x00\xb7\x81\x00\xb7\x80\x00\xb7\x80\x00\xb6\x80\x00\xb7\x81\
\x00\xb8\x80\x00\xb6\x80\x00\xb7\x80\x00\xc4\x89\x00\xb7\x80\x00\
\xbc\x85\x00\xb8\x81\x00\xbf\x80\x00\xb8\x80\x00\xb8\x81\x00\xb7\
\x80\x00\xb7\x80\x00\xb7\x80\x00\xbf\x80\x00\xb6\x80\x00\xb6\x81\
\x00\xb7\x80\x00\xb8\x81\x00\xb6\x80\x00\xb7\x80\x00\xb7\x80\x00\
\xb7\x80\x00\xb7\x80\x00\xb8\x80\x00\xb6\x80\x00\xd5\x80\x00\xb6\
\x81\x00\xb6\x80\x00\xb6\x81\x00\xb7\x80\x00\xb6\x80\x00\xbb\x88\
\x00\xbf\x80\x00\xb7\x80\x00\xb8\x80\x00\xb8\x80\x00\xb7\x80\x00\
\xb7\x80\x00\xb6\x80\x00\xb6\x80\x00\xb6\x80\x00\xb8\x80\x00\xb7\
\x80\x00\xb7\x80\x00\xb9\x83\x00\xb7\x80\x00\xb6\x80\x00\xb6\x80\
\x00\xb7\x80\x00\xb8\x80\x00\xb8\x80\x00\xb6\x80\x00\xb7\x80\x00\
\xb8\x80\x00\xb7\x80\x00\xb8\x81\x00\xb6\x80\x00\xb6\x81\x00\xb6\
\x81\x00\xb7\x80\x00\xb9\x82\x00\xb7\x80\x00\xb7\x80\x00\xb6\x80\
\x00\xb8\x81\x00\xb8\x80\x00\xb7\x80\x00\xb7\x80\x00\xb7\x80\x00\
\xb8\x81\x00\xb6\x81\x00\xb6\x83\x00\xb6\x80\x00\xbc\x86\x00\xb7\
\x80\x00\xb9\x81\x00\xb6\x80\x00\xb6\x86\x00\xb9\x80\x00\xb6\x80\
\x00\xbb\x83\x00\xb6\x80\x00\xb7\x80\x00\xb9\x80\x00\xb7\x80\x00\
\xb7\x80\x00\xb7\x81\x00\xb7\x82\x00\xb7\x80\x00\xb6\x80\x00\xb7\
\x80\x00\xb6\x80\x00\xb6\x80\x00\xb9\x80\x00\xb6\x80\x00\xb6\x80\
\x00\xb7\x80\x00\xb9\x80\x00\xb7\x81\x00\xb6\x7f\xff\xff\xff\x93\
\x1c0l\x00\x00\x00\xc7tRNS\x00\x0a\x22;O\
?'\x0e\x014\x80\xca\xf1\xf6\xd5\x8eB\x051\x9c\xe7\
\xabI&\xa9\xfe\xf5\xdd\xc4\xb0\xc0\xd8\xc2<\x1b\xfc\x9d\
Q\x11C\xda\xb5.>\xeb\xa85\x8f\xf8ah\xfa\xb6\
0\x1d\x90\x03\x97\xe5@\xcd\xbb\xaa\xc8\x19\x09\xa7\xd0\x0b\
|\xa0\x07y\xfd_~+\xf2\xb8\x8bP\xce\x10\x02\xb7\
\xefV\xf4(\xdc\x86\xd9\x82R\x18c\xed\x94\xe0uD\
\xf9\xe9\x0d\xa2\x17e\x0czk\xb1\xcc \x08\xbdm\xd4\
S\xba\xb9r\x8a\x83l\x93\x06w\x85{Jb\x0f\x04\
\xad\x812\xe6\xa6\xa5\x9et\x96\x95\x92!\x99T\xe4\xd1\
\x88\x84\x1c\xf76\x8dK\xcfMi\xb47\xae\xbepo\
^\xfb\xea\xc6}[#\xd2\x13\xb2W\xc1\x15\x16\xac)\
F\x9f,j\xdfG9\xbf\xb3\xec\xd3\xcb:\xee\x89\x98\
LYv\x8c\xf8x\x00\x00\x00\x01bKGD\xc8\x1d\
\xbaW\xca\x00\x00\x00\x09pHYs\x00\x00\x0b\x13\x00\
\x00\x0b\x13\x01\x00\x9a\x9c\x18\x00\x00\x00\x07tIME\
\x07\xe2\x05\x0b\x0a3\x0cx\xf3\xb4\x95\x00\x00\x03nI\
DATH\xc7\xcd\x96\xe9_\x0dQ\x18\xc7O(\xa3\
\xd5mSi\xa1\x9b\xa5\xd2\xa2\xcdM\xd2B\xb2SW\
\x22T(\x95\x92\x90\x90HY+\xbbdM\xd9\xb2f\
\xcf\xbeo\xbf\x7f\xcb33w\x99\x99;w\xe6z\xe3\
\xe3yq?\xcfr\xbes\xcfy\xcey\x9es\x18\xfb\
o\xc4m\xd4\xe81\xee\x1ec\xff\x8a\xe1\xc6yzy\
C\x14\x1f_\xbf\xf1\x06\xd70\xff\x80@\xc8\xc5;(\
X\x1f\x9b\x10\x12*\x8e\x0e\x9b\x18\x1e\x11\x19e\xfd\xe3\
I\x93\xb5\xb1\xe8\x00#?,0f\xcaT\xebR\xa7\
\xf9M\x17\xd0\xd88\x0d.~\x06\x8d\x08MH\xe4\x14\
\xb3HJ&\x7f\xf2L\xa7\x5cJ*\xc5\xd3\xd2U\x22\
\x19\xc2Lf\x99T1C&\xc5fg9\xf9\xa8\xc7\
\x1c\x8afOU\x0b\xcd\xa5HN\xae\xd3\xe9\xe4\xe5S\
|\xde|\xc7@\x01\xf9\x17\x14jen\xe1\x22 \x88\
Sz\xc7\xd0.$i\xa7\x9c-\xa6o/Q\xf8\x96\
.\x03\x96\x9bt@\xb6\x82r\xbeR\xe6\xe1\x8a\x80\xe9\
\xc5z\x1c3\xaf\x02Jd\xc3V\x03\xa5kt9\xc6\
\x8a\xd7\x02e\x12\xdb\xb4\x0eX\xef\x02\xc7\xd8\x06:\x8b\
\xe5v\xb3\x02\xa8t\xb1\x80\xbc\x80\x8d\xf6\x15n\x026\
\xbb\xc6\xb1*\xa0:\xd7j$\x02[\xf2t\x80\x9a\xa4\
\xda:A\x99\x04l\xb5:=\x81\x00\x1d\xae>\x1ch\
\x10\xb4m@\xa3\xd5\xbb\x1dX\xa9\xcd\xb9E\xd2\xde\xbb\
\x0bj\x13\xa5g\x87\xe8\xcd\x0dEr\xbd&\x97\xb7\x93\
\xb8]\x16\xa3\x19\xb04\x84\xdd@\x8b&W\xb8\x87\xb8\
\xbdVk\x1f\xd0*j\xfb\x816-\xee@,q\x07\
mf\x85-#\xed\xc0!\x0d\xce\xd0H\x5c\x81\xdd\xee\
\xa06\x22j1@\xa7d\xe0a9w\xe4(q\xc7\
$\x8e\xe3\xc0\x1cQK\x03:\xec\xfe\x82E-n\x92\
a\xa6\x10\xc8\x8f'\xcb\x05N\xd8@I\xdf\xcc\x01\xba\
\xec\x96\xb9\x9b\xb8\x15\xb2)\x94S\x17\x14\xb5\x1e@\xd2\
\xc0\xf8j=i\xe3\x16\xf0=J>w\x7f\xa0\xc8\x96\
\x9c\x06I\xe0\x14`\xac\x12U.\x80\xb8\xd3\x8ad\x05\
S'\x14\xb5]\xc0\x19i\x16\xe9tU\x9e\x15T\xbe\
\xef\x9dSv\x99N F\xd4\xceS\xd7\x90F\xea.\
\x00\xbd|\x82\xce\x10\xd7\xe3\xd0\x9d.\x02}\xa2v\x09\
\xb8,M$\xbbB\x8d;\x81\xb1\xab\xc4\xd5\x9a\x1d\xf6\
\xb5\x17\xb8fQ\xaf\x03\xfd\xca\xd9\xa0l\x16\xfd\xe4;\
\xf6\xaf\x0c\xba\xfa\xac5\xd8J+\x91G7\x8awT\
\xd0\x11\x07\x8e\xdd\x00\x06\xac\xfa \xed\x8c\xbc\x15\x1b\xf8\
\xe3\x89\x9b*\x1c\xbb\x05\xa4\xd8v\x8b\xb2q[\x1e6\
\xddi\x89\xbdkV\xe1\xb2\x80\xa1h\x9b\x95\x02\xdc\xd3\
\xaeH\x9b\xdc\x97-\xcb@\xed\xf2\x81K\x5c?\xed@\
\xb4\xc4~H\x17\xfd#\x17\xb8\x9a(\xc5\xc95?\x06\
|kt9.\x82\xfe`X\xe6J\x0f\x03\x9epz\
 \xed\x1b\x9e*|\xab\x95e\xa7\x22OiL\xbb\x83\
\xb7\x8f\xbc\x99\x9aO\xa1;\xf4\x0ex\xe2\xb8E\x1c\xdf\
Z\x9e=w\x8a\x15R\xd9\xaa\xe7\xa1\x90/\xdaM\x83\
N\xb8\xa6\xfb\xfc3\xe9\x85zp/\xff&y\xf9J\
%R\xd7V\xcd\x97\xa6\xd3\x95\x8c\x94P\xd8\xf8\xfa\x8d\
\xc2\x9d\xd1^J\xfe\xa1\xb7\x1a\xebo\xea\x16^r\xef\
\xda\xde[\xae\x07f\xfa\xd0\xde+T\xca\xc7D\xed\x94\
\xc7}\x12+*\xf4\xf3\x97\xec\xae\xb4\xa2@\xa3h~\
\x1da\xba\xf2\xad\xeb\xbb\xe2\xd9\xe93\xb0A\x1f\x13\xa6\
\x17\xff\xa39\xd5\x02\x19\xdf\xfd\xfc\xa5w\xe9\xca\x84\x1b\
~S\xf5;\xd8\xbf\x5c\xf7\xed\xf3\xef\xe4\x0f\x04\x90\x96\
\xef\xf29\xa69\x00\x00\x00%tEXtdat\
e:create\x002018-05\
-11T14:51:12-04:\
00\x15S\x87\xc6\x00\x00\x00%tEXtda\
te:modify\x002018-0\
5-11T14:51:12-04\
:00d\x0e?z\x00\x00\x00\x00IEND\xae\
B`\x82\
\x00\x00\x05-\
\x89\
PNG\x0d\x0a\x1a\x0a\x00\x00\x00\x0dIHDR\x00\
\x00\x00D\x00\x00\x00C\x08\x04\x00\x00\x00\x8f\x1fk\x81\
\x00\x00\x00\x04gAMA\x00\x00\xb1\x8f\x0b\xfca\x05\
\x00\x00\x00\x02bKGD\x00\xff\x87\x8f\xcc\xbf\x00\x00\
\x00\x09pHYs\x00\x00\x0b\x13\x00\x00\x0b\x13\x01\x00\
\x9a\x9c\x18\x00\x00\x00\x07tIME\x07\xe2\x01\x09\x16\
 $f\x1ci\xa2\x00\x00\x04LIDATh\xde\
\xed\x99Mh\x5cU\x14\xc7\xff\xff\xf3&\xd3L\x9a&\
\x91\xd6\x14\xbb\xf0\xa3\x16\xed\xca\xd6\x18\xd0\x8aM\x1b\xda\
P\xa8m\x11\xd1\xaa\x9bn\xc4n\x5c\xb9rQ\xa4Q\
\x11?J-\x05\xb5\x8a\xb8P\x11\xa4\x82\x0b\x05A\xfa\
1\x91JE\x10\xebBAE\x10\x5c\xd9\x0f\xdb43\
\x99\x99$\xf3\xee\xdf\xc5{\x99\xbc7y3I\x9b\x19\
\xa7\xe0\xfc\x07f\xee;\xef\xce}\xbfs\xee\xb9g\xb8\
w\x80\xb6\xdaj\xab\xad\xb6\x1a+\xce7\x9dX\xd9y\
\xbb\xeb%\x9d\x93\xa4\xb4\x9b\x91'\xe7$s\x92\xe7\xfc\
B\xe6\xc2\xfd\xff4\x1f\x84\xa7\x87\xbcg\xb9I\xcb\x00\
@\xa0\x00\x80\x12\x00\x0a\x10X\xd4\x0f\xf6~9;\x5c\
n,H*~yz\xc0{\x99\x9bg\xf9\xe6(\x19\
\xf9\xe4\x1d\xba\x0d\x07p\xb2\xb1 \x16\xbf\xf4v\xe3\x01\
@B^9\xe5\x91\xd7\xa4&UPAE\x15QB\
IS\x00\x80A\xef\xc9lw\x13#\xf2\xf5r\xdc\xc7\
\x0e\x09?\xe2m\x96HG\x12\x94!l\x81.c\xbb\
9\x02s\x1b\xddJ\xe4\x9b\x06\x92\xee@'@\xe7\xfe\
8\xff\xc9\xde\xe9\xa4\xee\xd9\x942\x1c\x01\xac\x07\xe9\xc6\
F\xc4\x12\x8d5\x13q\xcc\xf1*\x00(S\x9d]M\
\x01\xa9\xad\x17\x9d\x8a\x12\x80N\xebh,H\xa2_b\
\x9do\x14QF\x07;\xdd\xf6o\xfa\x00\x92\x04|\x92\
\x00\xe93\x05\x9f\x00\x09\x84y\x05\x00$\x81\xf0\x8a)\
\x94\x85\xf1\xf2\xef\xdb\xcf/\x02\xa4\x9ex\x1eW\xd0\x8f\
n\xbe\x80\x02\x82\xe2\x02\x83H\x00F\x07\x82\xa1#\x16\
[\xf5^\xe8\xa0\x03\xc1\xe9\xf4\xd9\xec\xbb[O\x05U\
\xea:A&\x7f\xea\xfe\x5c\xcf\xd0c\x1f\xfa\x22x\x91\
\xf7\xc4r]\xd5K\x8f\xda\x9a39|\xbf\x04\x90\x9d\
\x13\xd9\xa3&m\xd7*\xa6\x00T|\x0a\xbcS\xa55\
{5\xd7\xa3\xd2\x22\xfaH\x0c\xe0\xe1%\x81\x00\xc3\xbf\
~\xfb|y\x9d[k\xbd\xa4d\xf2a\x82\x9c\x00\x13\
\xe5\xc3$!\xb0\xc1d\xf2\x01\x99\x00I\xf2\xe4\x83]\
\xf6\x9c\x1b\xe02l\xf8\xa2kO\xa1\x06Ht\xd6j\
\xeb\xa1\x1c\xce\xe1\xdc\xb5\xbb\x10\xe8x\xba\x7f\x97m\x84\
\x87\xcc\x9a\xc8\xca\xbb\xc6\xe5\xdb \xf9\x00 \xe6\x22\xc9\
\xd4\x1a\x90\x04\xb5\x06$H\x00\xa6\x16\x8c\x08\x173\xda\
\xf5+)\x13c \xe5E\xa5j\xa3@\xe2\xf5\xbb\x05\
S\xb3V\xc1\xd4\x18&[\x9e\xacaD\x0a-\x07\x09\
\xb5\x22\xd2\xae\x02\x11\x16\xf8\xedmL@\xc2U\x13\xb5\
%F\xa4\xe9(\xc1\xde\x00\x0b/\xdf\x16\xa8% \xd2\
\xfc\x14hee\x85\xd7\xea\xa9\xb9A\x0a\xdalD\xe2\
\x8fnM\x8ex\x00 \xf9\x91\x9f\x94\x1b3GV(\
\xdc\xfd7\x99#)G\xae}_\xb3d\x0d\xce`?\
\xf6W[\xff\xdf\x05\xed\x86\x06\x89\xe5\xc8et\xc1\x1a\
B'\x9e\xb8\x85u\x8fr\xa4\xcc\xa5\xcdWj\x804\
N\xd9\x07\xd3\xa3\xb8\xb3\x9eCr\xfe\xd8w\x076U\
\xb6\xe2M\x02\xb1\xd56\x18\xdd\x1b\xcf\x17\x81\x89|/\
* M\xca\x11\x9du\x9fj\xa6\xce}\xe9\x92\xfb\xf8\
\xa6?#\xe8\xcd\x01\x19\xfe{\xe6U}(\xbff\x87\
q\x1d\xc2\xb1\xc1\x08jljz\xe4;\x00@\xf7\xad\
\x9d\xef\xe9\xae\xc4\xcd\xc5V}\x96`}<\xecK7\
k\x19\xf9+\xfb\x0aR\xd8\xc7\x04W5\x8eC\x13o\
\xed)Em\xb1\x1az\xdc\xeb\xff\x80\xfb\x00N\xe1\x0c\
\xa6\xe1\xcb!x\xf9tr\xf4\xe5\xe4\xcc\x97\x93c`\
\x09ms\xd6-\xafE\xc7\xcb\xae\xb3\x83|\x0a^\x15\
\xc6U\xbd9ux\xc7d\xdcZU\xcc\xc7\xf6\xf1\x10\
\xfb\x15\x9e7W\xf6\x86Ig\x1f\xb31P\xe4\xe0C\
C\x9d\xf1\xf1N\xdd\xed\x8d\xda\xdeh\x02\xb8\x9c\x8e\x14\
\x0f\xef\x9c\xa8\x8eR\xd5\xaa\xf1\xbe\xd4z=\x8dU\x08\
\xceUc\x9cq\xe6\xdaw\xa2\xda\xf6\xdb\xd8K\xf2\xf0\
\x18g\xbb\xe4q\x14G\xe6c$\x8c\xf1UOf\x8f\
\x0ds5R H\xfaf\x14e\xc1\x81/,\xb0\xca\
BT\xca@T\xeemY?\xff\x11'\xef\xe98\x88\
Gh\x80\xf2\xee\x9d\xf2\x1b#\x89\x7f)$:s\xd0\
\xb6\xda\xcdv\xd1\x961giv\xb0h)N\x99\xc7\
\x14\xa7\xad\x87\xc6\x19\x9b\xb0\xe54\x1a\xcbf,[\x80\
K\xfa\xb6\xed\x97\xa4\xf1\xc6\xee\xe5(w\xa9\x84c|\
}\xe8br\xec\x9a\xbe\x99\x0atf\x83\x9e\xd0\xe5\xd2\
G;.\xfc7\xcf\xab\xa3\x9f\xd3\xd9&U\xf1\xb6\xda\
j\xab\xad@\xff\x02\x80\x89\xa5\xbf\xbe\xd8\x0b\xa4\x00\x00\
\x00%tEXtdate:creat\
e\x002018-05-11T14:\
51:12-04:00\x15S\x87\xc6\x00\
\x00\x00%tEXtdate:modi\
fy\x002018-05-11T14\
:51:12-04:00d\x0e?z\
\x00\x00\x00\x00IEND\xaeB`\x82\
\x00\x00\x07L\
\x89\
PNG\x0d\x0a\x1a\x0a\x00\x00\x00\x0dIHDR\x00\
\x00\x008\x00\x00\x008\x08\x03\x00\x00\x00\x9fX\xcb,\
\x00\x00\x00\x04gAMA\x00\x00\xb1\x8f\x0b\xfca\x05\
\x00\x00\x00 cHRM\x00\x00z&\x00\x00\x80\x84\
\x00\x00\xfa\x00\x00\x00\x80\xe8\x00\x00u0\x00\x00\xea`\
\x00\x00:\x98\x00\x00\x17p\x9c\xbaQ<\x00\x00\x02\x8b\
PLTE\x00\x00\x00\xff\x8b\x08\xf9\x87\x04\xfa\x88\x03\
\xfb\x88\x02\xff\x88\x11\xfa\x8a\x05\xfa\x87\x02\xf9\x88\x02\xff\
\x8b\x0c\xff\x99\x1a\xf9\x88\x02\xf9\x87\x03\xf9\x88\x04\xfa\x88\
\x02\xfb\x88\x02\xfa\x87\x02\xfc\x89\x03\xf9\x88\x06\xfa\x88\x02\
\xfa\x89\x03\xfa\x88\x03\xff\x8e\x1c\xff\xff\xff\xfa\x88\x03\xfa\
\x88\x03\xff\x8e\x0e\xfa\x89\x03\xff\x89\x06\xfa\x87\x03\xfa\x88\
\x02\xff\x8a\x07\xff\x8c\x0d\xfa\x87\x03\xf9\x87\x03\xfa\x87\x03\
\xf9\x88\x02\xfa\x88\x02\xfc\x89\x03\xfb\x88\x04\xfc\x88\x03\xfa\
\x88\x03\xf9\x88\x02\xff\x8b\x17\xff\x993\xf9\x87\x02\xf9\x87\
\x03\xfa\x87\x02\xf9\x89\x04\xfb\x88\x02\xfa\x88\x02\xff\x89\x0a\
\xf9\x88\x03\xff\x8c\x06\xfa\x88\x02\xfa\x88\x02\xfa\x87\x03\xfa\
\x88\x03\xf9\x88\x03\xfa\x88\x02\xff\xaaU\xff\x87\x08\xff\x94\
\x0d\xfa\x87\x02\xf9\x89\x03\xf9\x87\x03\xfa\x8c\x05\xfb\x89\x02\
\xfa\x87\x03\xf9\x88\x04\xf9\x88\x02\xff\x92\x12\xff\x89\x14\xf9\
\x88\x02\xfa\x87\x03\xff\x95\x15\xf9\x87\x02\xfa\x88\x04\xfa\x87\
\x04\xf9\x87\x02\xfa\x88\x05\xfa\x8a\x05\xf9\x8a\x03\xfa\x88\x03\
\xfa\x88\x03\xff\xff\x80\xfa\x87\x03\xfa\x88\x03\xff\x8d\x07\xfa\
\x87\x02\xfa\x89\x03\xfa\x89\x02\xfa\x87\x02\xff\x8a\x07\xfb\x87\
\x02\xf9\x88\x04\xfa\x87\x02\xff\x87\x0f\xff\x8a\x0b\xfa\x88\x02\
\xfb\x88\x02\xfa\x88\x02\xf9\x87\x04\xf9\x87\x02\xfa\x87\x03\xf9\
\x88\x02\xff\xaa+\xf9\x87\x04\xfc\x88\x03\xfa\x89\x05\xfb\x8a\
\x04\xfb\x89\x04\xfb\x88\x02\xf9\x88\x03\xff\x9f \xf9\x88\x02\
\xfc\x87\x03\xfa\x87\x02\xff\x87\x08\xfa\x88\x02\xf9\x88\x04\xfa\
\x87\x02\xff\x92\x0c\xfc\x88\x03\xfa\x88\x02\xfb\x88\x02\xfa\x88\
\x02\xff\x89\x07\xfa\x88\x03\xfb\x89\x04\xff\x92$\xfa\x88\x03\
\xfa\x88\x03\xfb\x8a\x04\xf9\x8a\x03\xfa\x88\x02\xfb\x8b\x04\xfa\
\x89\x03\xf9\x8b\x06\xfa\x87\x05\xfc\x89\x03\xf9\x88\x03\xfa\x88\
\x02\xfa\x88\x02\xfc\x8a\x03\xff\x88\x09\xfa\x87\x02\xfa\x89\x02\
\xfa\x88\x03\xf9\x88\x02\xfb\x87\x04\xfa\x88\x02\xfa\x87\x05\xf9\
\x87\x02\xfa\x88\x03\xff\xbf@\xfa\x87\x02\xf9\x88\x03\xfb\x8a\
\x04\xfb\x88\x02\xfa\x88\x02\xfa\x88\x03\xfa\x87\x02\xff\x8e\x09\
\xfa\x88\x02\xfa\x87\x03\xfb\x8a\x04\xfb\x89\x04\xf9\x87\x02\xfa\
\x88\x02\xfa\x89\x02\xfa\x87\x02\xf9\x88\x03\xff\x8c\x06\xfa\x87\
\x03\xfa\x87\x03\xfa\x88\x03\xfa\x88\x03\xfa\x87\x03\xf9\x88\x03\
\xf9\x87\x03\xf9\x87\x03\xf9\x88\x03\xf9\x87\x03\xf9\x88\x03\xf9\
\x88\x03\xf9\x88\x03\xfa\x88\x03\xfa\x87\x03\xfa\x88\x03\xfa\x87\
\x03\xfa\x87\x03\xfa\x88\x03\xfa\x88\x03\xfa\x88\x03\xfa\x87\x03\
\xfa\x89\x03\xff\x8f\x10\xfa\x89\x05\xfb\x88\x04\xfb\x88\x04\xfb\
\x87\x04\xfb\x87\x04\xfb\x88\x04\xfb\x8a\x04\xfc\x8a\x03\xfc\x88\
\x03\xfc\x89\x03\xfc\x87\x03\xf9\x88\x03\xf9\x88\x03\xf9\x88\x03\
\xfa\x88\x03\xfa\x87\x03\xff\x8d\x09\xf9\x87\x02\xff\xff\xff_\
\xdc\x22\xdd\x00\x00\x00\xd7tRNS\x00!\x84\xa1v\
\x0f0\xec\xda\x16\x0a\xdf\xb3\x89\xebr\xfdN+\xfa_\
\x98\x09\x01\xc3\xc1\x12c)b\xf8%\x14\xc6\xb9\xa0\xde\
\xfcT>I\x92\xe3\x0b\x05\xd5\xaa\xe8\x8az\xf2\x1a\x5c\
*\xf6m\xc0\xbf\xb6\xcd\x03 \x13\xfb[U5{\x97\
\x8b\xe7\x0e\x0d\xe5\x93\x0c\xe4\x90\x91\xe6/2W\xba\xc5\
\x02\xca\x96&\xf9al\xf7#s\x85\xea\x11\x18\xf0|\
k\x88\xe0\xa8\xd8\x06\x80O4FAx\xb4\x08\xdcS\
q\x22g\x83\xee\x15Ki~\xed'eC\x07\x9d\xbe\
;Y\xfe9].3R\xae\xcf\xe9J\x1e\xf5n\x9a\
\xe1B\xd41\xd7\xa3\x04\xd1\xb0?t\xf4\xa7\xf3\x1b\xd2\
\x99=E\xd9\xefh\xd3\xac(\xc4\xc2\xbd\xbc\xbb\xb8\xb7\
\xb5\xb2\xb1\xaf\xad\xab\xa9\xa6\xa5\xa4\xa2\x9f\x9e\x9c\xc8\x9b\
\x106:<@DGHLMPQVXZ^\
`\x1d\xb1\x80\xfb\xdc\x00\x00\x00\x01bKGD\x17\x0b\
\xd6\x98\x8f\x00\x00\x00\x09pHYs\x00\x00\x0b\x13\x00\
\x00\x0b\x13\x01\x00\x9a\x9c\x18\x00\x00\x00\x07tIME\
\x07\xe2\x05\x0b\x0a3\x0cx\xf3\xb4\x95\x00\x00\x02\xc6I\
DATH\xc7\xed\x94\xd5C\x14Q\x14\x87G\x10\x14\
D\x10D\x01\x11]@\xc2\x0e\x0cT\x10\xb0\x15\x9bP\
\x11\x13\x13\x91\xb0\x15\x0b\x15\x04\x15\x1bPJ\x10\x05\x03\
\xbb\xbb\xbb\xf3\xfbw\x9cekfw\xd9\x9d\xf1\xc1'\
\xce\xcb\x9e\xdf\xb9\xf7\xdb\xb9\xf7\x9c{\x8e \xb4\xd8\x7f\
\xb5V\x0e\x8e\xad\x9d\xfe\x81sn\x03\xb4uQ\xcd\xb9\
\xb6Ckn\xaa\xc1\xf6\xe0\xee\xd1\x01<Ur^\x1d\
\xc1[\xe8\x04\xed:\xab\xe2||\xc1O\x10\xba\xb8\x83\
\x83*\xd0\x1f:v\x15\x7f\x03\xa0[w\x15\x9c\xa6\x8d\
\xfeK>\x81\x10\xa4\x02\x0c\x86\x1e\xba\xbb9\x87@\xa8\
b.L\xacC\xb8\xde\xef\x09\xbdz+\xe4\xfa\xf4\x85\
~\x06\xe1\xd4\x1f\x06(\x04\x07\xc2\xa0\x08\xa3\x1a,\xe6\
i\x88\x22\xae\xd5P\x18&\xd1\x910\x5c\x118\x02F\
Fi\x0f\x19\x1d=J\xab\xbdb V\x01\x17\x07\x1d\
Fk\x9d10\xb6)2\x0e\xc6O\xb0\xcbM\x9c\x04\
\x93\x05\x19\x18?\x05\xa6\xda\x05\xa7\xc1t'9\xa8=\
D\xc8\x0c;\xdcL\xb1\xe0\xb3\x043PH\x80D\x1f\
\x9b\x5cR\xb2\xe9\x89\x89U\x99\xadw\xe7\xcc\x85\x14\x9b\
\xe0<H\x9d\xaf\xf7\x17Hn\xb6\x10\x16-\xb6\xc1-\
I\x83\xa5\x06\xb1\x0c\x96\x1b|\xd7\x15\xa6s[\xb3\x95\
\xb0*\xdd \xc4\xd6Zm\x5c\xc9\x10\x8b\xb4\xa6Y.\
S|\xdcYF\x15\x0b\xd9\xa6\xb5\x1cHNj\x86[\
\xbb\x0e\x1cMr=l0\xa9\x8d\xa9\xb0\xa9\x19p3\
l\xd9j\x92\xb9\xb0M\xb2\xba\x1dvh\xacr;\xc5\
\x9c\xef\x92\xe8<y\x09v\x8b\xe7\xd9c\x15\xdc\x0b\x81\
\xd2*\xe7C\x81t=\x1c\xf6\x15Z\xe1\x8a f\xbf\
4p\x00\x0e\xcav\x14\xc3\xa1(\x0bn\xf1a\xf3N\
\xf7\x82#\xb2\xc0\xd1cp\xdc\x02<\x01%\xf2\xd92\
\x1fJ\xe5{\xb2!m\x89\x19W\xb8\xcfb\xda\xbb\x94\
\x95\x9d\x94G\xd2OA\xb9<TQ\x09U\x82]\x13\
\x13M\xb5,r\x1aj\x8e\xda\x07\x85Z(\xab\x90^\
\xbb\x06N\x9bo\xea\xac\xd1X\x0c\xd4\x88A\xf2\x8dU\
PYa\xbei\x8c\xb5\x86\xf0\x803uF\x95a\xb5\
\xb4V\xc1\x8a\xb3\x92a\xdd\xbb\x04\xce\x09\xca@\xa1^\
\xccO\x83\xde\x17\xc7\xdfa[\xed-7G8\xaf\xeb\
\xd9x\xf1A\x14)\xe6\x04\x97\x0bp\xd1\xf0\xf1K\xca\
\xb9\xa6\xfc469\x97\xc5\xa9\x99\x1c\x98x\xc5\xf7\xaa\
_d\xe4\xdek\xd7o$\x04\xdd\xbc5\xe2v\x8e\xdb\
\x9d\xbbU\xf7\x8a\xef7>\xe8\xf7pe\xed\xa3\xc7O\
\xca\x9f:\x06?{\xbe\xe7\xc5Kx\xa5\xfb\x8bk\xa8\
\xb5L\x1d\xf8\xfa\x96:,&\xdbx\xec\xba7\x85o\
\xf3\xdf\xd5\x87U\xbf\xcf*\xcd\xfb\xd0\x90\xf9\xf1S\xf8\
\x91\xdc\xcf_<3\xbe~;\xb8>4\xee\xfb\xac\x1f\
\x05?c\x07\x17\xfd\xf2\xfe\x9d\x12\xe0\x1f\xfaGMF\
ZL\x8d\xfd\x05\xf9\xb0\x84\xe8\x07\xe7k^\x00\x00\x00\
%tEXtdate:create\
\x002018-05-11T14:5\
1:12-04:00\x15S\x87\xc6\x00\x00\
\x00%tEXtdate:modif\
y\x002018-05-11T14:\
51:12-04:00d\x0e?z\x00\
\x00\x00\x00IEND\xaeB`\x82\
\x00\x00#?\
\x89\
PNG\x0d\x0a\x1a\x0a\x00\x00\x00\x0dIHDR\x00\
\x00\x00\xae\x00\x00\x00\xae\x08\x06\x00\x00\x00\xaf\x0c6\xee\
\x00\x00\x03\xf0iCCPICC Prof\
ile\x00\x008\x8d\x8dU\xddo\xdbT\x14?\x89\
o\x5c\xa4\x16?\xa0\xb1\x8e\x0e\x15\x8b\xafUS[\xb9\
\x1b\x1a\xad\xc6\x06I\x93\xa5\xe9B\x1a\xb9\xcd\xd8*\xa4\
\xc9un\x1aS\xd76\xb6\xd3mU\x9f\xf6\x02o\x0c\
\xf8\x03\x80\xb2\x07\x1e\x90xB\x1a\x0c\xc4\xf6\xb2\xed\x01\
\xb4ISA\x15\xd5$\xa4=t\xda@h\x93\xf6\x82\
\xaap\xae\xafS\xbb]\xc6\xb8\x91\xaf\x7f9\xe7w>\
\xef\xd15@\xc7W\x9a\xe3\x98I\x19`\xde\xf2]5\
\x9f\x91\x8f\x9f\x98\x96;V!\x09\xcfA'\xf4@\xa7\
\xa6{N\xba\x5c.\x02.\xc6\x85G\xd6\xc3_!\xc1\
\xde7\x07\xda\xeb\xffsuV\xa9\xa7\x03$\x9eBl\
W=}\x1e\xf1i\x80\x94\xa9;\xae\x0f \xdeF\xf9\
\xf0)\xdfA\xdc\xf1<\xe2\x1d.&\x88Xax\x96\
\xe3,\xc33\x1c\x1f\x0f8S\xea(b\x96\x8b\xa4\xd7\
\xb5*\xe2%\xc4\xfd31\xf9l\x0c\xf3\x1c\x82\xb5#\
O-\xea\x1a\xba\xcczQv\xed\x9aa\xd2X\xbaO\
P\xff\xcf5o6Z\xf1z\xf1\xe9\xf2\xe6&\x8f\xe2\
\xbb\x8f\xd5^w\xc7\xd4\x10\x7f\xaek\xb9I\xc4/#\
\xbe\xe6\xf8\x19&\x7f\x15\xf1\xbd\xc6\x5c%\x8dx/@\
\xf2\x99\x9a{\xa4\xc2\xf9\xc97\x16\xebS\xef \xde\x89\
\xb8j\xf8\x85\xa9P\xbeh\xcd\x94&\xb8mry\xce\
>\xaa\x86\x9ck\xba7\x8a=\x83\x17\x11\xdf\xaa\xd3B\
\x91\xe7#@\x95fs\xac_\x88{\xeb\x8d\xb1\xd0\xbf\
0\xee-L\xe6Z~\x16\xeb\xa3%\xeeGp\xdf\xd3\
\xc6\xcb\x88{\x10\x7f\xe8\xda\xea\x04\xcfYX\xa6f^\
\xe5\xfe\x85+\x8e_\x0es\x10\xd6-\xb3T\xe4>\x89\
D\xbd\xa0\xc6@\xee\xd7\xa7\xc6\xb8-9\xe0\xe3!r\
[2]3\x8e\x14B\xfe\x92c\x06\xb3\x88\xb9\x91\xf3\
nC\xad\x84\x9c\x1b\x9a\x9b\xcbs?\xe4>\xb5*\xa1\
\xcf\xd4\xae\xaa\x96e\xbd\x1dD|\x18\x8e%4\xa0`\
\xc3\x0c\xee:X\xb0\x012\xa8\x90\x87\x0c\xbe\x1dpQ\
S\x03\x03L\x94P\xd4R\x94\x18\x89\xa7a\x0ee\xed\
y\xe5\x80\xc3q\xc4\x98\x0d\xac\xd7\x995Fi\xcf\xe1\
\x11\xee\x84\x1c\x9bt\x13\x85\xec\xc7\xe7 )\x92Cd\
\x98\x8c\x80L\xde$o\x91\xc3$\x8b\xd2\x11rp\xd3\
\xb6\x1c\x8b\xcfb\xdd\xd9\xf4\xf3>4\xd0+\xe3\x1d\x83\
\xcc\xb9\x9eF_\x14\xef\xac{\xd2\xd0\xaf\x7f\xf4\xf7\x16\
k\xfb\x91\x9ci+\x9fx\x07\xc0\xc3\x0e\xb4\x98\x03\xf1\
\xfa\xaf.\xfd\xb0+\xf2\xb1B.\xbc{\xb3\xeb\xea\x12\
L<\xa9\xbf\xa9\xdb\xa9\xf5\xd4\x0a\xee\xab\xa9\xb5\x88\x91\
\xfa=\xb5\x86\xbfUHcnf\x90\xd1<>F\x90\
\x87\x17\xcb ^\xc3e||\xd0p\xff\x03yv\x8c\
\xb7%b\xcd:\xd7\x13iX'\xe8\x07\xa5\x87%8\
\xdb\x1fI\x95\xdf\x94?\x95\x15\xe5\x0b\xe5\xbcrw[\
\x97\xdbvI\xf8T\xf8V\xf8Q\xf8N\xf8^\xf8\x19\
d\xe1\x92pY\xf8I\xb8\x22|#\x5c\x8c\x9d\xd5\xe3\
\xe7c\xf3\xec\x83z[\xd52M\xbb^S0\xa5\x8c\
\xb4[zI\xcaJ/H\xafH\xc5\xc8\x9f\xd4-\x0d\
Ic\xd2\x1e\xd4\xec\xde<\xb7x\xbcx-\x06\x9c\xc0\
\xbd\xd5\xd5\xf6\xb18\xaf\x82Z\x03N\x05\x15xA\x87\
-8\xb3m\xfeCk\xd2K\x86Ha\xdb\xd4\x0e\xb3\
Yn1\xc4\x9c\x98\x15\xd3 \x8b{\xc5\x11qH\x1c\
g\xb8\x95\x9f\xb8\x07u#\xb8\xe7\xb6L\x9d\xfe\x98\x0a\
h\x8c\x15\xafs \x98:6\xab\xccz!\xd0y@\
}z\xdag\x17\xed\xa8\xed\x9cq\x8d\xd9\xba/\xefS\
\x94\xd7\xe54~\xaa\xa8\x5c\xb0\xf4\xc1~Y3M9\
Py\xb2K=\xea.\xd0\xea \xb0\xef \xbf\xa2\x1f\
\xa8\xc1\xf7-\xb1\xf3z$\xf3\xdf\x068\xf4\x17\xdeY\
7\x22\xd9t\x03\xe0k\x0f\xa0\xfb\xb5H\xd6\x87w\xe2\
\xb3\x9f\x01\x5c8\xa07\xdc\x85\xf0\xceO$~\x01\xf0\
j\xfb\xf7\xf1\x7f]\x19\xbc\x9bn5\x9b\x0f\xf0\xbe\xea\
\xf8\x04`\xe3\xe3f\xf3\x9f\xe5fs\xe3K\xf4\xbf\x06\
p\xc9\xfc\x17Y\x00qx\x12\xb5\xe1\x86\x00\x00\x01\xd5\
iTXtXML:com.adob\
e.xmp\x00\x00\x00\x00\x00<x:xmp\
meta xmlns:x=\x22ad\
obe:ns:meta/\x22 x:\
xmptk=\x22XMP Core \
5.4.0\x22>\x0a   <rdf:\
RDF xmlns:rdf=\x22h\
ttp://www.w3.org\
/1999/02/22-rdf-\
syntax-ns#\x22>\x0a   \
   <rdf:Descript\
ion rdf:about=\x22\x22\
\x0a            xml\
ns:tiff=\x22http://\
ns.adobe.com/tif\
f/1.0/\x22>\x0a       \
  <tiff:Compress\
ion>1</tiff:Comp\
ression>\x0a       \
  <tiff:Orientat\
ion>1</tiff:Orie\
ntation>\x0a       \
  <tiff:Photomet\
ricInterpretatio\
n>2</tiff:Photom\
etricInterpretat\
ion>\x0a      </rdf\
:Description>\x0a  \
 </rdf:RDF>\x0a</x:\
xmpmeta>\x0a\x02\xd8\x80\x05\x00\x00\x1d\
)IDATx\x01\xed\x9d\x09\xfc\x1e\xd3\xd5\xc7\x85\
\x22\xa8\x08\xb1&\x84\xd8\x97V\xad\x09\x89Tl\xb5S\
\xf2\xa2D+\xa8Wi\xedKQUT\x8b6j\xfd\
(\xa5!\xe5\xb5\xbc\xd4R\xfa~\xa4H\x88\xda\xf7%\
A\x1a\x09\x09\x89 \x82\x10\xd9$\xef\xf7\x97<\xf3\xcf\
d\xfe\xb3\xdc;\xdb3\xcf\xf3\xdc\xf3\xf9\xfc\xfe3s\
\xe7\xdcs\xce=s\x9e;w\xce\xbd3\xff\xc5\x16s\
\xe4<\xe0<\xe0<\xe0<\xe0<\xe0<\xe0<\xe0<\
\xe0<\xe0<\xe0<\xe0<\xe0<\xe0<\xe0<\xe0<\
\xe0<\xe0<\xe0<\xe0<Pe\x0ft\xa8\xb2qU\
\xb0m\xde\xbcyKbG7\xb0&X\x0b\xac];\
^\x85\xed\xca`\xd5\xdav)\xb6\xcb\x00\xf1\x0b\xa2\xe9\
>|\xcd\xfed0\x11L\xaa\xe1#\xb6\xe3=t\xe8\
\xd0a6\xfb\x8e\x0c<\xe0\x02\xd7\xe7$\x82t9\x0e\
\x15\x9c\x0a\xd2\x1d\xc0n\xa0'\xf8\x16(\x9a\xe6\xa1\xe0\
M\xf0\x04x\x18\x8c\x01\x13\x08\xe6O\xd9:\x0ax\xa0\
\xa5\x03\x97@\xed\x88?V\x04[\x81\xe3\xc1^\xa0j\
4\x16\x83\xfe\x0c\xee\x05\x1f\x83i\x04\xb3\x82\xdcQ\xab\
y\x80\x80\xed\x04n\x06s@\xa3\xd18\x0c\x1e\xd0j\
\xd7,\xd8\xde\x96\xe9q\xb9\xd8\x9di\xfc \xb0?\xe8\
\x02\x1a\xbd\xed3i\x83\xc6\xcaW\x80\xeb\xe8\x85u\xdc\
2\xd4\xe8\x17/\xf1B\x11\xb0\xfb\xc1t\x0a\xd0Xu\
\xd9\xc4\x0a\x8d\xc9\xf0\x15f\xbf\x00n\x00\xb7\xb5\xc2P\
\xa2i\x03\x97\x80=\x84\x8bx\x1a\xd8\x16\xb4\x12iL\
|\x17\xb8\x8a\x00V\x06\xa3)\xa9\xa9\x02\x97`U\x1a\
JC\x81\x8b\xc0FMy\xc5\xcc\x1b5\x07\xd6;\x80\
\x86\x12/5[/\xdc\x14\x81K\xc0.\xce\xc5\xe9\x05\
.\xafm\xd98\xf2y`(\xfb\x17\x80\xe7\x08\xe0o\
|\xe5\x0d\xbb\xdb\xf0\x81K\xd0j\x02\xe0o`\xf7\x86\
\xbd\x0a\xe5\x19\xaeq\xf0\xc1\x04\xef\xb8\xf2T\x16\xa3\xa9\
\xa1\x03\x97\xa0=\x1b\xb7hX\xa0\x1e\xd7\x91\xb9\x07\x9e\
\x83u{\x02x\xaey\x95jq6d\xe0\x12\xb0\xeb\
\xe0\xc6\xc7@w\xd0\x90m\xc0\xeez\x932\x11\x83\xc1\
\xa9\x04\xb0\xc6\xc3\x0dE\x0d\xd5S\x11\xb0K\x80K\xf0\
\xf0\xdb@k\x06\x5c\xd0\xa6\x0f7Mo\x9f\x00\xde\xc0\
\xa7J\x196\x145\xcc\x85\xc7\xb9\x1b\xe2\xd9\xeb\xc0N\
\x0d\xe5\xe1\xc60VS\xc8w\x82\x93\xe8}?j\x04\
\x93\x1b\x22p\x09\xda\x03p\xe6_\x80Vc9*\xce\
\x03\x13\x10\xfd3\x82\xf7\xff\x8aS\x91\x8f\xe4J\x0f\x15\
\x08\xd8\x0e\xe0,\x9az7pA\x9b\xcf5\x8f\x93\xa2\
\x95q\x0f\xe2\xf3k\x80\x16 U\x96*\xdb\xe3\xe2\xb8\
\xa5\xf0\x9a\xf2\x8f\xfd*\xeb\xbd\xe66l*\xcd\xdb\x9c\
\xde\xf7\xfd*6\xb3\x92\x81K\xd0.\x8d\xb3F\x03e\
\x0d\x1c\xd5\xcf\x03\x1a\xfb\xeeH\xf0j\x8dp\xa5\xa8r\
C\x05\x82VO\xbb\xcf\x03\x17\xb4\xf5\x0f\x15ul\x8f\
rM4\x5c\xab\x14U\xaa\xc7\xad\x05\xadV\xffo_\
)/9c\xe6\xe2\x82!\xf4\xbcGU\xc5\x15\x95\x09\
\x5c\x82V\xbd\xbf\x1e\xc2\x94ApTM\x0f\xfc\x03\xb3\
\x0e$\x80\xeb\xbe\xde\xa1JC\x85A8\xc5\x05m5\
\x03\xd6\xb3J\x13\x15O\xd1\xc9\xe8\x19\xa4\xaeT\x89\x1e\
\x17G\x1c\x8d\x17n\xac\xab'\x9cr\x1b\x0f\xe8\xa5\xce\
\x9e\xf4\xbc_\xdaT\xca\x93\xb7\xee\x81K\xd0*w\xa8\
\x0cB\xa5\xf3\x86y:\xbdId\x8d\xa4\x1d\xdb\xd5+\
x\xeb\x1a\xb8\x04\xad\xf4\xeb[\x03\xab4\xc9\xc5l\xb5\
f\xbcH\x83{\xd5c\xcc[\xef1\xae\x1e\xc6\x5c\xd0\
6n\xb8o\x8d\xe9\x0f\xd4\xc3\xfc\xba\xf5\xb8\xf4\xb6\xdb\
\xd0`\xe5k\x1d5\xbe\x07n\xa0\xd7\xfd\xef2\x9bQ\
\x97\x1e\x97\xa0\xfd6\x8d\xbc\xbf\xcc\x86:]\x85z\xe0\
\x18\xae\xa9\x96\x9b\x96Fu\x09\x5cZ7\x10t-\xad\
\x95NQ\x19\x1e8\x9d\xe0=\xbc\x0cE\xd2Q\xfaP\
\x81\xc6\xad\x86\xde\xf7@\xdds\x81r\x80\xa3\x5c=0\
\x03i[1lP\xba\xacP\xaaG\x8f{<-r\
A[\xe8e\xad\x9bp\xa54_\xa3s*|\x09j\
\xa9=.\x0dR\xc3\xa6\x80f\xfd\xa2L\xdd\x22\xa6b\
\x8a?\xc4\x9e\xb5\xe9yg\x15eW\xd9=\xeeI4\
\xc4\x05mQW\xb3:rW\xc7\x94K\x8b4\xa7\xec\
\x1e\xf75\x1a\xf3\xdd\x22\x1b\xe4dW\xca\x03\x87\xd0\xeb\
\xfeo\x11\x16\x95\x16\xb8\x0c\x13\xb4T\xf1IP\x9a\xce\
\x22\x1c\xe6dZy@oQ\xe8\xfb\x0dz+;W\
*s\xa8\xa0W\xa1]\xd0\xe6z\xf9*/lE,\
\x1cL\xa7\x95\xfb\x17\xdd\xcb\x0c\xdc\xed*\xeffg`\
\x11\x1e\xe8\x8d\xd0\xdc\xdf\xa0(\xa5\x07\xe4\x17\xa7\xef{\
\xe9I\xb3\x14}Ex\xbfAej\xc1\xb7\xfe\x87\x84\
\x162i5\x97\xded\xe8\x01\xf4Z\x94f/\x97\x07\
e\x5c\x93\xaf\xd1\xb3\x1eC\x86Ils\xa1\xdc\xbb\xf0\
\x08\xab\x8e\xa3\xbc\x0c\x07E\xa8o\xc9\xe2\x17h\xf5\x8e\
`\x06\x01\xa3\x80m#:\x12]\x0b\xddm\x15\xc47\
\x83>\xa0HZ\x06\xe1\xc3\xc1\xc6y))k\xa8p\
`^\x06;9\x89\x1eP\x90\xf6\x07Z\xe8==\x18\
\xb4\xaaM\xd9<\xf0\x0d\x18\x03v\xa0H\xd3\xef\xb7\xea\
\x5c\x81\xb4!?\x18M>\xe5B\xa5\xf4\x82\x18\xac[\
\x84r{\x8e\x8a\xf7\xc09\x04\xe3\xc5\xb6jj\xbd\xf0\
\xf7\xa9w\x07(\xeaZMG\xf6\xca\xd8\xa7\xa1C&\
*\xab\xc7\xed\x94\xc9JW\xd9\xd4\x03\xa3a\x1cd\xca\
\xec\xe7#\x98\xd4\x0b?N\xd9\xa6@\x1fb)\x824\
\xf9tS\xedG\x92I~\xe1\x81\x8b\x91\xfao7\x1a\
\xe38*\xde\x03w\x11|\xb3\xb3\xa8\xa1\xber\xaf\xfb\
\x00\xbd\xd1[\x04\x1d\x82\xd0\xcc\x93P\x85\x07.F*\
\x0dV\xca\x90\xa4\x08/7\x98\xccQy\xd8K\xf0\xce\
\x01\xfb#\xab\xa8/\xd8\x5cO\x87\x96)1PF\xe0\
n\x99\x873\x9d\x0c#\x0f|n\xc4e\xce\xd4\x0f\xd6\
q\xe6\xec\xc6\x9c\xea\xcc\xf4P\x98\x9a\xca\x08\xdcMR\
[\xe7*\xdaz@y\xd9\xdc\x88^W\x19\x0a\xf5\xbc\
\xfa\x86X\xde\xf4\x9b,\x02\xcb\x08\xdc\xa2\x9eP\xb3\xb4\
\xbbY\xeb\x1e\x99w\xc3\x08\xde\xd7\x91y~\xder\x91\
\xd7\x8f\xe1B\xdf\xb4r\xcb\x08\x5c\xf7\x16o\xda\xabc\
_\xef\x07\x04\xc3\xb5\xf6\xd5\x12k\x5c\x0a\xc7\xbf\x13\xb9\
\xec\x19\x8e\xb2\xaf\xb2\xa0F\x19\x81\x9bi\x10\x9e\xb6a\
-\x5c\xef8\x82\xf7\xef\xa0c^>\xa0\xd7\x9d\x89\xac\
\xd3\xf3\x92\xe7\x93s\x10vj9\x805\x95\x11\xb8.\
\xa3`}Y2W\xd0L\xe5h\x82b_\xa0\xff\xb6\
\x99\x99\x08\xdeg\x11\x92\xf7g\xb2\xf4I\xd9\xe3\xd2\x18\
WxP\xe1\xb8\xa71LO\x91\x8e\xea\xe3\x01-n\
\xba\x0a<\x0e\x94u\xd0\xeb4z\xe8\xd2\x9dP_}\
\xd7b\x1b\xbd#\xd6\xc3\x87\x15\xd8\xff\x0c\x8c\x05\x1a\x22\
\xbcL\xe0\xbe\xcb\xb5\xd4?\x90\xc9{m\xed[\xc8\xdc\
\x14\xf9V\x0f\x80e\x04\xae\xbet\xa2\x84\xb6\xa3\xc6\xf6\
\xc0\xef0\xff2\xa0\xd5fySo\x02W\x1d\x9c1\
\xa5\x1e*\xf0\xeb[\x1d\xfc\xcc@\xd3x\x03\x1e\xc7R\
}\x0f\xfc\x0a\x13'\x17d\xe6Y\xb6rS\x05.\x01\
\xabq\xd3C\xe0Q\x03\x85o\x18\xf08\x96\xc6\xf0@\
.\xe3\xe5\x90\xa6n\x1dR\x16[\x94*p\x91x!\
X\x82\xee\xfd?\xb1\xd2\x17\x9cT\x1e\xd0\x91\xf3@\x9c\
\x07\xba\xd2\x19Z=\x07Y\x07.\x0a\xb4@\xe2$\xf0\
`\x9c%\xbes\xaf\xb1o5\xf0\xf6\xd5u\xbb\xad\xe1\
\x01=ki\x0cmL\xd6\x0fg\x04\xee0\xa4k\x9e\
\xb9\x07=\xee\x07&\x9a\xa8\xf3%|J}8r\x1e\
\x88\xf2\xc0TNh\xad\xae2\x1e\x89d\xd5\xe3\x12\x80\
\xfd\x90\xb8\x13\x18f\x1a\xb45\x0b\xa6\xd5\xb6n\xe3<\
\x10\xe5\x01\xa5\xe0\x04#\xb2\x0a\x5c$\xfe\xa9&\xf5n\
#\xe9\x0b\x99\xf2^\xb5\xb4P\xb2\xdbk\x16\x0f(\x16\
5\x045\x22\xe3\xc0\xa5\xb7U\xf2y\x8b\x9aT\xdbE\
\xc6\xca@8r\x1eH\xf2\xc0\xd9\xc4\x99QL\x1a1\
\xd5\xb4\xdd\xc2Vc\xe2'\x19&|\x94dA\xe0\xfc\
\x90\xc0\xb1;t\x1e\x08\xf3\x80f\xf24\x8b\x97HF\
\x81\xcb\xaf@\xd3\x83\xde\xeb\x16\xf7$Jm\xcf\xf0\x0a\
E\x1a|;r\x1eH\xf2@\xf7$\x06\x9d7\x0a\x5c\
\xf8\x8e\x00\xcb\xa8\x02d\xfd\x7f\x1b\xe8\xa1\x95\x0e{u\
~m\xf7\xc7y \xde\x03\xfd\xe3O/8\x9b\x18\xb8\
\xb5\xde\xf6\x8f5a\x0a\xc0\xb4_\x9b\xbe\xd3\xc4 \xc7\
\xd3\xf2\x1e8\x8c\x98KL\xd3&2 D\x1f\x8b\xf0\
\xf2\xb5o\xd2{\xea\xf5ekB\x8e\xf2\xb8\x9a\xebv\
\xf9\x5ck\xef\xb5\x5c\x85U\x89\xb3\x8f\xe3Z\x9d\xd8\xe3\
R\xb9\xb7O@\xea\xec\x00\x86|\x85\x9c\xfb|\xb2\xdc\
\xae\xf3@\x94\x07zD\x9d\xf0\xcaM\x02\xf7L\x8f\x99\
\xed\x93\xbe\xfd4\xbb\xd7\xa7\xa9\xe4\xea\xb4\x9c\x07\x94z\
\x8d\xa5\xd8\xc0\xe5\xf6\xae\xf7\xc5\xb6\xf1Ix\xd7\xb7\x9f\
fW\x81\xffX\x9a\x8a\xaeNKy\xc0\x7f\x97\x0fm\
xl\xe0RC]\xb6\x7f\x1c<%T\x8aa!\xc3\
\x05\xcdC_d\xc8\xee\xd8Z\xd7\x03\x99\x03w\xdb\x80\
\xef\xbe\x08\x1c\xa79\xd4\x22\x9d\x7f\xa5\xa9\xe8\xea\xb4\x8c\
\x07\xbe\xc3\xdd\xdeK\xbf\x866:\xa9\xc7\xdd;PK\
\xab\xbc2\x11\xbd\xaeRj'\x02}t\xd8\x91\xf3@\
\x98\x07\x96\xa00\xf6\x01-2p\x89xU\xf6\x7f\xb0\
a\x12A7+L\x8bm\x19r\xf4\xc2\xdd\xb9\xb6\xf5\
\x1c\x7fKy`\xed\xb8\xd6j*7\x8a\xd6\xe1\x84\xde\
\x00\xf5\xe8\x1do'\xa7\xed\xe5\xc89\x05\xa4z\xaf>\
'\x1b\x1aQ\xcc\x0c\x8c\x9e^\x83f#_\x00\xe3j\
x\x97\xad\x7f%\x9e\xe6\xfe\xd7\x02\x9aF\xfd\x0e\xd8\x13\
\xe8\x89]\xb7\xe1\xaa\xe7\xd3W\xc3\xc6H\x8a\x0b\xdc\x0d\
\x02\xb5>\x09\x1cg:\xa4\xd7\x9dI\xaf.\x87\xea\x81\
\xaf\xeaN\xcc\xd4\xd6\x9c*\xdf\x8e\x9cA`\x14\x98\x8d\
\xffL\x87ZJ\xe4\xbf\x04\x94C\xbf\x08\x9f\xeb.\xbb\
$\xe8\x06\xce\x01G\x80\xb88\xe0t]\xa8k\x9c\xd6\
\xc8\xa1\x02\x95\x14T~\xb2]\x11\xe6\xaf\x1b\xba\xaf\xe0\
\xe5\x84z\x819\xa1\x0c\xad]8\x97\xe6\x0f\x01\x9b\x81\
\xe5\xf0\xd5a\xe0%\xa0\xff\xe9`\x1a\xb4\xed<H\xdd\
\xb9`&\x18\x0b~\x0a\x83\x16o\xef\x08\xd4sW\x89\
b\x87\x0aq\x81\x1b\xecq\x0bY\xdd\x85\xf3\xf4\x0d\xd6\
c\xc1\xbc*y\xad\x8e\xb6\xe8\x0et\x06\xe8\x8eo\x06\
\x82Q@C\x83BH\xb2\xc1\x08\x84\xebe\xc5]\x80\
V\xf2U\x81\x82\x1d\xe7\x226\xc5\x05n\xecS\xdd\x22\
R2\x1e\xe0\xb8\xc1\x88\xf85h\xe5\xe0\xd5\xd8\xf4,\
\xa0\x7f\xab4\x08|\xc0~i\x84>\xfd3\x93a(\
\xec\x09N\x06\x99\xbel\x9e\x83\xe1\xab\xc7\xc9\x88\x0b\xdc\
5\x02\x15\x0b\x1d\x07\xe1\xb4\xdf\xa1\xefT\xa0[d+\
\x91z\xd3+\xc0\xea\xf8\xe0R\xe0\x7f\xb8*\xdd\x0f\xe8\
\xd7\xf8\xf9J\x14\xab\xe3z\xb1t\x03\x16*\x5cq\xe1\
n\xfb=\x9b\xc0Uz\xacP\xc2a\xba\x80\xfa:N\
.i\xb7B\x8d\xcd.\x5c\xe3z\xf5pk\xd3\xeeS\
\x80\xb2\x05\x95!\xecQ\x8f\xaf\x09\xa8{A=\xee\x84\
\x1a{GR\x5c\xe0v\x0e\xd4\xea\x128.\xe4\x10\x87\
\xdd\x80`\x8d\xb7\xbe*DA5\x84\xeaCt\xbb\xd2\
\xd6]@\xae\xd9\x9a<\x9b\x87m\xfaO<\x07\x22S\
w\xc3\xb2\xef\x84K\xc7\xb5%.p;\x06*v\x0f\
\x1c\x17v\x88\xb3^F\xb8\xc68\xba\xc0\xcdFz\xf0\
Z\x8b6>\xde@\x0d;\x0f[O+\xd9\xde%\xe3\
\xf4\xc5\x05n0\xe2c\xd3\x13qJ\xd2\x9c\xe3\xc2j\
zY\xc9\xf33A\xea\xf4O\x1a\xdd\x05\xd5y\x06\xb9\
\x1a\x16\xe8\xc1\xab\xa1\xd2\x7f\xd8\xab\xa1\xc2U\xe0\xc2\x82\
|\x13&6v\xb8\xd8!\xac\x86\xcaHT\xebV\xad\
\x7f\xa8\xe6\x91\x9c\xdd\x91F\x94\x1eD\xd8\xb2\x05\xba\xe5\
\xb8\xbe\x9e1\x0d\xb4\xfd\x14[\x95/\xbd\xaf\x16\x00\x99\
M\xc7\x1fzP\xde\x1a(\xc7\xab\x0ee\x1d\xe0\xdd!\
u\xc1\x95s\xd7\xdd\xea\x15\xf0\x1czsy\xe0C\xaf\
t\x0c\x05\xdf\x07E\xd3'\xd8\xbd\x8a\xb5\x12\x8c\xfc\x08\
\x04i%kA9U\xc0\x90%\xc0\xe1`\x1ch\x04\
\x9a\x8d\x91\xd7\x02\xa3\xd7\xad\x93\xdc\x84\x9cM\xc1\xf9`\
\x04\xf8\x02\x98\xd2\x5c\x18\xdf\x00\x97\x01u\x00\x99\x08\x19\
+\x01\xb5\xadh\x1a\x9f\xcaP\xac\x1a\x15b\xd9z\xa9\
\x84\xe5X\x09\x9b:\x823\x81>\x15_Uz\x1a\xc3\
\xfadm62\x96\x05\xfa?\x09\x92\xa7\x00\xccJ\x92\
q'PO\x9d\x9a\xa8\xff_\xe0\x1bP$\xbd\x96\xca\
@,\x1a\x1eb\x95nO\x95!\xec;\x03\xfc\x07\x14\
\xed\xc4\x10W\x84\x16M\xa4\xf4\x14\x10\xf7\xec\x90\xe8?\
\xea/\x05\xf6\x07aw=\x8a3\xd3\x0c$\xfc\x08\xa4\
\xb6\x93\xbaa\x1d[f\xc3|\x024$\xb1'\x04\xdc\
\xe2\x13\xe2\xed\xeec/i\xd1\x1a\x08\xea ,Z\x9a\
\xed\x08y\xdb\x82W\x80.H=\xe8+\x94\xeaV\x9c\
:\x10<\x0f c5\xf0,(\x83\x86\xa0$\xf6\xe9\
\xdd\xb3+\xb8\xa5\xde6\xa0\xc8\x0ecHP\xa7\xff8\
\xce\xd1\xef\xf8\x19k\xfb\xbdB\xca\x8c\x8ah\xe4.\xe0\
n\x98\xb5Z\xe9s\xf65\xee:\x0d\xa4r\x9c_)\
\x83\xf8\xe79\xde\x12(\xd7\xacu\x0fZ\xbcS\x06\xe9\
A\xe8t\xd0\x05\x1bN\x03\x99r\x9d\xf8\xe2hdM\
\x00\x9av-\x83~\x82\x92\x87\xd0k=\xb9D[\xb5\
('\xdd\xed\xdc\xace\x93\xcc\xd8\x02\x5c4\xe6H\x10\
\xa4\xa7\x02l\xb1\x87T\xd6\x03\xd5\x05`2\x88\x1a\xa3\
\xa9\xb7z\x04\xc4\xae\xbf\x8cU\x148\x89\xaco\x81u\
\xc1\xb1\xa0\x88\xb1\xb0.\xb6\xfe3b\xa7\x80\xea\xd4\x87\
\xc8z\x10\xcc\x01\xf5\xa0\xfbPj}\x17\xa4\xce\xf1\x05\
\x1a{|*gb\xd0n!F\xe9i2\xf6] \
O\x19|\xeb\x03\xf5\xaa\xa6\xf4)\x8c\xb9\xa7\xbb\x90\xa9\
\xa1Iw\xa0\xf6\xfc\x06(\xe8\xa6\x00S\x9a\x05\xe3\xeb\
\xe0\x12\xb0\x07\x08\xae\xe1\xf0\x9a\x9cj\x8b\xbc\xe5\xc0\x8b\
\xa0\xdet\x85m\x030x\x19\xf0YA\x86\xef\x1bg\
O\xe4\xaf\x0cc6\xa5\xe2\xc8\x90\xca\x9bq\x9b\x18\x15\
R\xdeVD\xdd\x1d9x\x00,\xdfV\xd8~G\x13\
\x0c\x0f\x01\xcd\x92M\x05\x9f\x81\xa1\xc8V\xde\xb3p\xc2\
F\x0d+\xd4\xcb\xaf\x0a\x94\xaf\xd6\xdb\x02\x1a:\xe9v\
?\x0dL\x07\x13\x05l*d\xa5\x146\xe8G\xa0\x87\
\x90\xef\x82z\x93\xf2\xf3\x07\xd3\xd6{l\x0c\xa1\x0d\xba\
\xce\x99\x9f}Btn\x89-\xcaC\xdb\x11\x06\xad\x00\
\xc2(\xf6\x97@\x85\xde\xe0\xcb\xb0\x8a\xb52\xf5\xac\x17\
\x82\xe0\xcc\x9c\x9d\x81\x0d\xceM\xfbW\x01\xea\xc9\xabD\
c1F?`c\x82_Y\x94\x22H\x1dK:\xc2\
\x9a\x0fB,:'J\x1a\xbc\xba\x18\x93B\xeaxE\
\xe3\xd8\xd9 \xaa~\xab\x94\xe3\x83o\x83\xe1 -i\
,\xfc6\xb8\x1e\xec\x09\xe6\x0f_\xd8jX\xb42\xd8\
\x15\x9c\x074\x04\x99\x0al\xe8b\x9b\xeb\x80\xe0-l\
\x84\x1b\xf2\xa6{0\xf3\x0cG\xc9\x1d!\x8a\x86y\xe7\
\x83[x\x87\x86\xf0{E\x1aW\xea\xb6\xdc\xd2\x84\x0f\
\x14\x5c\xb7zN\xb1\xdc\xea\x01W\x01k5\xb4\x80\xff\
20\x1d\x98\x90r\xd1\x91C\xc8\xe0\xc5\x13/0\x95\
m\xa2_<w\x05\xf5X\x1d#\xe0\x17!\x9a\xf4\x80\
\xd6\xee6O\x99\x1e~\xe4\xd8(\xb2r\xb6\x95\xa1\x0d\
\xc4\x8csN\x06q~\x8a\xf2\x9f\xca\x07\x00\xeb\xd4\x95\
\xdcC\xbdN\xc0\xf4!p\x0f\x1b\x97\x22\xf79\x90'\
\x9dh\xa3\xbf\x1d/\x96(\xe5\x13F\xfd\x82\xcc0\x8d\
\x0cc\xac\x95\x9d\x1c\xe4o\xc5c|\xa1\xc9\x85\xb8\xf1\
\x7f\x94\x0b\xd5\xa3m\x9e\xd5g\xc8P\x06cX\x94\x12\
_\xf9\xb36\xba\xa8\x17vg\xf6\x89\xb3\xde\xdd)I\
\x7f\xdc\x04\x84\xea\xea\xa9:\x8cv\xf0\x17b\x96\xc6\xad\
\x1b\xf9\xcb|\xfbZ\x127\xd8w\xdc\xca\xbb\xf7\xd2\xf8\
\xe5,\x1d\xa0Uz\x1b\xf0\x84\x9d9\xd9\x8f\x0c\xc9\xd2\
\xa4CR\x96d\x13\xae\xa9\xcd\xc4PT\x9cX6\xb5\
\x8d]\x930\xb1\x94\x14\xb8Q\x83\xe4\xde\x01\xa9Ws\
\x1cu\x0b;\x1f\x87}\x11\xe0o\xb9C\x02a\x17\x1a\
\xdd\xd3\xb2\xe1J\xcbm\x81\xff>\xb0\xac\x17\xc9\x8e\xac\
\xf79yF$\xc3\x82\x13\xca,\xd8\x04\xaeR\x99y\
\x91f#\x13\x037Q\x19\x0e\x7f\x13\x04IS\xb6\xf3\
\xc7\xb9l\xb5 dZ\x90\xa1v<\x93m\xbb\xf1p\
\xa2\xd2&c\xc0\x07\x9a\xc9\xb3]0\xa3\xcc\xc1\xb1E\
\xb8\x02\xb9\xdd@\x1ci\x0d\xc2\xf2\xa6\xba\xe1=3N\
\x98\xe59\xe5\x85\x13)\xa9\xc7\x95\x80\xdbC\xa4t\xa2\
\xccK:\xeb\xd7\x19\x15\x9c\xfa%&\xdd\x96B\xc47\
]\xd1&\xb4\xc8v]\xee\x13\xf4\x8e\xd7\x17\xe4\x09M\
\xf8\xc4\x91\xe2\xa2\xd0\xb7\xbac\x94\x87\xc5[;v\x93\
\xc0\xd5\xb8,\x8c\x8e\xae\x15\xaa\x81Q\x8d|\x06\xe7k\
&\xaa\x12\xc4/_w\x87\xe5Ag\xd0\xa5\x06-\x8c\
\xd6\x13\xb7\xa6/M\xfca\xd5\x16d*\xb5t\x130\
N1\xc1+\x9fe{\xb2F@\x0c%\xbdQ\xac\xe7\
\x12\xcd\xa4\x99\x92\xed\xb8=N\xeeSq'\xbds&\
\x17j\xb2\xc7\x1c\xd8\xee\xc4E\xd1\xedD\xd3\xa6Q\x17\
\xe5\x9f\x81:\xa5\x1fb\xa3\x82R\xb3;o\xa3\xfcS\
\xf0I\x0d\x1f\xb3\xf5\xa0\xb2)*\x87\xefF\x90~\xd6\
\x06!\x01\xea\xca\xf1\xd6\x81\xb2\xa4\xc3\x87\xf9\xc1\xbf\x9e\
\xc4\x94\xe1|\xd2uW\xd0\xdat8+e\xb0%X\
U\xd7\x22;q\x11\xb5\xc2\xebk\x10F\x13(|+\
\xecD\xadl\xab\xec\x16\xa4\x93\x80~\xe5K5>\xd7\
\x22\x19[\xd2\x18o\x0c\x18\x98N\xfb\xc2Z\xc8\xe8o\
\xab\x1c\xfeC\x16J\xc8\x7f\x0f\xf9\xba\xe3\xc4\x91V\xec\
y\xef\xb0%\x1a\x00\xef=q\xc2,\xce=\x97\xa8\xcc\
\x86\x01\xc5\x7f\xb4P\xeeg\xedl\xa3'+/\x8a5\
\x148\x07\xbc\xef7\x22\xe3\xfe3\xd4O=yB\xdd\
\xbb,\xf5\xeb\x81\xd6\xf8\xc1(\x8d\xcf\x90\xbf}\x82M\
\xea\x90\xa2\xee\xa2\xedT\xc2k\xb3\x0a0N\xf5\x01\xed\
\x84g)@\x93\xe6\xbf\xf5\x94kK6)\x95,&\
jfH\x8b{^\xb15\xd0\x90_Y\x94\xfe\xb6\x06\
Rgi`;\x1d\xfa\xa8\xad\x1e\x1b~\xecY\x11\xbc\
\x03\xe2\xe8\xe7\xa62\x11\xd2\x11\xe8\xc7\x96\x95f @\
\x0f\xfaF\x944\xd6\xf1\x84hl\x98\xe6\x15\xe7B{\
\x0e\x19Gc\x17\x07\xcaK\x8e\x00\xdfSY\x01\xa4,\
\xca\xed\xe8\xd9\xddRv7\xf8\x8d\xd6/\xfb\xe4\xbe\xe0\
\xdb7\xda\xc5.\xa5\xb7\xf4\xb0\x19\xdbKr^KU\
\x1f\x00\xeb\xc6\x08\xd6X\xff\xda\x98\xf3\xc1S\x1a\x0e\x1a\
\x07\x5c\xb0\xb2\xefXc[\xe3\x0cTT6\xc0'\x8f\
'/2\x034Z\x81\xf1\xc3EN$\x1fhQ\x8d\
\x82\xbe\x10\xc2&\xd9\x7f\x03\x18X\x88\x82E\x85\xea\xee\
\xa1E\xe8\x1b\xe1\x8f\xd1\x8b\x9e\x8a<\xd2\xd7xlI\
\x0f\x91\xb6t?\x15\xf4\x00\xf8)\xf6i\x9c\xa8)[\
m=\xdfo\xcc\xfe\xe1@\x93 It\x0d\xedSV\
\xc1\x94v6eL\xe0\xfb\x1fK\xbd\x09\xe2j\xa7q\
Hw`\xbb8\xe4P3\xe9\xf6\x5c\xd8\xa2UI\x0f\
\x80\xb2\xe9c\x14\x1a=\xb8\xc0\xf7\xc3\x14\xc6\x1dd\xeb\
\x0dt\xe8\x01zt\x0a]\xc1*\xea\x9c\xac\x08\x01\xff\
\x0a\x0aIq\xaca\xa8\xeej\xc6\xb4\xb8)'\xbf\x86\
\xf1\xf0\x8e5\xe5\xaf\xf1\xf5\xb5\xe4\xb7aWO\xbb\xb7\
M\x85\x9cx5\x91p\x84\xa1\xac\xa8\x89\x99\xb8\xea\xc6\
\xb7KO\x08\xd7F\xe9+=@>\xe2\x95\xa5\xd8\xbe\
J\x9d\x1f\xd8\xd4#\xd8t\xc7\xcb\xe3\x1a\x8f\xa6\x0dV\
\xcb\x02\x8c\x03\xb7\xd6 \x8d\x8fl\xc8\xca\x11\xa6\x82q\
X\x1fx\x8f\x02\xb1c\xba\x08y\x9a\x07?\x15l\x06\
\x94\x83V\xe6C\xe8\x0e\xb4x\xe81\x90D\x83\xb0\xc1\
$c\x92&p\x8dz\xf3\xa0\x81\x5c\xf8\x99\x94\xe9\x87\
<\x00h\xbe\xdf\x86\xae\x87\xb9/2\x92&&\x822\
O\xa0 \x95\xbd\x01Aw\x06\x8e\xf3=\xe4b)\xbb\
\x10\x95\xd3\xe5T;\xd2\xea\xfb%\xf2\xb4\x02y\xab\x82\
4K\x03\xef\xa7\x9e\xc6\x81\x89\x04_\x1f\xa0<n\x1c\
\x1d\x96$\x88\xca\x87\xc6\x09\x888\xf7\x8b$\xb9I\xe7\
\x91+\x1f\xfd\x14<\x02\xa2\x9e\xf8u{\xfe+\xd8\x16\
\xa4\xe9\x00\xf4`\x9cG\x16G9c\xabaBR\xfb\
C\xcf\xa3D\x0f(\xa6$\xe7\x98\xf4L\xa1\xba\xc2\x0a\
\x91w\x85\xa9\xf2\x1a\xdf4\xb6\x03\xc3d\xc5\x95QG\
i\xa3\xe1 \x8a\xa2\xa6\xc2\xdb\xc4Rq\xbf\xa8\xca1\
\xe56O\xf4m\xba\xa2v\xd0\xa3\x05>\x1b\x81\x9d\xc1\
>`/\xb05\xc8\xd4SR\x7f\x1b\xa0\xeb\x9b\x95\xfe\
\x11e{\xae\xe5X\xb9\xaf\xa5\xa5\xe7\xe6e\x00z\xd7\
\xb7\xd4\xad\x9ey\xe7\xb4\xfa\xa9\xabu\x0d/E\xe8T\
n7\xf6n\xc2\xf9\xa8\x85\xf8\x11\x22\xe7\x17\x8fLk\
o\x99\xf5\xb0\xf4\xb5\xb8FX\x9c\xdb\xad4\xbb1\xea\
u\x0b\xc3\x14<Fi\xb7\xa4\x06 \xe7\x02\x0b\xbd\xea\
\x0d4\x16\xceD\xc8\xd8\x0cD\xddn7\x88\x13N\xbd\
\x0dA\x1aZ7Nn\xbd\xcf\xd1\xa0-\x81\xa6\xc5\xb3\
\xd2K\xa5\xb6\x05k\x8f\xb1\xb4\xb8GV\x03\xd1\xa7\x89\
\x06\x9b7V\x0f\xce\xaa\xd3\xab\x8f\xde\xa8\xf5\xa6\xbd<\
\x9e\xb0-\xf5\xb4\xe2\xcc6\x85H\x95y\xbf\x0d\x93W\
\x85\xb2Z\x9bf\xc9\xc8\x1c\xe8\xc7\xa5\xb6\x09\x83\xb5&\
`\x8a\x85\xe1\x97e5\x10]6\xb7]\xe5Zs\xe9\
\xe5e7\xb2\xd6\x88hkb*\x88z\x8fE\xd4\x8d\
+~/\xab\xbf\x8a\xaa\x8f\xd1\xd7\xc4\x19nqn\x22\
\xbc\xb9]#\xe3\xf6\xa2\xf4h\x0b#g\xc3\x9bf\x16\
\xa9\xcd\x1e\xea\x9fc\xa8O=\xdc\xc6m\x15s\xdaA\
\xa6\xb2\x12AZ?I<\x15\x06\x04+\x19\x1e_\x94\
$\xbb\xec\xf3\xd8\xado8\xe4E\x89Y\x99B\xda\x87\
\xf5\xfa\xd2\xcdg\x16\xad0^\xb8\x11f0zL\xdf\
$\x8dZ?\x1c&\xd6\xb8\x0c\xfdJ\x91\xf9I+\xd0\
\x12\xf3\xe0\xf0\xd8>Pz:\xe4\xdb\xccC,\xe3\x06\
&0bKO\xa0\xe7\x95<\xe8C\x84,\x97\xa0\xb2\
\xb8\xd3(?\xc4\xa2\x15\x1aZ\xac\x94\xd6\x1a\xea>o\
\xa8+\xcb\xecQ\xa4y\xe8^=\xa0\xff\xe2Hf\xdf\
\x09\xea(\x1d\xf5^\xa0\xae\xe9\xa1\xa6q\xf3X\xc0\xe2\
\xb3\xc8~\x17\x1b\x94>S\xb0\xe5E\xfb\xd9[\x91c\
\x0dZ\xb1,\xd0x\xd2\x94~\x99V=\x0a\xc6\x1b*\
99\xad\x8e\xb8z\xe8Vj\xcc#\x0dG\x8cW\xa2\
\xc1\xbb\xbfW1\xc5\xf6\x0d\xea\x14\x9f\xa0\x8fh<\xba\
\xfb\x02\x9bk\x9c\xd4D\xad\xf5M3\xa3\x18aa\xca\
b\x8c\xd0\xaf\xd145\xa2\x7f\xba\xb1J\x1aU\xd43\
\xbdM\xed\x92F~R\x1d\xf4k!\x8b\x97p\xbf-\
\x89\xdf\x7f\x9ez\xca.h\x86(-\xe9\x0d\xe1\xdc\xc7\
\xed~\x1b\x83\xfb\xe8\xd3\x22\xa6\x81 \xaf\x0c\x02\xa2\xe6\
\xc7\x89\x96V\xd6\x9f0F\x0dT\xaf`J\xb7\xa4\xb1\
\x1a\xe1z\xc03\xa1-\xd3\xc87\xa9\x83\xf2'\x81\xec\
\xe8f\xc2\xef\xe7\xa1\xce/AV:\x11\x01\x85/\xce\
GG'`:4\xb3i\x93&sRM/\xfb}\
\x99\xdb>\xc6h\xc8`\xda\xa3\xa8w\xeem\xab\x9c:\
\xa6\xf9\xd0~\xb6\xb2M\xf9\xb1a;\xa0UX\xd6D\
=\xfd\xc0'\x83\xac\xa4\xdew_k\x03\x0c* W\
\xe3\xf1\xdf\x03\x9b\xf5(\xb0\x1b\x91\xee\x98\xf5\x1f\x22\x04\
\xfd\x80Q\xbf52\x7f\x01\xd3\xe8`\xfd\xa4c\xaaE\
\xcd^\x05\xd5f\xca^$\xd9\x91\xe5<\x86\x1e\x104\
6\xe5\xb1~\xc4\xe3\xc0\x85\xc0\xf6\x0d\x8bvM@\xc6\
z\xe0V\xa0\xb7\x9c\x8b\xa2\xf3\xda)\xaeB\x01\xad\xd5\
\x18\xf0U\x8bV\xff\xd5\xc6n\xe4\x9a\xa6\xde\xee\xb2\x91\
[6/\xedx\xc4\xc2G&\xac\xfaA?\x0d\xb4\xd4\
r/\xb0BR\x9b\xe0\xd1\x84\xca\xa1\xe0&\xa0a\x9e\
\xe90\x0c\xd6T\xf42\xb5\x12S\x87Iv\xfb\xcf\xe7\
:\xde\xc0\xb8\xed\x10>\x1c\x98\xac<\x9a\x03\xdf\x9e\xac\
\x015J_!\xfb\x1d\xf8M\xe6\xf0' Skk\
+I\xb4c\x0d\x0c\xd3\xab5k\x15d\xe0\x5c\xe4\xbe\
\x0f&\x02\xbd\xc7\xa5\xd7pt\x9d\x97\x05]\x80\xf4\xeb\
\x95\xaa\xb2\xe8+\x14i\xad\xef\xcbe)L\xa5\x87\x0b\
s\x010%=\xa5\xafi\xa2\x08\xbe\xc7\x0d\x85j\xac\
\x9d\xeb\xaf\xdb\xc4>\x1b\x1e\xec\xdb\x1d\x98\x0e}\x0c\x9b\
]Y\xb6\xd4)\xd08\x9f\x16q\x81/D\xa1\xe9\x9b\
\xaaZ\x16\xf8,.O\xbc\xbd\xc17&\xae!\xbes\
\xeaY~\xec;\xae\xdc.\xbd\xcfP\x8c:\x09\xa8w\
lf\x1aA\xe3\xfePD\x03s\x0f\x5c.\xca7\x18\
\xaa\x95Y\xb3\x0d\x0d\xee\x0a\xdf\xdd\x04o\xd2\x82\x8b\x17\
\x0d\xe5\x89\xedF\xe4\x15\x9e6\xb2\xb0\xa7\x1d+~\xba\
\x8e\xc2s\xdb\x9dh\x9e\x8294e \xed\xb4yc\
\xd8\xb8\xf5\xb9\x07\xae4c\xec86{\x19[\xb1\xd8\
b\xbb\xc2;8\x81\xff\xf1\x84\xf3\xfe\xd3\xfa\x11l\xee\
/\xa8\xe8\xfe\xa5\xd8e4u\x5cQ\xfb\xe3\xcc\xda\xbb\
\x16\x07q<\xd5;G\x8f\xa7\xf5\xb3\xbf\x066\xa4\x97\
\xf6B\x09!\xca\x83\xbei!l\x12\xbc\xd5\xcb\x1b\x06\
Z\x87\x8d\xf2\xd3\xe9\xc04O\x0dk\xe5\xe9,,,\
\xa4S\x0c\xb8\xaf\x98C\x8c_\x12\xfc\xdb\xd2\xcd7G\
Y\x83\x1c\xcd\x1c\xd9\xd01Q\xb2\xaaVN\xa3\x06\x00\
\xd3I\x1c\x1b\x1f\x94\xcd\xab\xf5\xc7\x95\x1e\xa6\x19]{\
5\x02\x8c\xb1\xf4\xde\xdf\xe1\xd7\x83\xdb\x22D\xd9Z@\
\x99\x08S\x9a\x0e\xe3\x86\x8b\x08\xa9\xf0\x01\xb6j\xe9\xa0\
\xcdkQ\xa6~(\x8bo\x1c\x8a\x92\x9eU*|\x05\
\x02\xa6\xd1\x18%\xbcm\xa7;\x95\xb4n\xf7\x15o\xca\
.\x0764\x02\xe6\xcc\xb3K\x81&\x15v\x88\xadz\
\xbb\xe42\xa0\x1f]#\x91\x96=\x16\x95\x9b.\xcc\xdf\
\x89\x82i\xd4\xf6`\x9a\xe5\x95\xd0\xc5\xd3\xea\xb3\xb6\x89\
\x12\xf6\xd7\x046\xbd.\xec\xf3\xae\x03m2\x12\x8d\xad\
\x00\x03\xf6v\x05\x0f\x83<Wg!\xae\x10\xd2\xaa\xbf\
\xad*\xe0\xb6bL\xa0q{\x02\xdb\xa0\x93\xa7\xcf\x00\
m\xb7 \xf6/V\xa1%\xfd\xaa\x98V\x15+\x956\
\xaa\x07\xfe\x1b\xd0\x8f\xb8\x8a\x0fp\xba\x9e{\x16\xeb\x85\
\x0aH\xa7\x91\xfdA\x1az\x97J\xf3\xd7\xa4\xb2]\x01\
\xd8\xce\xaf\xcb\xc1'T\xc0\x05\xa9L\xc0\xf6e\xc0\xc6\
`\x08H\xf3\xe3\xa7Z!T\x9fw\xc7Ry1c\
%\xdcw`J\x17j\x9at(\xe8\x02\xeeH!C\
\xc1\xaeUl\x0d5l\x08\xba\x1b\xfb\x97\x06\xddA/\
p$\xb8\x12hJ|*(\x93\x0eEYC\xfb2\
\xe8\xdb\xc4c\x1a\x9c\xb6\xe7\xd5\x85Q\x00\x8f\xd7N\x0a\
\xd2\xed\xf6/\xa0\xf29\xdeD'\x06\x18h\x93r\xdd\
\xca\xbc\x1c\x0f\x8a\xa6\x83P\xd0ZA\xeb\xf9\x9b\x86k\
\x19^\x11\x8b\x96M.\x9a\xf2\xcb\xeby\xb64\xcb\x96\
6\xf5\x01\xa3L\x1c\x90\x92G\x9d\xc6\x81\xcd\xe2\xaf\xd4\
\xed\xc0\x09}\x81\xde\x00\xae\x07)\xe1\xaf\xaf\xf2\xd4\xfd\
M\xda\xd4\x0e\xacU\xa4\x0dZ\x0c\xae;I\x91\xa45\
\xd1\xf5}C7\xab\xa3\xf2\xac\x8f3z\x80\x09Ez\
<A\xf6+\x9c\xdf\x1c4\xd4\xadO\xf6\x02\xa5\xcd\xfe\
\x04\x8a~`\xfb\x00\x1d\x1b\xe5y\xdd\x9bB\x16NY\
\x16\x8c\x04\xf5$\x05\xf0j\xa0\xd2\xf3\xec\xb2\x0f\xac\x01\
\x1e\x02e\x90\xd6\x88\xd4\xef\x03\x1eU\x8fp\x9c\xa3\x9c\
e\xd1\xb7\xbb\xa4\x0b\xfd\x0d\x0c\x9a\x05:\x0cT\xae\x07\
\xc6&=\xc9\xab\xf7+\xba\x87E\xc5|\xba\x87\xbf&\
o\xb4T=\xbc\x8a\xb5\x0f'\xe9\xdd\xb5\x01\xf3]V\
\xff?\x1a\xd3=\x0a~\x04\xda\xad\x9d(\xd6\x13\x0b\xa4\
\xa3W?\xe6#\xc0\x13\xe0sP&\x1d\x89\xb2\xb6\x89\
\x9f2\xdak\xaa\xa3r=\x8ag8\x0e\xd3g\xef\x1f\
\x04\x99>\x96\xe7\xc9\xcba\xfb52\xf4\x0f>F\x81\
\x11\xe0)\xf0\x0ekNsy\x8b\x81\xf6\xea\x87\xa11\
\xe4f\xa0gm\xbb.[e>\xca\x0e\x9e\x8f\xd1\xb9\
/m\xd3\xbbq\x95\xa4\xca\x06\xae\xbc\xc5\xc5\xd4\xb8\xea\
\xcf`\x00\xa8\xe2\xb8S\xc1<\xb6\x06\xbd\x9c8\x09\xe8\
\x05\xc5\x99`\x06\x08\x06\xb5n\xb9\xcb\xd7\xa0\x05D\xab\
\x01\xfd0\xf5\xde\xdd:\xa0\xec\x00E\xe5\x22\xa4\xb7\x15\
\xee\x03G\x10\xb4\xd3\x169S\xb1\x83J\x07\xae\xe7+\
\x02Xy\xc3\xab\x81^\xf3qT\x8c\x07>D\xeci\
\x04\xecm\xc5\x88\xcfWjC\x04\xae\x9aL\xf0\xea%\
\xc8!\xe0\x00P\x97\xf1&z\x9b\x91\xf4\x8e\xe0?\xc1\
\xe1U\xefe\xfd\xceo\x98\xc0\xf5\x8c&\x80{\xb1?\
\x1c4\xcc\x1a[\xcf\xf6\x0an5\xd4\xd9\x83\x80\xd5\x98\
\xbd\xa1\xa8\x8a\xe3\xc6X\x07\xe2d=0\xe8_P\xfd\
\x1c\xa8\xb7pd\xef\x01\xbd\x81}4\xe8\xdc\x88A\xab\
\xe66\x5c\xe0\xcah\x9c=\x0b\x5c\xcb\xee\xba \xe9\xed\
`Uq\xb4\xd0\x03\x1an\xf5\xc0\x7f\x83\xc1\xac\x85\xc5\
\x8d\xb5\xd7pC\x850\xf72|\xd8\x82\xf2\x13\xc1\x91\
a\xe7]\xd9|\x0f\xdc\xc4\xdf\xab\x09\xd6j\x7f\x0a\xc9\
\xf0b5E\xe0zm%\x80\x95\xfb=\x0b\xf4\x07M\
\xd56\xaf\x8d\x96[\xa5\xb7\x94%\xb8\x9c\x80\xb5\xf9\xa0\
\x8a\xa5\x9a\xf2\xd9\x9b\xf2\xe2\x12\xc0\xddp\xe5%@\x1f\
%I\xfd\x7f'\xca\xbf\x1c\xb9i\x9c\x82\xa4\x07\xc0\xd9\
\x04\xac\xd2\x5cMGM\x19\xb8\xdeU\x22\x805\x86?\
\x15\x1c\x07\xd6\x06\xcd\x9cF\xd3'\x8f\xde\x03\x1a\xfb_\
I\xc0\xba\x07W\x1c\xd1\xf0D\x10w\x06Z\xc03\x03\
T\xf1\xa5C\xcc\xb2&\xb5C/Q\xfe\x01hF\xce\
Q\xb3z\x80\x0b\xac\x97\x0e\xb5\xfe\xf7\x16P\xd6\x0a+\
T\xe5Jz\x0b\xe1\x1a\xa0\xa5\x8dM\xf7\x0a\x92I\xec\
5\xf5P!\xc9\x01\x5ct\xf5R=\xc0\xee@yM\
-r\xa9*\x0d\xc30=h=\x05\xdee(\xa0\xc9\
\x83\x96\xa5\x96\x0e\x5c\xffU'\x88\xe5\x0b-z\xd1\xea\
,\xfd\xe7\x9e\x1d@\x1f\xd0\xeek:\x94\x15IZ\x98\
\xf3\x16\xd0D\xcb\x13`\xa4@\xa0\xea\xcb\xde\x8ej\x1e\
p\x81\x1b\x13\x0a\xb5`\xd6C\xdd\xc6@\xbd\xf1\xfa@\
\x9f\x19\xea\x0e\xb4\xe0G3x6\xb7j\xad\x1a\xfb\x02\
L\xada2\xdb\x89\xe0}0\xa6\x86\xb7\x09\xd2/\xd9\
w\x14\xe3\x01\x17\xb81\xce19Ep\xeb\xbf>z\
\x08.K\xd4\xd4\xaa\x967\xaa\xb7\x9cJ@\xea\xd8\x91\
\xf3\x80\xf3\x80\xf3\x80\xf3\x80\xf3\x80\xf3\x80\xf3\x80\xf3\x80\
\xf3\x80\xf3\x80\xf3@;\x0f\xfc?}&z\x96\x11\x83\
\xf4Y\x00\x00\x00\x00IEND\xaeB`\x82\
\x00\x00\x1d&\
\x89\
PNG\x0d\x0a\x1a\x0a\x00\x00\x00\x0dIHDR\x00\
\x00\x00\xd0\x00\x00\x00\xd2\x08\x06\x00\x00\x00;lN\x7f\
\x00\x00\x00\x04gAMA\x00\x00\xb1\x8f\x0b\xfca\x05\
\x00\x00\x00 cHRM\x00\x00z&\x00\x00\x80\x84\
\x00\x00\xfa\x00\x00\x00\x80\xe8\x00\x00u0\x00\x00\xea`\
\x00\x00:\x98\x00\x00\x17p\x9c\xbaQ<\x00\x00\x00\x06\
bKGD\x00\xff\x00\xff\x00\xff\xa0\xbd\xa7\x93\x00\x00\
\x00\x09pHYs\x00\x00\x16%\x00\x00\x16%\x01I\
R$\xf0\x00\x00\x1c(IDATx\xda\xed\x9dy\
x\x5c\xc5\x99\xee\xdf\xf7tK\xb2-\x1b[\x82\xb0/\
\x09&C \xcb\x84a\x0c$N&\xdb\xcdp\xb5b\
\x98\x88d&\x84!\xe1\x82\x17luK\x16\xb6Y\xdd\
@\xc0\xbb\xbb%/\xd8\xdcL\x08a\xb8w\x06\xcd\x80\
\xb1\x16Oraro\x02db&\x84,l\x13\x93\
\x10\x96\x00\x01,\x03\x96\xac\xa5\xfb|\xf7\x8fn\x19\xd9\
\xaej\xe9H:]\xa7\xbb\xeb\xf7<<\xb2\xfa\xed\xfe\
\xceW\x85\xdeS\xa7\xcf\xa9\xaa\x0f\xb0X,\x16\x8b\xc5\
b\xb1X,\x16\x8b\xc5b\xb1X,\x16\x8b\xc5b\xb1\
X,\x16\x8b\xc5b\xb1X,\x16\x8b\xc5b\xb1X,\
\x16\x8b\xc5b\xb1X,\x16\x8b\xc5b\xb1X,\x16\x8b\
\xc5b\xb1X,\x05\x05M'`9\x12i\x88MG\
\xef\xbe\xaf\x00\xee\x5c\x08\x8f\x06\xb1\x17\xc0\x13(\x9b\xf6\
/|p\xd5\xdb\xa6\xf3\xb3\xbc\x8f5P\xc0\x90\xaa\xc8\
\xe5\x00\xe2\x80T*\xe4\xfdp\x9c\x9b\xd8\x95H\x98\xce\
\xd3\x92\xc61\x9d\x80\xe5}\xa4:\x1a\x03\xe4\x1e\x8dy\
\x00`:\x5c7.U\x8d\xcbL\xe7jIcG\xa0\
\x80 5\xd1K\xe0\xba\xff:\xf6O\xf0\xef\xb9\xab\xf5\
\xfb\xa6\xf3.v\xac\x81\x02\x804,\x9f\x89\xde\x03\xcf\
Ap\xbc\x87\x8f\xbd\x0b\x96\x9d\xc9\xeeu\xaf\x9b\xce\xbf\
\x98\xb1\x97pA\xa0\xaf\x7f\x9dG\xf3\x00\xc0Q\xc0\xe0\
\x06\xd3\xa9\x17;\xd6@\x86\x91\xda\xe8\xa7 \xb8R\xad\
r\x0f\x1c\xe7J\x00\xcf\xa8?,\x7f'\xb5\xd1\xcf\x9b\
nC1c\x0dd\x10i\xb8?\x84\x94\xbb\x05\x22\xaa\
\xff\x0f\x820\xbe\xc9\xae\xc4w\xe1\xe0\xab\x00\x93\xca \
)w\x8b\x5c\xbd\xbd\xc4t[\x8a\x15k \x93\xf4=\
\xde\x04\xe0\x1c\xa5F\xde\xc5\x8e\xd6G\x01\x80]m\xbf\
\x81\x83VM\x94\xb3\xf1\xf2\xd3M\xa6\x9bR\xacX\x03\
\x19Bj\x9bN\x82\xc8\xcdJ\x91|\x0be\xd3n8\
\xe4\xb5P\xd9-\x00\xfe\xa8\x8e\xc6\x9b\xe5\x92e'\x9b\
nS1b\x0dd\x0a\xd7m\x85\xc8\x0c\xa5F4\x1d\
>\xe3\x80;\xd7\xbe\x07\xb0Y\x1dL\xca\xd1?\x900\
\xdd\xa4b\xc4\xde\xc66\x80T7]\x04I\xedP\x8a\
\xe4\x8f\xd9\xdd\xfa9\xedg\xab\x22\x0f\x03\xf2%\xa5\x18\
\x0e]\xc8\x8e\xf8\x0fM\xb7\xaf\x98\xb0#P\x8e\x91\x86\
\xa6\xa9\x107\xa1\x91\x87P\x12^\x985@8\xbc\x18\
\xe4\xa0RK\xb9\x9b\xa5!Vj\xba\x8d\xc5\x845P\
\xae\xd9\x9f\xba\x15\x90\x0f\xaaE\xae\xe2C\x1b\x9e\xc9\xf6\
qvlx\x0e\x10\xf5\xf3\x1f\x91\x0f\xa3\xb7\xc7N\xf3\
\xc9!\xd6@9D.Zz6\x80\x88R$~\x8f\
\xe9\xce\xea1\x05\x0aU~\x1b\xe4K\x1a\xf5z\x99\x17\
\xfd\xa0\xe9\xb6\x16\x0b\xd6@9BD\x88\xa1\xa1m\x00\
\xd4\xcfl\xc4\xb9\x86\xed\xf1\x03c\x89\xc5\x8eX\x1f\x84\
j#\x8aL\xc5\x80\xdbf\xba\xbd\xc5\x825P\xae\xa8\
\x8d\x5c\x05\xc1g\xd5\x22\xff\x89\xbb\x12\xbb\xbc\x84\xe3\xae\
\xc4\x0e\x90\xba\xcf\xd4Iu\xa4\xd6t\x93\x8b\x01k\xa0\
\x1c \x17_w4\x5c\xdc\xa1\x14\xc9\xf7\x10rZ\xc6\
\x15\xb8\xb4t\x09\x80\x01\xcdQ\xdb\xa4\xa1i\xaa\xe9\xb6\
\x17:\xd6@\xb9`\xa07\x0e\xe0h\xa5F\xac`g\
\xfc\xd5\xf1\x84\xe5\x8eu/\x80\x9a\xefM\x82\x0f\xa1\xd7\
\xbd\xdet\xd3\x0b\x1dk \x9f\x91\x9a\xa6\xcfBp\x99\
Z\xe5\x93\x986w\xfb\x84\x0ep\xec\xac\xd5 \x7f\xa7\
>\xb8\x5c+\xf5Mg\x98\xee\x83B\xc6\x1a\xc8G\xe4\
\xea\xed%pS\xdb\xa0z`M\xba\x08c\x01\xdb/\
MM\xe4\x18\xfc^\xac\x1fd\xa3F.\xc3\x90\xbb\xd9\
t?\x142\xd6@~\xf2\xf2\xd3+\x00\x9c\xad\x16\xb9\
\x89\x1d\xadOL\xc6a\xd8\x95\xe8\x02\xb9C\xad\xca\x85\
R\x1d\xf9\x1b\xd3]Q\xa8X\x03\xf9\x84\xd4\xb5|\x08\
\xe4uJ\x91x\x1d\xe5e+'\xf7\x88\xe1(\x88>\
u2\x88\xcb7Z\xcaM\xf7I!b\x0d\xe4\x17\xc9\
\xa1\xcd\x10\xd1\xdc\x05\xe3b\xb6\xafyg2\x0f\xc7\xee\
\x0d\x7f\x00\x9co\xabU9\x05o'o\xf6\x16\xd12\
\x16\xac\x81|@\xaa\x22_\x05\xa4Z#\xff\x90\xdd\xad\
\x1e6\x0f\xf1@\xf9\xac\x0d\x00\x9fW'\xe56IM\
\xf4,\xd3}ShX\x03M2R\xbfl\x06\x08\xdd\
^\x05\xfd(\x09]\xe3\xd7\xb1\xd9\x1e\x1b\x84\xe3,\xd6\
\xc8%\x10w\x8b\xe9\xfe)4\xac\x81&\x9bd\xff*\
\x88\x9c\xa4\xd4\xe8\xdc\xca\x9d\xf1=~\x1e\x9e]\xf1\x87\
A\xdc\xaf\x14\x05_\x90\xea\xc8\xdf\x99\xee\xa2B\xc2\x1a\
h\x12\x91\xfa\xe6s\x00,P\xab|>}\x89\x95\x03\
\x9cP3\x80\xfd\xea$\xb1^\xea\x97\xcd\xf0\x16\xd0\xa2\
\xc3\x1ah\x92\x90X\xcc\xc1Pj;\x04!\xe5\x1b\x9c\
\xd0B\xb6\xc7\x06=\x86\x1d\x17\xe9\x99\x0d\x8ci2=\
\x01C\x03\xb7\x9a\xea\xa7B\xc3\x1ah\xb2\xd8\xdd\xb3\x18\
\x909J\x8d\xbc\x9b]\x1b\x7f\x94\xd3|\xce\xafh\x05\
\xf8\xb4F],\xf5\x91O\xe4\xb8\x87\x0a\x12k\xa0I\
@\xaa\xaf=\x1e\x02\xf5Y\x9d\xe8AY\xc9\x8a\x5c\xe7\
\xc4X,\x09b\x91&\xe30\x86\xb0ED\xec\x92\xfe\
\x09b\x0d4\x19\xc8\xc0&@f*5:-|p\
\xfd\x9fL\xa4\xc5\xee\xd6\x1f\x83\xb8W\x93\xf4gP\xd3\
\xf4\xf7&\xf2*$\xac\x81&\x88TG\xbe\x0c\xe0+\
j\x95?Eg\xfcn\xa3\x09\x86y-@\xf5C[\
\x9152/:\xcbh~y\x8e5\xd0\x04\x90+b\
S \xd8\xaaV\x99D\x09\x16\x90\x14\x939rg\xeb\
\x1b\x00n\xd4\xb4\xe0X\x0c\xc8\x1d\x9e\x02Z\x0e\xc1\x1a\
h\x22\xbc\xd9s\x13 \xea\xe5\x02\xc4z\xeel\xfd\x95\
\xe9\x14\x01\x00\xd3\xe7\xde\x09\xf2)M\x9e\xf3\xa5\xa6\xf1\
\x5c\xd3)\xe6+\xd6@\xe3D\xea#gB\xa0^I\
J\xbe\x84\xa3K\xbe\xed1\xa4o\xb0\xfd\xd2\x14\x1c.\
\x02p\xe4h(\xe2@\xb0\xd5\xdeP\x18\x1f\xd6@\xe3\
%\x89\xad\x10\xd1\xec\xc1\xe64\xf2\xde\xf5\xbd\xa6S\x1c\
\x09;\x13?\x05\xf9]\xa5(8\x0f\xb5\x91\xabL\xe7\
\x98\x8fX\x03\x8d\x03\xa9\x8e^\x01\x91/*E\xf2\x01\
v\xc7\x1f2\x9d\xa3\x92Px\x05\xc0\xbdJ\xcd\xe5*\
\xb9\xf8\xba\xa3=F,z\xac\x81<\x225+* \
\xb2F\xad\xb2\x17!\x04\xb6R\x02;6\xbc\x05G\xd4\
k\x94 \x95\x18\xe8[\xe3-\xa2\xc5\x1a\xc8+r`\
\x1d \xc7*5\x877\xb2\xa3\xf5%\x8f\x11s\xcb\x9c\
\xca\xef\x00T\xaf\x84\x15\xf9\x96\xd45_`:\xc5|\
\xc2\x1a\xc8\x03R\xd7|\x01D\xbe\xa5\x14\xc9_c\xce\
\xac\xc0\xef?\xc0X\xcc\x85#\x0bA\xba*\x19\xc9\xe4\
Vi\xb8?\xe49p\x91b\x0d4F$\x16\x0b#\
\x99\xda\x0euE\x0b\x81\xc3\xf9\x8c\xc5\x92^\xe3\x9a\x80\
]m?\x07\xb0M#\x9f\x83\xbe\xc7\x17y\x89W\xcc\
X\x03\x8d\x95'z\x96\x02\xa2\x99\x80\xc9m\xecL\xfc\
\xd4t\x8a\x9e\xe0\xd4\x1b\x01\xbc\xa9\xd4\x5c\xb9M\xea#\
\xc7\x99N1\x1f\xb0\x06\x1a\x03rQ\xf3)pq\x93\
F~\x13\xce\xd4\x1b<\x05\x0c\x00\xecZ\xdd\x03:\x9a\
J\x0e2\x13I\xac7\x9dc>`\x0d4\x16\x86\x92\
\x9b\x00Q\xefjCF\xd9\xb5\xba\xc7t\x8a\xe3\xa2+\
~\x0f\xc8\xc7\x94\x9a\xc8eR\x1d\xf9+\xd3)\x06\x1d\
k\xa0Q\x90\xda\xc6\x8b!\xb8H)\x12?bw\xeb\
\xff2\x9d\xe3x!)\x08c\x11\x08\xdd\xe6\x8e[$\
\x16\x0b\x9b\xce3\xc8X\x03eA\xbe\xd1R\x0e\x97\x09\
\xa5H\x0e\x22\xcc\x85\xde\x22\x06\x0f\xeel\xfd\x15\x84\x9b\
\xd4\x1d \x1f\xc3\xcfz\x22\x1eC\x16\x15\xd6@\xd9x\
{\xe86\x88\x9c\xaa\x16\xe5\x0e\xeel}\xde[\xc0\x80\
RY\xb1\x12\xe0kJ\x8dX)\xf5\xcbN4\x9db\
P\xb1\x06\xd2 \xd5M\x1f\x87`\x89F~\x01\xc7V\
\x16\xccS{\xde\x17{\x17\xe4RuG\xc8\x0c$\xfb\
\xe3\xa6s\x0c*v\x06\xae\x02\x11!j\x22\x8fB\xf0\
i\xe5\x1b|\xaa\x86-\xb5Mup%\xfb|\xb4\xae\
\xf8=~\xad1\x92\xea\xc6\x7f\x87\xe0\x0bJ\xd1\x09}\
\x99]\xf1\x87\xfd8n>c\xbf \xaa\xa8\x89\xcc\xd7\
\x9a\x07\xb8\xcf\xb7R\xf2n\xeaF\x08\xce\xd3\xea\xa4K\
\xf2{\xbe\xb5\x9b\xce5\x10\xf7\x97P\x95\xa1t\xdd\xcd\
\xd2\x10\xfbD\xaev\x16\xca\x17\xec%\xdcaH\xc3u\
\x1f\x004\xd5\xe4\xc0w0\xd5\xb9\xd6\xc7\xc3\x0fdU\
E\x86\xfcl;\xbb\x12\xcf\x82\x8e\xe6rM\xce\xc4\xfe\
\x9e\xf1U\xd2+`\xac\x81\x0e\xa7\xb7/\x01A\x85R\
\xa3\xac\xe0\x03\x89\xd7<F\x1c;\xc2\xecgw\xd2\xff\
\xb3\xff\xd1\xe1[\x01\xbc\xa2i\xff\x0dR\x179\xd5[\
\xc0\xc2\xc6\x1ah\x04R\x1b\xfd<D\xd4[\xdf\x92\xff\
\x89\xf3*\xef\xf29\x85\x81\x09\xea\x13\x86\xf7\xae\xef\x05\
\x19Uw\x10\xa6!\x85V\xbfs\xc8'\xac\x812H\
C\xac\x14\xae{\xa7R$R\x08q>c1\xd7c\
X\xaf\x187\x10\x00\xa4\xabG\xf0\x07JQd\x9e\xd4\
6V{\x0cY\xb0X\x03\x0d\xd3\xbb\xf7:\x08>\xa2\
Q[\xd9\x91x\xd2\xf7\x1c\x88Q.\xd1$w_\xe0\
C\xa2\xaf\x00\x9eB\x9b\x5c\x11\x9b\x92\xb3\x5c\x02\x8c5\
\x10\x00\x99w\xedl\x08t\xbb\x87\xfe\x11\xe1)\xb1\x1c\
\xa5\x12\x88\x11\x08\x00\xd8\xd9\xf6[8\xceZ\x8d<\x1b\
\x7f\xda\x97\xf3\xddV\x83\x885\x10\x00\x0c\x0cn\x01\xa0\
>\xa3\x86\xb0\x98;\xd7\xbe\x97\x93<\x18\x1c\x03\x01\x00\
\xa6q\x15\xc0\x17\x95\x9a\xb8\xcbe\xde\xb5\xb3s\x9aO\
\x00)z\x03\xa5\xeb\xe5\xc8\x85J\x91\xdc\xc5\xce\xb6\x07\
s\x98\xce(\xb7\xb1sp\x17nd\xf3\xdb\xe3\x07\x10\
rt\x15\xc0\xa7``\xb0-\x97\xf9\x04\x91\xa26\x90\
|=v\x14D\xb3\xee\x85<\x80P\x89o\xd5\xe4\xd4\
\x09\x8d\xfa\x1d'\xb7#\x10\x00v\xc6;\x00th\x12\
\xae\x96\xda\xc6\x8bs\x9dS\x90(j\x03ao\xcfj\
@NPj\xc4-\xecX\xff\xfb\x1cg\x14\xacK\xb8\
a\xc2\xa5\x11\x90\x07\x94\x9a\x8b\xb8\xd4\xc5\xa6\x19\xc9+\
\x00\x14\xad\x81\xa4\xba\xe9/A\xccW\x8a\xe4\xb38\xe9\
\xec\x8d\x06\xd2\xcan\x90Q\xef\xd2\xf9C\xe6D\xa2\x9e\
\x9d!8\x0d\xa9\xbd7z\x8bX8\x14\xa5\x81\xa4\xe1\
\xfe\x10\xc4\xdd\x0e\x11]\xfb\x17\xf0\xae\xf9\xbeN\x9bQ\
\xe3\x04\xee\x12\xee \xb3g\xaf\x03\xf9[\xb5\xc8\xa5R\
\x1f9\xd3Xn\x06)J\x03\xa1\xf7\xb1F@\xfeB\
\xa9\x91\xff\xc0\xee\xd6\x1f\x1b\xca,\x98\x97p\x00\xb8\xa9\
q\x00\xd4,\xef\x10)ER\x02\xbf\xa5\x97\x1f\x14\x9d\
\x81\xa4~\xd9\x89\x10\x89i\xe4\xb7\xd3\xdb\xdf\x1ac\x14\
\x83\xe4\xf0A\xaa\x02v\xb5\xfe\x00\xc0\xbf\xa8S\xc3\x7f\
\x93\xaa\xc8WM\xe6g\x82\xa23\x10\x92\x03\x9b\x00\x1c\
\xa5\xd4\xe8\xb4\xb0c\xc3[\xc6r\x0b\xe0]\xb8#(\
\x0d7\x03To\x9cOl\x90\x86\xd8t\xd3)\xe6\x92\
\xa22\x90T7\xfdw\x88\x5c\xa2V\xf9(\xba\xe2\xf7\
\x18N1\xb0\x97p\xc3\xf0\xa1\x8d/\x03\xa2\xae\x07+\
r\x12z\xf7\xdeb:\xc7\x5cR4\x06\x92\x86\xa6\xa9\
\x80\xbbE#\x0f!\xec\x18\xaf&\x87<0\x10\x00\xe0\
\x94\x8f\xc6A>\xab\xd4\x84\x8dR\xd3\xf81\xd3)\xe6\
\x8a\xa21\x10\xf6\xbb+!r\xba\xba\x17\xb8\x8e\x1d\xf1\
\xa7=F\x9c|B\xa3]\xc2\xe5v&\x826\x8b\xbb\
\xe6\x0f\x81!\xcdCf\x09C\xb8\xc5[\xc4\xfc\xa5(\
\x0c$5\xd1\xb3\x00iV\xab|\x11N\xc5\xed\xa6s\
\xcc0\xca\x08\xc3`\x8c@\x00\xd8\xb5\xf1G \xd5{\
\xe2\x89\xfc\x95TG\xbfa:\xc7\x5cP\x14\x06\xca\xac\
\xf3)Qj\x0e\x17\xb3#\xd6g:\xc5\x0c\xf9q\x09\
7\xcc\x14\xb6\x00xW-\xca:iX>\xd3t\x8a\
~S\xf0\x06\x92\x9a\xe8\xb7\x00|N)\x92\xed\xecJ\
t\x99\xce\xf1\xfddC\xd9/\xd1F\xbfK\x97S\xf8\
@\xe25\x107kr=\x0e}\xfd\x81\xa9\x13\xeb\x17\
\x05m ih\xaa\xd4W\x93\xc3~L)k\xf6\x14\
\xd0o\x82\xb6\x9ca,\x94\x7ff3@u5r\x91\
\x85R\xdf|\x8e\xe9\x14\xfd\xa4\xa0\x0d\x84^w=D\
\x8eQj\xe4\x0d|`\xed+\x1e#\xfa\xcc\xa8\xdfq\
\x02g \xb6_\x9a\x02t\x15\xc0\x11\xc2P\xb2\xa0+\
\x80\x17\xac\x81\xa4*:\x17\x22W(E\xf2)\x94\xcf\
\x0d\xde\x9d\x22\x8eb 'X\x97p\x07\xd3\xde\x95x\
\x0c\xa4\xee\x19\xda\x05\xa8i\xba\xd2t\x8e~Q\x90\x06\
\x92\xab\xb7\x97\x80\xb2\x0d\xaa\x9dWI\x17\x8e3?}\
\xe6\x0c\x18\xae\x1b\xfc\x99\x08:\xca\xa7-\x03\xa1)\xf3\
\x22\xab\xa4\xa1\xa9\xd2t\x8a~P\x90\x06\xc2+\xcf\xb6\
@D\xf30O\xeedg|\xb7\xe9\x14\x95\x8c\xf6\x1d\
h\xf4\xefH\xe6Ro_\xf5&\xe8\xa8\x0b\x8d\x89\x1c\
\x83\xfd\xa9U\xa6s\xf4\x83\x823\x90T/=\x0dp\
\xd5\xebS\xc87P\xea\x04w\xed\x0a\x9dQ\x96t\x8f\
\xba\xdc\xc1,sfm\x07\xf1su\xdb\xf8?\xa4\xb6\
\xe9<\x8f\x11\x03O\xc1\x19\x08Hn\x86@\xbdBR\
\x10\xe1\x8e\xc4>\xd3\x19j9j\xc6h3\x11\x02;\
\x02\x01\xc3\x15\xc0C\x8b\x94\x15\xc0E\x1c\xb8\xa9\xad\x12\
\x8b\x15\xd4\xdf\x5cA5Fj\xa3_\x81H\xadR$\
\x1e\xe6\xae\xd6\x7f6\x9dcV*+\xf3\xee.\xdc\xe1\
d.\x8f\xff\xa7R\x14\x9c\x8b'z\x16\x98\xceq2\
)\x18\x03ICl:R\xae\xae\x8e\xcd\x00\x1c\x04\xbf\
t\xfb\xd1{\xb3\xaf\x82\x95Qo2\x04\x83r\xe7z\
\x90\xeae!\x82\xdb3\x1b\xf8\x17\x04\x05c \xf4\xee\
\xfb6\x80\x935\xea\xed\xecl\xfb\xad\x97p&\xc8l\
\x1d\x9c\xc5D\xc1\xbe\x84;\x98e{|/\xc8\xe5J\
Qd\x16\xf6\x1fXg:\xc7\xc9\xa2 \x0c$\xd5\xd1\
O\x02\xeeb\xa5H\xfc\x17\xce8c\xad\xb7\x88F\xd1\
\x9b$\xc0w\xe1\x8e\xa03~7\xc0\x9f\xaaE\xf7r\
\xa9\x8a\xce5\x9d\xe2d\x90\xf7\x06J\x7f)\x95m\x10\
\x844-\x5c\xc4M\x8d\xf9\xf3\x87\x97\xf5{N~\x8c\
@@\xa6\x028\xa9\xab\x00N@\xb6J\xc3\xfd!\xcf\
\x81\x03F\xde\x1b\x08\xbb\xf7-\x84\xc8\xf9J\x8d\xb8\x97\
\x9dm\x8f\x98N\xd1\x1bY\xd6\xfc\x94\x95\xe4\xc7w\xa0\
\xe1\x96t'\x9e\x82`\xabZ\x95O\xa0\xef\xf1%\xde\
\x22\x06\x8f\xbc6\x90\xd4G\x8e\x03D=\xe3\x97\xdc\x87\
0\xfd\xac&\xe7\x17\xfaQ&\x14\xca\x9b\x11\xe8 \xd3\
\xa7\xde\x04\xf2\x0d\xa5\xe6\xba\xb7\xc8%\xd1\x13<F\x0c\
\x14ym \x0c!\x01\x91YJ\x8d\xb2\x9c;[\xdf\
\xf0\x160\x10\xe8MRZ\x96w\x06b\xfb\x9aw@\
\xe8JC\x1e\x85~\xd9`:\xc7\x89\x90\xb7\x06\x92\xda\
\xc6/\x01\xf25\xa5H\xfe\x0cs*\xbfc:\xc7q\
\x91m\xf7\xd1\x123;\x93N\xb8I]\xad\xff\x08R\
\xbd\xd7\x9e\xc8\xdfJM\xf3\x17<\x86\x0c\x0cyi \
Y\xd2V\x06\x97\xfajrN(\x17\xd5\xe4\xfcB?\
\xca\xdc\xbd2\xefF\xa0\x83\x84\x9cE\x00\x93JMR\
[\xe4\xea\xed%\x1e#\x06\x82\xbc4\x10\xf6\xbcp=\
D>\xac\xd4\x04qvn\xfc\xa5\xe9\x14'\x80\xce$\
C\x01\xd85h\xdc\xa47m\x91\x84R\x149\x0b\xaf\
>\x13\xac\xc5\x8dc$\xef\x0c$\xb5\x8d\x1f\x06d\xb9\
F~\x05\xd3+\xf3}_2\x8d\x81\x82\xb1#\xcf\x84\
\x98^y\x0b\xc8W\x95\x9a\x8b\x9b\xe4\xa2\xe6SL\xa7\
\xe8\x95\xbc3\x10R\xbc\x13@\x99Rch1\xdbc\
\xfbM\xa781\xb4\x8b\xe6\xf2\xf7\xf2-C\xfa\xff\x8d\
\xa3\x19i\xa4\x1cC\xa9\x84\xe9\x1c\xbd\x92W\x06\x92\x9a\
\xc8e\x80|I)\x92\x9d\xec\x8e?d:\xc7I`\
\xc0\xe3\xeby\x05\xbb\xe3\xf7\x83xX)\x8a\x5c\x225\
\x91\x0b=\x864J\xde\x18H\xe6Eg\xe9\xab\xc9\xa1\
\x0f\x08/\xf6\x182\xa8\xa8\x8d\xc2`.\xe7\x1e\x17a\
.\x065\x97\xa4.6\xcb\x92\xb62\x8f\x11\x8d\x917\
\x06\xc2\xa0\xac\x86\xc8qJ\x8d\xceJvo\xf8\x83\xe9\
\x14'\x07\x16\xec%\xdc\xc1\x16\xeel}\x1e\xd4\x9c\x0c\
!g`\xcf\x9ee\xa6s\x1c+ya \xa9\x8e\x9c\
\x0f\xe0*\xa5H\xfe\x06sf%L\xe78\x89\xe8n\
\x22\x14\x8c\x81\x00\x00N\xc5\xed \xd4'=\xf2:\xa9\
k\xf9\x90\xe9\x14\xc7\xd4\x0c\xd3\x09\x8cFf\xc2\xe16\
M59\x81p\x01c\xb1\xa4\xd7\xb8\x01Fc\x94\x02\
\xba\x84\x03\x90\xde\x0d6\x14Q7U\xa6\x225\x94\x17\
\x15\xc0\x03o \xec\x7f,\x0a\x91O\xaa\xb3\xe7w\xb8\
+\xf1\x98\xe9\x14'\x15A\xc1_\xc2\x0d\x93\xbe\xe9\xc3\
nu?H\xad\xd4D\xeaM\xe78\x1a\x816\x90\x5c\
\xb2\xecd@SM\x8e|\x0b\xd3\x1c\x93\xd5\xe4\xfc\xa2\
\xa0\xef\xc2\x1d\x81\xe3,\x01\xd0\xaf\xd4\x5c\xb4\xa6\xcb\xd2\
\x04\x97@\x1b\x08\xfd\x03\x9b\x00h*\x9e\xb1\x99\xed\xf1\
\xbd\xa6S\xf4\x81\xa22\x10\xbb\xe2\xbf\x03\xb1Z\xad\xca\
\x07\xb1?u\x83\xb7\x88\xb9%\xb0\x06\x92\xeaH-D\
\xe6i\xe4\xff\xc7\xee\xc4\xbd\xa6s\xf4\x05Gs\x17N\
\x0a`&\x82\x8ec+\xd7\x00xA\xa3\xb6\xa4g\x9f\
\x04\x93@\x1aH\xeab\xd3\x00M\xd5gr\x10\x8e\xb3\
\xd0t\x8e>\xa2y\x0eT\x98#\x10\x00\xf0{\xb1~\
\xc0\xd1-\xae+C\x0a\x81\xad\x00\x1eH\x03!\xd5\x13\
\x83\xe04\x8d\xba\x96]\x89g=\xc5\xcb/\x8a\xea\x12\
n\x18\xeeJ\xec\x02\xf8\xa0F\xfek\xa9\x8d~\xc5t\
\x8e*\x02g \xa9i\xfc\x18D\xa2J\x91\xfc\x1d\xca\
\x9d;L\xe7\xe8o\x07hnW\x07\xac6\x90/\x84\
\x11M\xcf*Q\x90r\xe3\xf2\x8d\x96r\xd3)\x1eN\
\xa0\x0c$\x22\xcc\xac\xf3\xd1\xac\x0dq\xaea{\xfc\x80\
\xe9<\xfd\x85\xc5\xf1 U\xd5\xc2\x8e\xd6\x97\x00\xde\xa6\
\x91O\xc6\xdbC+M\xe7x8\x812P\xba\x0c\x86\
|F\xa9\x91\xff\xcc\xee\xf8\xbf\x99N1\x07\x14\xe5%\
\xdcA\xca+6\x02|^\xa9\x89D\xe5\xa2\xa5g\x9b\
Nq$\x811\x90\xd4-=&K5\xb9w\x11\x0e\
X59\xbf\xd0\xdd,`\x01\xdf\x85\x1b\xd9\xcc\xf6\xd8\
 B\xa2\xa9\x00\x8e\x12\x0c&\x03U\xd7)0\x06B\
*\xb9\x01\x10M\x0d\x19\xde\xc0\x9dk\xffh:\xc5\x9c\
\xa0\xfb\xaeS\xc0w\xe1\x8ehjg\xdb# 5\xfb\
\x98\xcb\xe7\xa56\xfau\xd39\x0e\x13\x08\x03I]\xd3\
\xe7 r\xb9R$~\x8e\xf3+\xb6z\x0c\x99\xcf\x14\
\xf7%\xdc0\xe1\xb2f\x90\xef)5\xd7]/_\x8f\
\x1de:E \x00\x06\x92\xab\xb7\x97 \xe5j6\x08\
\xa1\x0b\x84\x16\xe4\xf1\x06!\xe3Am\x94b\xb8\x0b7\
\x82\xf4\x15\x07c\xea\xbe\xc0\xf1\xe8\xd9w\xab\xe9\x1c\x81\
\x00\x18\x08\xaf>\xbb\x0c\x22gi\xd4\xcd\xec\x8e\xff\xa7\
\xe9\x14sJ(T4\x93IG\xe5\xbcYm \x7f\
\xa3\x16\xdd\xc5R\xdb\xfc\xe7\xa6S4j \xa9i:\
\x1d\x22\x9a\xb9N|\x0d\x15\x157\x99\xcc\xcf\x08\xb4\x97\
p\xc30\x16K\x82\x8e\xba,\x8d \x04\xd7|\x05p\
\xb3#\x90\xb8\x9b!\xa2\x9em\xeb \xc2\xfbb\xef\x1a\
\xcd\xcf\x04\xdaJ\xdd\xc5u\x097\x0c\xbb\xe2?\x01\xf9\
}\xa5(\xf84j\x22W\x98\xcc\xcf\x98\x81\xa4\xba\xe9\
R\x88T\xa9U\xfe\x80]\xad\xed\xa6r3\x8a\xb6\x88\
V\xe1?H\xd5\x12\xc62\x80\xef(5\xc1\x1a\xa9Y\
Qa*5#\x06\x92\xfae3 )]5\xb9~\
\x94\x95^\xe3)`!\xa1\x1d\x81\x8a\xef\x12n\x98\xcc\
\x1e\xe7\xba\xe2\xd0\x1f\x80\x1c06\xbd\xcb\xcc\x084\xd4\
\x7f;\x80\x13\xd5\x22o\xe3\x8eu/x\x8aWH8\
e}\x00\x7fu\xc4\x7f!\xe7\xad\x89\x07\xcfc\xa6\xcf\
\xbd\x13\xc0/4\xea\xd5R\xdd\xf4\x97&\xd2\xca\xf9\x17\
0\xa9\x8b\xfe\x05R\xeeneA,\xe29\x94W\xfe\
9\xdbcEy\xbdo\xc9\x8e\xd45_\x80d\xf2q\
(\xffn\xf9\x04\xce\xaf\xb8 \xd7\x8f<r:\x02I\
,\xe6 %\xdb\xf5\xd5\xe4\x9c\x85\xd6<\x16\x1d\xec\xd8\
\xf8\x1f \xfeA\xad\xca\x1c\xec\xee\xb9\xca[\xc4\x89\x93\
\xdbK\xb8'\xf6]\x03\x11\xcdP\xeb\xdc\xc3\xce\xc4\xff\
\xcdu\x07X\xf2\x8c\xb2\xf2\x15\x00\xd5K\xf9\x05wH\
\xdd\xd2cr\x99N\xce\x0c$\x97DO\x80\xeb\xaa\xab\
\xc9\x81{1}j>V\x93\xb3\xe4\x18>\xb8\xeam\
\x00\x9a\xcdd\xa4\x12\xc9\xa15\x9e\x02N\x90\xdc\x8d@\
\xfdn\x02\x80z\xfe\x92\x83el_\xf5f.\x1bn\
\xc9c\xba\x13\xdf\x01\xb1[\xa3~Sj\xa3\x9f\xcaU\
*91\x90\xd4D.\x84\xe0R\xa5H<\x8e\xce\xc4\
ws\xd5`K\xfeCR\x10r\x16\xa6\xe7J\x1e)\
\xc3\xcd]\x05p\xdf\x0d$W\xc4\xa6\xc0\x15\xcd\x1a\x0e\
&\x81\xd0\x82|.\x1ce1\x03;\x12O\x02\xd8\xa6\
\x14E>\x89\xde\xc7r\xf2,\xd1\xff\x11\xe8\x8d\xbd7\
\x02\x98\xad\xee\x05ndw\xfc\xd7\xb9h\xa8\xa5\x00)\
\xe5\x0d\x00\xff\xa4\xd4\x04\xb7J\xf5\xb5\xc7\xfb\x9d\x82\xaf\
\x06\x92\xba\xa5\x1f\x015\xa5\xe6\x89?\xe0\xe8p \xa6\
\xa4[\xf2\x13\xeeH\xec\x83#\x9aJ\x0e2\x13\x18\x5c\
\xe7w\x0e\xfe\x8e@\xc9\xe4\x9d\x10)U\x1f9\xb4\x84\
\xf7\xae\xef\xf5\xbb\x81\x96\x02\xa7\xb3\xf5\xfb\x00\x1fUj\
\x22\x97I]\xd3\xe7\xfc<\xbco\x06\x92\xaa\xc8\xe5\x80\
|^\xad\xf2Av\xc6;\xfcl\x98\xa58 )\xe9\
%\x0f\x9a\x0a\xe0Iw\x8b\xc4ba\xbf\x8e\xef\x8b\x81\
\xd2\xb3cES@\x09\xfbQ\xaa)ka\xb1\x8c\x03\
v\xc7\x7f\x0db\x93Z\x95\x8f\xe2\x89}Q\xbf\x8e\xed\
\xcf\x08$}k\x01|@\xddZg%\x1f\xda\xf8\xb2\
_\x0d*\x14$\x16s\xa4\xae\xe5C\xf9T\xee\xd0(\
\xe1\xb2\x95\x00_Sj\xae\xbbRj\x9bN\xf2\xe3\xb0\
\x93n \xa9i\xfe4\x04W*E\xe2\x978oV\
^\x14N2\x85\xd47\x9f#\xd5\x91G\xf0\xb3\x9ew\
\x91\x1c\xfc\x1d\xf6\xecyO\xaa\x1a\x9f\x94\xaa\xe8<\xd3\
\xb9\x05\x19\xee\x5c\xfb\x1e\x1c\xd1m}6\x1d\xae\x1b\xf7\
\x14p\xac\xc7\x9d\xcc`\x12\x8b\x85\xb1\xbb\xe7I\x88|\
\x5c%#\x1c\xfe4;6\xfe\x87\x1f\x0d)\x04\xa4*\
\xb2\x18@\x1c\x10\xdd5\xfbw\xb9\xab\xedJ/1\x8b\
\x0d\xa9\x8e<\x02\x91/*E\xf2\xaf\xd9\xdd\xfa\x7f&\
\xf3x\x93;\x02\xed\xeei\xd2\x98\x07 \xb7[\xf3\xe8\
\x91\x9a\xc6s\x91\xdd<\x00\xf0-\xa9\x8a\xe4|\xc6q\
^A.\x060\xa4\x16e\xb34\xc4J=\xc5\x1b\x85\
I3\x90\xd4EN\x85@\xb3w1\xff\x04N\xbd~\
2\x13/8\x84kG1\xcf0\xebr5M%\x1f\
IW\xee\xe0F\xa5(\xf83\xec\xefi\x99\xcc\xe3M\
\xde\x08\x94\xc4&@\xd4\xbb\xe7\x87\xd8\xcc\xae\xd5=\x93\
\x99x!!\xb1\x98\x03\x91\xf3\xc6\xf8\xee\x99\xe8{\xf4\
\xac\xb1\xbd\xb7H9\xa6\xe46\x80\xea\x1bU\x94\x1b\xa4\
z\xe9i\x1e#j\x99\x14\x03\xa5\xbf\xe0\x8a\xba ,\
\xf9\xef\xecL\xdc\xe7C7\x15\x0eO\xf6\x1d\x0fm)\
K\x05D`+\xb6\x05\x01\xde\xbb\xbe\x17\x0e\xa3JQ\
0\x0d\x18j\x9d\xaccM\xd8@\xe9\x9a-\xa2\xbb\xb3\
6\x00\x84\x0a\xb9\x9a\xdc\xe4\xf0\xd0\x9a\xd7\xb4\xbb\xce\xa8\
`I!\x17\x18\x9b\x14\xd8\x95x\x00\x84\xba\x9a\x87\xe0\
\x22\xa9\x89\xd6L\xc6q&>\x02\xed\x1d\xba\x05\x90S\
\xd4\xadpV\xb3{\xe3\x7f\xf9\xd8O\x05A\xfai\xba\
v}\xcbaoF\x0f\xce\x9da\xfbt,\x84CK\
\xa0\xdf*\xb9M\xae\x88M\x99\xe8!&d \xa9\x8f\
|\x02.4\xb3\x0a\xb8\x07\xb3O_\xe5\x7f/\x15\x08\
\xe1\xd0rh\xef\x1e\x8d\x80NK\x91\xed\x15>n\xb8\
3\xbe\x07\xa0z\x85\xaa\xc8\xe9x\xa3\xe7\xba\x89\x1ec\
\xdc\x06\x12\x11b\x08\xdb\xb4w\x8e\x88E\xdc\xd4X\xb4\
{\x99y\x85;7\xfe\x02\x8e\xb3T;\xa7\x0b\x00\xc8\
\xef\xb1\xcb.>\xf4\xc4q\x15\xab@\xfc^-\xcar\
\x99w\xedlo\x01\x0fe\xfc#PM\xf4j@\xd4\
Kg\xc9\xff=\xd9\x0f\xac\x8a\x01v%6\x81\xce\xa7\
@\xfc\x04@\x7f\xfaE\xa4@\xfe\x06!\xa7\x81\xdd\xad\
\xdf4\x9dc\xbe\x91\xae\x00\xceF\x8d\x5c\x86\xc1\xc1M\
\x9e\x02\x1e\x1e\x7f<\x1f\x92\x8b[\x8e\xc5\xc0\xe0s\x10\
(\xb6T\xe5;`\xe9G\xd8\xbd\xee\xf5\x9c\xf7V\x01\
!\xb1X\x18O\xf6\xcc\x86T\xbc\xcc\x8eX\xdf\xc4#\
\x167R\x15yH{\xa78\x84K\xd8\xd9\xf6\xa0\xc7\
\x90\x00\xc6k\xa0\xea\xc8\xbd\x10\xb9L):\xce\x22v\
%\xee\xf4\x18\xd2b\xf1\x15\x99\x17\xfd \x06\xe5\x19e\
1\x03\xf2%\x84*\xce\x1a\xcf\x89\xca\xf3%\x9cTE\
\xbf\xa85\x0f\xb1\x1bsfm7\xddY\x16\xcb\xe1p\
G\xe2E\x90\xb7+E\x91S\x91\xea\x19W)\x1dO\
\x06J\xcf#\x12u\xb9E\x22\x85p\xb8\xd8\xaa\xc9Y\
\xf2\x89i\xb3\xd6\x81P?\x02\x10Y*uK?\xe2\
5\xa4\xb7\x11\xa8\xafg\x05 g\xaa\x13\xe0&\xee\xdc\
\xf8\x0bO\xf1,\x96\x1c\x92\xae\x00\x1eZ\xa2\x91K\x90\
Ln\xf6\x1as\xcc\x06\x92\xfa\xa63\xe0\x8a\xfa\xbe9\
\xf9*J\xcan6\xddA\x16\xcbh\xb0#\xfeC\x90\
\x9a\xdaS\xf2%\xa9i\xfc\x9a\x97xc\x1f\x81\x92\xee\
V\x00\xea'\xb7d#w\xae}o\xcc\xb1,\x16\x93\
L)k\x06\xb0_\xa9\xb9\xd8 \xf5\xcbf\x8c5\xd4\
\x98\x0c$5\x8d_\x83\xc8\x97\x95\x22\xd9\xc5\xae\xc4\x03\
\xa6\xfb\xc4b\x19+|`\xed+ u[\xaa\x9d\x88\
\xe4\xc0-c\x8d5\xaa\x81\xa4a\xf9L\x08\xd4\xcba\
\x89>\x94r\xb1\xe9\x0e\xb1X<s\xf2\xd9\x09\x00\xcf\
(5\xc1\x12\xa9n\xfa\xf8X\xc2\x8c>\x02\xf5\xf6\xdf\
\x01\x81f\x87G\xde\xc6\x1d\x89\x17M\xf7\x85\xc5\xe2\x15\
\xde5\x7f\x08!G\xb3\xfd\xaf\x84\x81\xd4\x96\xb1\xc4\xc9\
j \xa9\x8b\xcc\x01\xb0@\x93\xc2\xd38\xf9\xec\x0d\xa6\
;\xc2b\x19/\x99zT\xea\xb5j\x82\xcf\xa6\xf76\
\xccN\xf6\x11(\x89V\x88\xa8\xde#p\x9c\x85\xbck\
\xfe\xe8\xb3\x87-\x96 \xc3\xb2\x16\x00\xefj\xd4u2\
/:+\xdb\xc7\xb5\x06\x92\xaa\xe8\x5c\xeddQ\xe0n\
v\xc5\x7fb\xba\xed\x16\xcbDa\xf7\xba\xd7Ajf\
!\xc8\xb1\x18p\x97d\xfb\xbc\x93E\xb9P\xa3\xbc\x8d\
)\xe5\xcb`\xb1\x14\x0a\xe5s\xb7\x80\xf8\xa5Z\xe4\xc2\
l\x9b\xb8\xe8\x0d$\xa2\xd9x\x81\x1b3e\xf6,\x96\
\x82\x80\xed\x97\xa6\xc0\xf0\x22\x00\x8a:Ur\x02\x86\x1e\
?E\xf7\xd9l\xdb(\xa5\xd4/\xcb9R\xd3t:\
Bn/B%\x82p\x89\xa0\x7fP\x10.\x15\x84\xfb\
\x05}e\x82\x92~AI\x99\xa0t\xaa\xe0\xbd>A\
\xd94\xc1\x94\xfd\x82}\xd3\x05S\xde\x11\x94\xcf\x14\xcc\
\xa8\x14\xbc\xbeWPq\x82\xe0\xc4\xd7\x04O\x9f-\xf8\
\xe83\x82\x95+\xc5\x16\xdc\xb2\xe4\x1avm|\x5c\xaa\
\x1a\x9f\x02p\xce\x11\xe2\xa0\x9c\x0a\xe0E\xe5\xe7t\x01\
\xa5&\xda\x02\xd7\xf5\xbd\xbe\xca\xf8Z\x8b\x14\x04C \
\x05\x10\x81d~\x92\x02\x11\x01( &\xae1\xf3\xda\
\x985\x08\x04\x0am\xf8w\xbf\xb4\xe1c\x8f\xa2\x91\x04\
$\xa5\xd1\xd2m\x03G\xb4\xef0\x8d\x14\xb8\xc3\xbfc\
D\x8c\xc3\xb5L\x9ec\xd5\x00@\xe0\x1e\xfa>\xf7\xd0\
\xcf\x1d\xa2e>\xaf\xd5(\x107\xd3\x17#c\x0c\xb7\
\xcf}\xbf\x9f\x5c\x0e\x1f\xef$\x08oT\xae\xb0\xa6s\
\x0e\xbb\x13O\xa9\xfe\x14\xf5#PI\xc9\x83\x18\x18X\
\x8bq\xae\x19\xf2\x15A\x08@\x08\x22\x07_H\xff\x18\
\xf1\xbb`\xe2\x9a\x8cx\xcf\x985h4\xf1Y\xc3\xe8\
\xda\x11\xfd\xa5\xd3D\xad\x1d\xfe\xf3\x90\x94Fj\xe2]\
\xcbv\x1c\x11\xc5k\xc8\xa2\x8d\xec\xa7\x9114}x\
x\xbf\x1c\x02{q\xec\xac\xe7\xa0A\xfb\x1d\x88;\xd6\
\xbd\x00\xf2\x1eX,E\x8d\xdc\x97^\x16\xae&\xfbs\
\xa0P\xc55\x00~h\xba\x09\x16\x8b\x19\xf82\xa6O\
\xcdz\xc79\xab\x81\xd8\x11\xeb\xc3\xf4\xca:\x80\xffd\
\xba)\x16K\x8ey\x17!^\xce\xf65Y7\xbc\x1c\
\xf3\xf7\x1b\xa9i<\x17.\xaf\x04\xf1Q@N\x038\
\x05\x02\x02B\x90\x84\x08\x01\x12\xcc\xfc\xcc\xaa\x09\x01d\
\xd7,\x16c\xf0\x07(\x0d]5\x96Bpy\xf9\x87\
*\x0d\xf7\x87P\xfeL\x09z\xdf!\xfag\x12\xb3\xf6\
\x13\xfd\xd3\x89\x81>b\xc64b\xf0\x0014@\x0c\
M!\xa6\x0d\x10\xc9)Dr\x90\x98RJ$\x87\x88\
\xd4\x10Q6\xcdE\xea@\x18\xc9R\xc2\x1d\x22JK\
\x88T\x92pSD*L\x94f~\xba)\xa2$L\
\xb8\x19\xcd\x0d\x13\xe1\x14!\x19-\x1c\x22\x5c7\xfdo\
\x09\x11a\x97p3\xaf\x85\x1dB\xdc\xf4\xbf%D\x84\
\x5cB\x9c\xf4\xef\xa1PZ\x1b\xfe=,\x84\x9by\x7f\
\xc8I\x9fH\x0e\xbe7\xf3\xf9a\xcd\xcd|N\xe4\xfd\
\x98\x22\x84\xe3\xbc\x1f\xf3\x08\x8d\xef\xc7\x14\x97p2\xff\
\xc6H-\xf3\xf3\xa0\xe6\x12\xcc\xbc\xe7\x10\x8d\x99\x93\xe3\
\xe1\xda\xf0\x090\xa3\xc9\x88\x93\xe2\xc1c\x0c\xff\x1b#\
O\x98\x00\xe1\x1c\x1a\xc3\xd1|n\xc4\x09\x9a\x99<<\
kH\x9f\xa4\x0f\xd5\x06!x\x15\xc4#\xecn\xfd\x99\
\xe9\xbfq\x8b\xc5b\xb1X,\x16\x8b\xc5b\xb1X,\
\x16\x8b\xc5b\xb1X,\x16\x8b\xc5b\xb1X,\x16\x8b\
\xc5b\xb1X,\x16\x8b\xc5b\xb1X,\x16\x8b\xc5b\
\xb1X,\x16\x8b\xc5b\xb1X,\x16\x8b\xc5b\xb1X\
,\x16\x8b\xc5b\xb1X,\x16\x8b\xc5\x12d\xfe?8\
z\xb8\xfc8}\xdc\x22\x00\x00\x00%tEXtd\
ate:create\x002018-\
05-11T14:51:12-0\
4:00\x15S\x87\xc6\x00\x00\x00%tEXt\
date:modify\x002018\
-05-11T14:51:12-\
04:00d\x0e?z\x00\x00\x00\x00IEN\
D\xaeB`\x82\
"

qt_resource_name = b"\
\x00\x09\
\x0alxC\
\x00r\
\x00e\x00s\x00o\x00u\x00r\x00c\x00e\x00s\
\x00\x13\
\x0f\x96\xf9\x87\
\x00s\
\x00t\x00a\x00t\x00u\x00s\x00_\x00v\x00a\x00l\x00i\x00d\x00a\x00t\x00e\x00.\x00p\
\x00n\x00g\
\x00\x0c\
\x08}\x9f\x07\
\x00i\
\x00c\x00o\x00n\x00_\x002\x005\x006\x00.\x00p\x00n\x00g\
\x00\x08\
\x00(Z\xe7\
\x00f\
\x00i\x00l\x00e\x00.\x00p\x00n\x00g\
\x00\x09\
\x08\x9b\xa0G\
\x00t\
\x00r\x00a\x00s\x00h\x00.\x00p\x00n\x00g\
\x00\x0f\
\x04\x8e1\xc7\
\x00d\
\x00r\x00a\x00g\x00_\x00h\x00a\x00n\x00d\x00l\x00e\x00.\x00p\x00n\x00g\
\x00\x10\
\x0d\x8c\xe9\x07\
\x00b\
\x00r\x00o\x00w\x00s\x00e\x00_\x00w\x00h\x00i\x00t\x00e\x00.\x00p\x00n\x00g\
\x00\x08\
\x08\x9eX\x07\
\x00t\
\x00a\x00s\x00k\x00.\x00p\x00n\x00g\
\x00\x08\
\x08\xf4Y'\
\x00m\
\x00a\x00y\x00a\x00.\x00p\x00n\x00g\
\x00\x0a\
\x0c\x91g'\
\x00c\
\x00a\x00m\x00e\x00r\x00a\x00.\x00p\x00n\x00g\
\x00\x0f\
\x04\x0f\x91\x87\
\x00s\
\x00t\x00a\x00t\x00u\x00s\x00_\x00l\x00o\x00a\x00d\x00.\x00p\x00n\x00g\
\x00\x13\
\x0d\xbe\xb1\x87\
\x00o\
\x00v\x00e\x00r\x00l\x00a\x00y\x00_\x00l\x00o\x00a\x00d\x00i\x00n\x00g\x00.\x00p\
\x00n\x00g\
\x00\x0a\
\x0e\x9de\x87\
\x00b\
\x00r\x00o\x00w\x00s\x00e\x00.\x00p\x00n\x00g\
\x00\x0a\
\x08\x94`G\
\x00s\
\x00e\x00a\x00r\x00c\x00h\x00.\x00p\x00n\x00g\
\x00\x10\
\x0e\xe9DG\
\x00s\
\x00t\x00a\x00t\x00u\x00s\x00_\x00e\x00r\x00r\x00o\x00r\x00.\x00p\x00n\x00g\
\x00\x12\
\x05\xa4\xb6\xa7\
\x00i\
\x00m\x00a\x00g\x00e\x00_\x00s\x00e\x00q\x00u\x00e\x00n\x00c\x00e\x00.\x00p\x00n\
\x00g\
\x00\x0c\
\x0a\xeb\xe0G\
\x00c\
\x00o\x00n\x00t\x00r\x00a\x00c\x00t\x00.\x00p\x00n\x00g\
\x00\x14\
\x090\xc4G\
\x00p\
\x00u\x00b\x00l\x00i\x00s\x00h\x00_\x00c\x00o\x00m\x00p\x00l\x00e\x00t\x00e\x00.\
\x00p\x00n\x00g\
\x00\x0a\
\x06*E\xe7\
\x00a\
\x00r\x00n\x00o\x00l\x00d\x00.\x00p\x00n\x00g\
\x00\x08\
\x0c3Z\x87\
\x00h\
\x00e\x00l\x00p\x00.\x00p\x00n\x00g\
\x00\x07\
\x0c\x9bW\x87\
\x00f\
\x00b\x00x\x00.\x00p\x00n\x00g\
\x00\x0c\
\x0b\xdf!G\
\x00s\
\x00e\x00t\x00t\x00i\x00n\x00g\x00s\x00.\x00p\x00n\x00g\
\x00\x0a\
\x08J\xc9\x87\
\x00e\
\x00x\x00p\x00a\x00n\x00d\x00.\x00p\x00n\x00g\
\x00\x0b\
\x0cj,G\
\x00r\
\x00e\x00f\x00r\x00e\x00s\x00h\x00.\x00p\x00n\x00g\
\x00\x12\
\x0c\xfe\x0a'\
\x00s\
\x00t\x00a\x00t\x00u\x00s\x00_\x00p\x00u\x00b\x00l\x00i\x00s\x00h\x00.\x00p\x00n\
\x00g\
\x00\x08\
\x0a\x85X\x07\
\x00s\
\x00t\x00a\x00r\x00.\x00p\x00n\x00g\
\x00\x0f\
\x02\x9f\x05\x87\
\x00r\
\x00i\x00g\x00h\x00t\x00_\x00a\x00r\x00r\x00o\x00w\x00.\x00p\x00n\x00g\
\x00\x0e\
\x04\xa2\xfc\xa7\
\x00d\
\x00o\x00w\x00n\x00_\x00a\x00r\x00r\x00o\x00w\x00.\x00p\x00n\x00g\
\x00\x08\
\x0a\xc0YG\
\x00i\
\x00t\x00e\x00m\x00.\x00p\x00n\x00g\
\x00\x09\
\x06\xa6\x82g\
\x00c\
\x00r\x00o\x00s\x00s\x00.\x00p\x00n\x00g\
\x00\x12\
\x00\xdd\x0bg\
\x00s\
\x00t\x00a\x00t\x00u\x00s\x00_\x00s\x00u\x00c\x00c\x00e\x00s\x00s\x00.\x00p\x00n\
\x00g\
\x00\x0f\
\x09\x86\x85g\
\x00b\
\x00r\x00o\x00w\x00s\x00e\x00_\x00m\x00e\x00n\x00u\x00.\x00p\x00n\x00g\
\x00\x12\
\x04;j\xc7\
\x00s\
\x00t\x00a\x00t\x00u\x00s\x00_\x00w\x00a\x00r\x00n\x00i\x00n\x00g\x00.\x00p\x00n\
\x00g\
\x00\x0b\
\x08&\x0f'\
\x00a\
\x00l\x00e\x00m\x00b\x00i\x00c\x00.\x00p\x00n\x00g\
\x00\x12\
\x0c\x12\x93G\
\x00p\
\x00u\x00b\x00l\x00i\x00s\x00h\x00_\x00f\x00a\x00i\x00l\x00e\x00d\x00.\x00p\x00n\
\x00g\
"

qt_resource_struct = b"\
\x00\x00\x00\x00\x00\x02\x00\x00\x00\x01\x00\x00\x00\x01\
\x00\x00\x00\x00\x00\x02\x00\x00\x00\x22\x00\x00\x00\x02\
\x00\x00\x00b\x00\x00\x00\x00\x00\x01\x00\x00(\x81\
\x00\x00\x03\x8c\x00\x00\x00\x00\x00\x01\x00\x01\xca\xec\
\x00\x00\x03\x18\x00\x00\x00\x00\x00\x01\x00\x01\xb5\xbf\
\x00\x00\x01 \x00\x00\x00\x00\x00\x01\x00\x00\xf0\xe1\
\x00\x00\x03\xda\x00\x00\x00\x00\x00\x01\x00\x01\xd7\xd5\
\x00\x00\x00\x90\x00\x00\x00\x00\x00\x01\x00\x005f\
\x00\x00\x03<\x00\x00\x00\x00\x00\x01\x00\x01\xb9\xdc\
\x00\x00\x01\xca\x00\x00\x00\x00\x00\x01\x00\x01)e\
\x00\x00\x02@\x00\x00\x00\x00\x00\x01\x00\x01V\xc7\
\x00\x00\x03t\x00\x00\x00\x00\x00\x01\x00\x01\xc7\xbe\
\x00\x00\x04\x04\x00\x00\x00\x00\x00\x01\x00\x01\xdf%\
\x00\x00\x02\xa2\x00\x00\x00\x00\x00\x01\x00\x01\x9b\xcf\
\x00\x00\x00D\x00\x00\x00\x00\x00\x01\x00\x00\x04h\
\x00\x00\x01\x8a\x00\x00\x00\x00\x00\x01\x00\x01\x06\x1a\
\x00\x00\x00x\x00\x00\x00\x00\x00\x01\x00\x001\x80\
\x00\x00\x00\xda\x00\x00\x00\x00\x00\x01\x00\x00:\x05\
\x00\x00\x00\xf0\x00\x00\x00\x00\x00\x01\x00\x00@\x8c\
\x00\x00\x02\x12\x00\x00\x00\x00\x00\x01\x00\x01Bp\
\x00\x00\x03\xb6\x00\x00\x00\x00\x00\x01\x00\x01\xd2\xa4\
\x00\x00\x03\x02\x00\x00\x00\x00\x00\x01\x00\x01\xb0?\
\x00\x00\x03^\x00\x00\x00\x00\x00\x01\x00\x01\xbe\x08\
\x00\x00\x01\xf4\x00\x00\x00\x00\x00\x01\x00\x01=M\
\x00\x00\x02\x84\x00\x00\x00\x00\x00\x01\x00\x01\x96^\
\x00\x00\x04 \x00\x00\x00\x00\x00\x01\x00\x02\x02h\
\x00\x00\x02Z\x00\x00\x00\x00\x00\x01\x00\x01\x81\x96\
\x00\x00\x02\xbc\x00\x00\x00\x00\x00\x01\x00\x01\xa0\xb2\
\x00\x00\x01\x06\x00\x00\x00\x00\x00\x01\x00\x00\xdcc\
\x00\x00\x02p\x00\x00\x00\x00\x00\x01\x00\x01\x8aq\
\x00\x00\x02\xd8\x00\x00\x00\x00\x00\x01\x00\x01\xa9\xc4\
\x00\x00\x00\xb4\x00\x00\x00\x00\x00\x01\x00\x006\xa3\
\x00\x00\x01D\x00\x00\x00\x00\x00\x01\x00\x00\xf6\x04\
\x00\x00\x01p\x00\x00\x00\x00\x00\x01\x00\x01\x01L\
\x00\x00\x01\xa4\x00\x00\x00\x00\x00\x01\x00\x01\x0c;\
\x00\x00\x00\x18\x00\x00\x00\x00\x00\x01\x00\x00\x00\x00\
"

def qInitResources():
    QtCore.qRegisterResourceData(0x01, qt_resource_struct, qt_resource_name, qt_resource_data)

def qCleanupResources():
    QtCore.qUnregisterResourceData(0x01, qt_resource_struct, qt_resource_name, qt_resource_data)

qInitResources()
